Archivo_Mesa,Ubicacion_Consulado,Cadena_Codigo_QR,Texto_Flujo_Contents,Capas_XObject
E14_PRE_01_220_000_00_00_001_2088.pdf,00,ux3QZ9E2QuqvL6dkGX43uCpMqoo6AImyuOL5CY3qDRk=,SIN_TEXTO_INTERNO,2
E14_PRE_01_220_000_00_00_002_2088.pdf,00,K0rujer49yfQnFSyYsL2NQqp20hj7GG7HEwhJ5u/z6Y=,SIN_TEXTO_INTERNO,2
E14_PRE_01_220_000_00_00_003_2088.pdf,00,2PC+jxQ9diATzwmhEQ6JahQ/1ocOjzHgRV9XFSASiHU=,SIN_TEXTO_INTERNO,2
E14_PRE_01_220_000_00_00_004_2088.pdf,00,d5X1mvgub4pP79Fv0c7gd+jwu51nF244Oc6pNlTyKw0=,SIN_TEXTO_INTERNO,2
E14_PRE_01_220_000_00_00_005_2088.pdf,00,wGo8lXljOA9JSu0anQfDljCQTE/+9kDEw69NzKr/QcU=,SIN_TEXTO_INTERNO,2
E14_PRE_01_220_000_00_00_006_2088.pdf,00,HtuW6LpNDbRv8/nAPsuQHFm5/rCUhbvlq3J2QMLUQR0=,SIN_TEXTO_INTERNO,2
E14_PRE_01_220_000_00_00_007_2088.pdf,00,xoNQQfnQD8qTzK7+wvVi3NNqzyLyAoV0Q1oMM7Hi1WM=,SIN_TEXTO_INTERNO,2
E14_PRE_01_220_000_00_00_008_2088.pdf,00,91k+S5U+SXVjvKRjb90kq2IBntFKXoDiSgRFlaiXG5E=,SIN_TEXTO_INTERNO,2
E14_PRE_01_220_000_00_00_009_2088.pdf,00,WEd3Rr5/O6XgQZyrS+2TQGTbz8XbtTNIbzKkQBsufPw=,SIN_TEXTO_INTERNO,2
E14_PRE_01_220_000_00_00_010_2088.pdf,00,ChGfk0F3QT7yhr7n0Zoid3TC85ZZostBGmRrAkWE11U=,SIN_TEXTO_INTERNO,2
E14_PRE_01_220_000_00_00_011_2088.pdf,00,pgB3NL5Tf/Fz/Yk2xGWmGnQYmacLffS9EXKKGpnz86Q=,SIN_TEXTO_INTERNO,2
E14_PRE_01_220_000_00_00_012_2088.pdf,00,CLmGisWod/Jf1zRIShpWgnr2bwfSawUL7ccFICVCdvE=,SIN_TEXTO_INTERNO,2
E14_PRE_01_220_000_00_00_013_2088.pdf,00,NGURTrL4Du0cbpTuqGQev89xEwse0A3wZ/SB3RLJhMk=,SIN_TEXTO_INTERNO,2
E14_PRE_01_220_000_00_00_014_2088.pdf,00,GS/PUMxdnV+azvp7diYaxz6hAWjXMC3MVQtxGvOBDGM=,SIN_TEXTO_INTERNO,2
E14_PRE_01_220_000_00_00_015_2088.pdf,00,d7UqZ15wvKB1mBUyPiCjFZBDKaumi3OHHtqi2xMFH+M=,SIN_TEXTO_INTERNO,2
E14_PRE_01_220_000_00_00_016_2088.pdf,00,r1rA/BKsURsW6RTn/P0MwF8hkZd2VhjIwwyy7Ugwwmg=,SIN_TEXTO_INTERNO,2
E14_PRE_01_220_000_00_00_017_2088.pdf,00,9ezRM3/2mCUC2oj6UP0MBjUkd+v45TpAaMloDPIkBLA=,SIN_TEXTO_INTERNO,2
E14_PRE_01_220_000_00_00_018_2088.pdf,00,93n/UN1IvOSRwwEyKndugMAmcqIf0X7nYxk/jF5Etl8=,SIN_TEXTO_INTERNO,2
E14_PRE_01_220_000_00_00_019_2088.pdf,00,FIlh8GlBW/qPV2q7fweTp70yThYj+LxI86Vv7LeNNGo=,SIN_TEXTO_INTERNO,2
E14_PRE_01_220_000_00_00_020_2088.pdf,00,iqAcJMq0l5Qfuvc31E3amGH9gyExFeX9k7TcYcVlKoQ=,SIN_TEXTO_INTERNO,2
E14_PRE_01_220_000_00_00_021_2088.pdf,00,V6FvTb+Dg/U6E3dfJtQ3foPr57jNh2Tr4p66SvsfMu0=,SIN_TEXTO_INTERNO,2
E14_PRE_01_220_000_00_00_022_2088.pdf,00,v1ptjgEwo638lRm5BxwB5r1P2Om7M7uJnXoQLgAvesw=,SIN_TEXTO_INTERNO,2
E14_PRE_01_220_000_00_00_023_2088.pdf,00,dWNVTgmkwneMmxy7a3eD/6CDlG64wZbb02QerCcGAfA=,SIN_TEXTO_INTERNO,2
E14_PRE_01_220_000_00_00_024_2088.pdf,00,OY9eauBd8QlmanZGBCBEllzICms54f0A6PaSyo274pc=,SIN_TEXTO_INTERNO,2
E14_PRE_01_220_000_00_00_025_2088.pdf,00,712G/bB7X4hDHaEjenRWCWtlXnq7jmfJhZcgBV1KuBs=,SIN_TEXTO_INTERNO,2
E14_PRE_01_220_000_00_00_026_2088.pdf,00,vFkpo2rrzO7N/1tW7NQDzNPXHmnx6dN7iFudT791I3s=,SIN_TEXTO_INTERNO,2
E14_PRE_01_220_000_00_00_027_2088.pdf,00,Pvd1MIy6JA8R5UG//P6PohulF1ru1PAVMB3Uutq4Igc=,SIN_TEXTO_INTERNO,2
E14_PRE_01_220_000_00_00_028_2088.pdf,00,UG8oqShxzhWdFK+f346zILHteLpfPl304yupc0ZsMAY=,SIN_TEXTO_INTERNO,2
E14_PRE_01_220_000_00_00_029_2088.pdf,00,DAFrq2/Wyyt9yRGTf9mNSC3MNWRRGED51MYQPw5UO0g=,SIN_TEXTO_INTERNO,2
E14_PRE_01_220_000_00_00_030_2088.pdf,00,CwtIIR4atZ5rSrhw+JzBp8pqQW4lqzB0GoSozwD8XVc=,SIN_TEXTO_INTERNO,2
E14_PRE_01_220_000_00_00_031_2088.pdf,00,kO+d0GreMWNfNtaDZ+It5hUC4CPrKvHl1c7zi8eEea0=,SIN_TEXTO_INTERNO,2
E14_PRE_01_220_000_00_00_032_2088.pdf,00,/Xk/zcHAWy0mXFMvM3N7mtbanQhf6BJLusa5SpNfht4=,SIN_TEXTO_INTERNO,2
E14_PRE_01_088_001_00_01_001_5153.pdf,01,kthunYTIQv0VBcb99G4IbVHuJrkJMDMLHFDRy/BfhuQ=,SIN_TEXTO_INTERNO,2
E14_PRE_01_088_001_00_01_002_5153.pdf,01,avY/nDwGywh+zIDJq4hETWObGLiH/GwGS1seFIW6nx0=,SIN_TEXTO_INTERNO,2
E14_PRE_01_088_001_00_01_003_5153.pdf,01,vc9cS4BS31yGRAdPJSt2cYnKcuLTeHkw4uBLguR23rQ=,SIN_TEXTO_INTERNO,2
E14_PRE_01_088_001_00_01_004_5153.pdf,01,0MjHPrLereIg/0sdgw7Ey8Has5OgWvkRhyYmmYuN1c8=,SIN_TEXTO_INTERNO,2
E14_PRE_01_088_001_00_01_005_5153.pdf,01,SQEZhSdefgbV4qRfAhlq5WlDDkUY5qnZ05eP5G8gufE=,SIN_TEXTO_INTERNO,2
E14_PRE_01_088_001_00_01_006_5153.pdf,01,xUCX6p0/rJTDqbxA5JZMS4rgtvRHeg5ryQIHfChyWG8=,SIN_TEXTO_INTERNO,2
E14_PRE_01_088_001_00_01_007_5153.pdf,01,Lvn4mYNDHnJYuldCfIz79X8qWb7e99os8v09be9posY=,SIN_TEXTO_INTERNO,2
E14_PRE_01_088_001_00_01_008_5153.pdf,01,rVwpTAqorFT5tnaIMefxG2jOnn7eaK5Xb8K8RhMLwSE=,SIN_TEXTO_INTERNO,2
E14_PRE_01_088_001_00_01_009_5153.pdf,01,0JYLgcQVL4JnxHS6K/OtcO/Ye04Eph0dIUx0iiSweZA=,SIN_TEXTO_INTERNO,2
E14_PRE_01_088_001_00_01_010_5153.pdf,01,LGx+TkE1xMAxs59flIB49GoSbDJ1sHtVQbBn2fCgPIU=,SIN_TEXTO_INTERNO,2
E14_PRE_01_088_001_00_01_011_5153.pdf,01,HmdRj2ZiWrGKmIEuy3caSgUyDCjuEwytJQHj8uBUQMI=,SIN_TEXTO_INTERNO,2
E14_PRE_01_088_001_00_01_012_5153.pdf,01,yYEV0kNG3enyZ4KofgjU3S/VxTGRgt/BU/SfUUURlbw=,SIN_TEXTO_INTERNO,2
E14_PRE_01_088_001_00_01_013_5153.pdf,01,dO5UXs3RILAq23X4Uov4g3vLbWcuahzfFJknTM6xdvo=,SIN_TEXTO_INTERNO,2
E14_PRE_01_088_001_00_01_014_5153.pdf,01,f/aaX5enAhInVBd+/9tYzEmrbulRpFGdKilC7JVgc04=,SIN_TEXTO_INTERNO,2
E14_PRE_01_088_001_00_01_015_5153.pdf,01,DxLmNI0pKp27BVGI/nak6IHOp0ulp4pWnk/0f4aw5FI=,SIN_TEXTO_INTERNO,2
E14_PRE_01_088_001_00_01_016_5153.pdf,01,zoUL6mSKKeykgZrDL6b8d7rCe4CB2HcTypOWECT8Olk=,SIN_TEXTO_INTERNO,2
E14_PRE_01_088_002_00_01_001_5153.pdf,01,JehTq7Qcb2q9f7jrWbAv1/fvRZwXyPglxWPWB/ENfUA=,SIN_TEXTO_INTERNO,2
E14_PRE_01_088_002_00_01_002_5153.pdf,01,dXNCsELSYI+kdsXGCOSDCJbd/OXXc05JxqfvnRkzOP0=,SIN_TEXTO_INTERNO,2
E14_PRE_01_088_002_00_01_003_5153.pdf,01,hw1vxsu0+ZI8LZTmIe10sq+8kjQwN3Bi6R+rRvdJkXg=,SIN_TEXTO_INTERNO,2
E14_PRE_01_088_002_00_01_004_5153.pdf,01,Y5C7NFksNkeEQBtI7+W+WctOMrprzbTmohQ6PfiRenE=,SIN_TEXTO_INTERNO,2
E14_PRE_01_088_002_00_01_005_5153.pdf,01,ec/sxZZNld+Xmi9+pLE1c6t0Ow/FRBzFGLVzujKSBzA=,SIN_TEXTO_INTERNO,2
E14_PRE_01_088_002_00_01_006_5153.pdf,01,wq9w038SXTbDNbM17gY/aKw7VUjLudEDhrw+hWSoVdY=,SIN_TEXTO_INTERNO,2
E14_PRE_01_088_002_00_01_007_5153.pdf,01,TbM1z4J4YEe0w70fthhkSpRrL8HzT5aQBu6QMIfkdB4=,SIN_TEXTO_INTERNO,2
E14_PRE_01_088_002_00_01_008_5153.pdf,01,LWnpOxWAtUtLs4m6NXrTGlG//jWnFPnQlYRhVzbP33M=,SIN_TEXTO_INTERNO,2
E14_PRE_01_088_098_00_01_001_5157.pdf,01,bPOocWKTJSDijxgMjVYWVG39DGsItto8q+K9/coFUK4=,SIN_TEXTO_INTERNO,2
E14_PRE_01_088_099_00_01_001_5157.pdf,01,GaaDT56nh5syYucOe/d3aN+5oKoKEOQpbBGSlmSpbnI=,SIN_TEXTO_INTERNO,2
E14_PRE_01_088_099_00_01_002_5157.pdf,01,ix/OEWCIrR5ILVOyk1V7Cm3on/EDAiNCyiHDM0ehGZY=,SIN_TEXTO_INTERNO,2
E14_PRE_01_220_099_00_01_001_2088.pdf,01,MVKK1QcNpo/PcQ+hPTnDifAxyVMTQTiazzyaUoUsye8=,SIN_TEXTO_INTERNO,2
E14_PRE_01_220_099_00_01_002_2088.pdf,01,+zc0tC1pDjUUgdiCXgMckYVSdN0eEezDEIOWz4zKZv8=,SIN_TEXTO_INTERNO,2
E14_PRE_01_001_018_09_02_001_5088.pdf,02,8dYH81An7lWBDlSK5MjTjqDUsczT1Qz087K+GUdnb2Q=,SIN_TEXTO_INTERNO,2
E14_PRE_01_001_018_09_02_002_5088.pdf,02,B1JxeWo4Hu5SYYXtjtUPVpUfWZlArp/pnOzewd1ZHa8=,SIN_TEXTO_INTERNO,2
E14_PRE_01_001_018_09_02_003_5088.pdf,02,80oO5OT2dld9vHnlu9bwfOHZQMIgI2NrpaS+PX2cNoE=,SIN_TEXTO_INTERNO,2
E14_PRE_01_001_018_09_02_004_5088.pdf,02,pZHFeCcmxYPBt5UN/r38n/q6aUGLnyHOX8dl7cXI73M=,SIN_TEXTO_INTERNO,2
E14_PRE_01_001_018_09_02_005_5088.pdf,02,2vnzDcwEeXny5UU9wnamkcp9tTHC0Si8tIw6tSYVDYc=,SIN_TEXTO_INTERNO,2
E14_PRE_01_001_018_09_02_006_5088.pdf,02,LYTijyeDYY1lsX5OPRAhFbkQk0Bvn4dXmN/zN87FAeg=,SIN_TEXTO_INTERNO,2
E14_PRE_01_001_018_09_02_007_5088.pdf,02,TRSGkBDC+87/IZHRXHlynEdpaBEBDaq4cw8VmMJ8sbU=,SIN_TEXTO_INTERNO,2
E14_PRE_01_001_018_09_02_008_5088.pdf,02,JAvUf7TCOa0O71b4vAA/nxBySmmHFvUfTISX9Z27iq8=,SIN_TEXTO_INTERNO,2
E14_PRE_01_001_018_09_02_009_5088.pdf,02,gPbkSVhGM1MsQyCMGMmaF0YNOVQvK4MJ/6bOo1+hH0o=,SIN_TEXTO_INTERNO,2
E14_PRE_01_001_018_09_02_010_5088.pdf,02,Yc+ajg/HL2DalXmbDdAFOquKvfrJGWbw/EgFAgHL8R4=,SIN_TEXTO_INTERNO,2
E14_PRE_01_001_018_09_02_011_5088.pdf,02,IBV9d1YB7vQiSuHMCr56EdjkxeJFUkZpmOd/8cq1n2w=,SIN_TEXTO_INTERNO,2
E14_PRE_01_001_018_09_02_012_5088.pdf,02,jtl6DtL1MijSaj5NIop6/FGba/MrWSGi/2NpVu2jr+U=,SIN_TEXTO_INTERNO,2
E14_PRE_01_001_018_09_02_013_5088.pdf,02,KW+cp0tIjma5bM99C54gAdximOGi5ALcjdzSUo8x+Po=,SIN_TEXTO_INTERNO,2
E14_PRE_01_001_018_09_02_014_5088.pdf,02,SS/631F/4B6fYbZuBwOJpyFsBuJ3h7/58+/VyF66ml8=,SIN_TEXTO_INTERNO,2
E14_PRE_01_001_018_09_02_015_5088.pdf,02,fWFmMcngev9NjyI+M6jcRrS4uTqccyCF9LVAtoGyOWs=,SIN_TEXTO_INTERNO,2
E14_PRE_01_001_018_09_02_016_5088.pdf,02,goWFl3pjMBL9qRYoXazGGn+RCjQ/3XC+S1RW2nm+C9k=,SIN_TEXTO_INTERNO,2
E14_PRE_01_001_018_09_02_017_5088.pdf,02,hyIMROx7zaqVK5Tu0HeIZoVRVjV8/CH8584Ky2g615c=,SIN_TEXTO_INTERNO,2
E14_PRE_01_001_018_09_02_018_5088.pdf,02,bECJCn9RKB5MX0kH6bCvFpzNpUom4KDlWodj47QAmlE=,SIN_TEXTO_INTERNO,2
E14_PRE_01_001_018_09_02_019_5088.pdf,02,cll/kJX14k2C4uEpICIPrRgJwwouhTdRdHPwcb5Un2w=,SIN_TEXTO_INTERNO,2
E14_PRE_01_001_018_09_02_020_5088.pdf,02,hArNvHh3OAuJ6ypFzlAFh5Mw8+hu6NePmslYKZmANS4=,SIN_TEXTO_INTERNO,2
E14_PRE_01_001_018_09_02_021_5088.pdf,02,YtEz5aYZ2b10e4B4AMi716UgtdMrxXCXglpF0FdHt4c=,SIN_TEXTO_INTERNO,2
E14_PRE_01_001_018_09_02_022_5088.pdf,02,HCApwX508e1TDKWdyQ8vER9sXnsnU9SSLS8XSRSStPo=,SIN_TEXTO_INTERNO,2
E14_PRE_01_001_018_09_02_023_5088.pdf,02,N+w3C7temY0p+HVUuiWXhQKFHgInWW3UGTxJ6Xwl0mE=,SIN_TEXTO_INTERNO,2
E14_PRE_01_001_018_09_02_024_5088.pdf,02,TNmhd6FhFjWlp2gXrg5clE/HfSXcyZ2VQlXiKocKHcc=,SIN_TEXTO_INTERNO,2
E14_PRE_01_001_018_09_02_025_5088.pdf,02,iRHsD/wnkYnGDsUnq3YtEauWmN5XfrFzy5N/a3iczx0=,SIN_TEXTO_INTERNO,2
E14_PRE_01_001_018_09_02_026_5088.pdf,02,rnL1WLBna/hkxIqgikmxKp5KNd44Y831GTbzqoGWSL4=,SIN_TEXTO_INTERNO,2
E14_PRE_01_001_018_09_02_027_5088.pdf,02,20qB0Bp2FsL/WZ4V00iflei/9GQj3q4+3a85/AWLXU8=,SIN_TEXTO_INTERNO,2
E14_PRE_01_001_018_09_02_028_5088.pdf,02,J1S0oylb1nMpwC9Yjmxt1xxKZLOd4Zc2jcJWk/khkbY=,SIN_TEXTO_INTERNO,2
E14_PRE_01_001_018_09_02_029_5088.pdf,02,3owlxrp1Mac34XpQT5p3pfGPLay/ujajkM6R4Bc/JPQ=,SIN_TEXTO_INTERNO,2
E14_PRE_01_001_018_09_02_030_5088.pdf,02,tqNF6XSr8la/pqwap2Orv3CRBZkQ5rQOUQorqzlJjuU=,SIN_TEXTO_INTERNO,2
E14_PRE_01_001_018_09_02_031_5088.pdf,02,hUQ2hzZWcB23oQLaHCNRmW1ErXxWJuaHqv4bG+CnBK8=,SIN_TEXTO_INTERNO,2
E14_PRE_01_001_018_09_02_032_5088.pdf,02,KqxfHKr4YZqrWWLleMK1KI7WRxoGGP89NDklmZxjk30=,SIN_TEXTO_INTERNO,2
E14_PRE_01_001_018_09_02_033_5088.pdf,02,bwlBLKzvYQac7aFu1iBErOY1en7j9KEIYwWSiDGjFZE=,SIN_TEXTO_INTERNO,2
E14_PRE_01_001_018_09_02_034_5088.pdf,02,Wfys90gyDDX+C9bTAZ6Et0m5nXRptzeVYmTgzz5r7HM=,SIN_TEXTO_INTERNO,2
E14_PRE_01_088_001_00_02_001_5153.pdf,02,EXxU2TfVNzkF3gB052wQI3FT9ibgTUc2qKzgrgRvm9E=,SIN_TEXTO_INTERNO,2
E14_PRE_01_088_001_00_02_002_5153.pdf,02,Sq4CeDL4nhLzpBzNORnkC9ZRdux6lXzvBHxYAs4i+4I=,SIN_TEXTO_INTERNO,2
E14_PRE_01_088_001_00_02_003_5153.pdf,02,TVBG9L6hneiPJkaZnHd4fcrBb+IMtIlVDfWml24v4Fs=,SIN_TEXTO_INTERNO,2
E14_PRE_01_088_001_00_02_004_5153.pdf,02,hL9m4u2ymeOsUJdeEu0eKAyZDenANIaxk/D2W3BBtoY=,SIN_TEXTO_INTERNO,2
E14_PRE_01_088_001_00_02_005_5153.pdf,02,UK98ibr5uKwPgUAZVUVvkf8/Dhorg90XdlpsVZVN3zA=,SIN_TEXTO_INTERNO,2
E14_PRE_01_088_001_00_02_006_5153.pdf,02,knXkwPEgpGjhJZ9LIjA7qzlQc1wSpWCtlhtomFrbUsg=,SIN_TEXTO_INTERNO,2
E14_PRE_01_088_001_00_02_007_5153.pdf,02,oB9bJUXxUtna34K8F/0LO4KLsHKt3g//hDyoV9uXrvs=,SIN_TEXTO_INTERNO,2
E14_PRE_01_088_001_00_02_008_5153.pdf,02,e5AddkZJ6sH3E0sZUOeY+d8LlOJxgz3iy4AGyjNoe0Q=,SIN_TEXTO_INTERNO,2
E14_PRE_01_088_001_00_02_009_5153.pdf,02,e/euxYQPc05PygzfzRTuik7UiukBa5dOWrD62YkTdD8=,SIN_TEXTO_INTERNO,2
E14_PRE_01_088_001_00_02_010_5153.pdf,02,qPkYdvIro72q5rExJdlBwUDxFw+WPjKY+9KGLJqw63M=,SIN_TEXTO_INTERNO,2
E14_PRE_01_088_001_00_02_011_5153.pdf,02,dALyDGonNqbjs5hTUIEajPOBen090y0wK/jjEVrW0ts=,SIN_TEXTO_INTERNO,2
E14_PRE_01_088_001_00_02_012_5153.pdf,02,HY2RGFFBVDuaUjwxscfTO8MUz4jlpcXq1SICI5/7Cpg=,SIN_TEXTO_INTERNO,2
E14_PRE_01_088_001_00_02_013_5153.pdf,02,aTdahXnv0C2WVS0i/TUpFAPe91P2/LVzcRz+/GPR/TQ=,SIN_TEXTO_INTERNO,2
E14_PRE_01_088_001_00_02_014_5153.pdf,02,HgP8HBBWgZ2znQdVcStYAkobyp6GOkNVTXFFJWk/pew=,SIN_TEXTO_INTERNO,2
E14_PRE_01_088_002_00_02_001_5155.pdf,02,wbvZL0CLMkwac46Mumq3tyqSMDq24wjLSGD1T3/v18Y=,SIN_TEXTO_INTERNO,2
E14_PRE_01_088_002_00_02_002_5155.pdf,02,nUz1cGws1MjyTbnbRo6QwSVHaznnSX+zfYynsUKRN4U=,SIN_TEXTO_INTERNO,2
E14_PRE_01_088_002_00_02_003_5155.pdf,02,H1U46QWI8YPDsWmwSYB0jWkXk5MgV7YJe+laqIq0PXo=,SIN_TEXTO_INTERNO,2
E14_PRE_01_088_002_00_02_004_5155.pdf,02,gRaTRR38DrMJnMrJxw4OBrBCv6PI6XMwUBs9Z6UWkyU=,SIN_TEXTO_INTERNO,2
E14_PRE_01_088_002_00_02_005_5155.pdf,02,Zt7lhWZqeLVhGJpgblICs55N+FbWgUww5mSxN4Y7Ig0=,SIN_TEXTO_INTERNO,2
E14_PRE_01_088_002_00_02_006_5155.pdf,02,12M7P6G4WaVC+MJ/P42Jw7Oqw/5GqigpifBkhPSdDf0=,SIN_TEXTO_INTERNO,2
E14_PRE_01_088_002_00_02_007_5155.pdf,02,yr/SGMMF6hjirpvaovsUs439Uf42kTWN+/rVqAx9lUY=,SIN_TEXTO_INTERNO,2
E14_PRE_01_088_002_00_02_008_5155.pdf,02,vIz3gTt0fKfMMg+ImjQf1XGI3P9GEOVi5K5QHSTbbe8=,SIN_TEXTO_INTERNO,2
E14_PRE_01_088_002_00_02_009_5155.pdf,02,0XPNOIYikDcxeiFaMxMBWFqbzDQcZHPYh5cxBSrErGE=,SIN_TEXTO_INTERNO,2
E14_PRE_01_088_002_00_02_010_5155.pdf,02,iFSSl4jZmDmzjN8e2eDjNkK5wAS7s+YCNM8NaYVvKGU=,SIN_TEXTO_INTERNO,2
E14_PRE_01_088_002_00_02_011_5155.pdf,02,dL69+h5kTRKUszTrkSZXuyXHo//dcCA4rwdbZB2O+5k=,SIN_TEXTO_INTERNO,2
E14_PRE_01_088_002_00_02_012_5155.pdf,02,lniYwikfHIN/E18+Og0y27QbEaWoEE/usitJFMMHV/w=,SIN_TEXTO_INTERNO,2
E14_PRE_01_088_002_00_02_013_5155.pdf,02,i3yz2yhBqXd04k7PxgfBy1YM6Eepfm0F4sg+XgcrS00=,SIN_TEXTO_INTERNO,2
E14_PRE_01_088_001_00_03_001_5153.pdf,03,TJ5lsPN7/ZLVvmUhBtbMhy5X/V3lNZhqh2r1KqnamIY=,SIN_TEXTO_INTERNO,2
E14_PRE_01_088_001_00_03_002_5153.pdf,03,Yv4umi7Sl7xB8daneWLJfbXW9qSb9mf1KBdBVUdLtbU=,SIN_TEXTO_INTERNO,2
E14_PRE_01_088_001_00_03_003_5153.pdf,03,AlACShK5PlNZnfCUFklpF0eppeuSqAg5LlOTvqbP4B8=,SIN_TEXTO_INTERNO,2
E14_PRE_01_088_001_00_03_004_5153.pdf,03,NO_DECODIFICADO,SIN_TEXTO_INTERNO,2
E14_PRE_01_088_001_00_03_005_5153.pdf,03,otkdLHi9hDGvu+xNVa3ualI1jCOGq8gyGHFBVqGY6zo=,SIN_TEXTO_INTERNO,2
E14_PRE_01_088_001_00_03_006_5153.pdf,03,YJUeLQK9CB5zBLFQF2s6qFSKvJKJ2hYNWpAJPzhvNuA=,SIN_TEXTO_INTERNO,2
E14_PRE_01_088_001_00_03_007_5153.pdf,03,CDcU31yBGcZlEREA+Y7sF9q6RwANwTdE8uK64cUuR6k=,SIN_TEXTO_INTERNO,2
E14_PRE_01_088_001_00_03_008_5153.pdf,03,1Fafv7aSLRGRtuKgK6sxOdZTro/gW5GGgktEZphGbZw=,SIN_TEXTO_INTERNO,2
E14_PRE_01_088_002_00_03_001_5155.pdf,03,Jer2Ym9siqe19PJj/aqzPacRxsfljyW7OKFpMcV+OeA=,SIN_TEXTO_INTERNO,2
E14_PRE_01_088_002_00_03_002_5155.pdf,03,WOTeBakDrVzXCt2Wd8gb24oaRj8IVwQosqxzBSs7D5U=,SIN_TEXTO_INTERNO,2
E14_PRE_01_088_002_00_03_003_5155.pdf,03,8EE6XKx9ANw8+E10FG6TMuxbwOsGVqn6ogvDz61FAvM=,SIN_TEXTO_INTERNO,2
E14_PRE_01_088_002_00_03_004_5155.pdf,03,+cEB1fFEdWQzFQJtpomRVswdRfAS7f7vH8qJopUBLhc=,SIN_TEXTO_INTERNO,2
E14_PRE_01_088_002_00_03_005_5155.pdf,03,AUZYiIgzFvBgTlZcdrjx3CpHPHvNhhKw5e1OT2vuxTE=,SIN_TEXTO_INTERNO,2
E14_PRE_01_088_002_00_03_006_5155.pdf,03,DlXb7clPTzqfFqA8NAaCejzR2OB7VXTt+uKR3QwGzf0=,SIN_TEXTO_INTERNO,2
E14_PRE_01_088_002_00_03_007_5155.pdf,03,Lm71T8N8Pfa2K6VALdhUzIMfdOWO/eAbtpUWTdrqLqs=,SIN_TEXTO_INTERNO,2
E14_PRE_01_088_002_00_03_008_5155.pdf,03,OycpoZFMRzoDVXIxGMEJ2Zhz73vVmY17DHoL4Sz968o=,SIN_TEXTO_INTERNO,2
E14_PRE_01_088_002_00_03_009_5155.pdf,03,b5LmzygNht/qjiMobLyL7sNd5inrwmFnJ1sE0qGimTI=,SIN_TEXTO_INTERNO,2
E14_PRE_01_088_002_00_03_010_5155.pdf,03,y09KDo+X20R8n8xANLDFZESAXYQ3jeYEMHZZWCVDWJ0=,SIN_TEXTO_INTERNO,2
E14_PRE_01_088_002_00_03_011_5155.pdf,03,UqOLVwSTZBu+pKUeNpRuZlgDKvrqkDeekao/XC0k1Yk=,SIN_TEXTO_INTERNO,2
E14_PRE_01_088_002_00_03_012_5155.pdf,03,ExbOd8adZglmBvImoVcg7J/yyTfZRGEM8bVrKnoP2+M=,SIN_TEXTO_INTERNO,2
E14_PRE_01_088_002_00_03_013_5155.pdf,03,SZxOlvdMSFudPkM/8OmKlxbxmU3DRKc0pAyXq4YdxvY=,SIN_TEXTO_INTERNO,2
E14_PRE_01_088_002_00_03_014_5155.pdf,03,xB3wi1MYnzW3KKqJ7q1Nx1vTvSbHsXHUDz3SEA3Az7U=,SIN_TEXTO_INTERNO,2
E14_PRE_01_088_002_00_03_015_5155.pdf,03,yG929Idi6nSGOk9R755H0/TSr6/PXyvRIGIC+7JZ0y4=,SIN_TEXTO_INTERNO,2
E14_PRE_01_088_002_00_03_016_5155.pdf,03,jQrrlCdinBzf8LfpnPwGr5wvM2MsrsWe/C6uTNXfzyU=,SIN_TEXTO_INTERNO,2
E14_PRE_01_088_002_00_03_017_5155.pdf,03,3ZKo0qfUzzKICysh6aOVPAQ//9DM4/5Pvgp8nohxQzE=,SIN_TEXTO_INTERNO,2
E14_PRE_01_088_002_00_03_018_5155.pdf,03,idI9sPnI5XdipT/6BXabTzNlmoJEQ2D7Q8FOrRfY61o=,SIN_TEXTO_INTERNO,2
E14_PRE_01_088_002_00_03_019_5155.pdf,03,D5AAhfeIgWJR5pQ0qeG3JYVe3gfnT/ZzlnMcycIRNIw=,SIN_TEXTO_INTERNO,2
E14_PRE_01_088_002_00_03_020_5155.pdf,03,BBf4eepfIC3a98O+9tkqqPUc+jjyUrE8z/ATVPXpT/o=,SIN_TEXTO_INTERNO,2
E14_PRE_01_088_002_00_03_021_5155.pdf,03,TH2fwNgichdUh1aDr9wwP72ZM05z6Cx4F0Rv1L6sALQ=,SIN_TEXTO_INTERNO,2
E14_PRE_01_088_002_00_03_022_5155.pdf,03,w1TWWDWGGmL4PV3cnjKpn9YDYRd59KCs1BMRuCfYKJk=,SIN_TEXTO_INTERNO,2
E14_PRE_01_088_002_00_03_023_5155.pdf,03,W7hd9XsEZ5MlUnd61n9QnIynl89n4exynSe4bKXShew=,SIN_TEXTO_INTERNO,2
E14_PRE_01_088_001_00_04_001_5154.pdf,04,ELJFj9YHQl2pxBgWrBjHjTnGpmAlfm7q8jnGpFDJKVE=,SIN_TEXTO_INTERNO,2
E14_PRE_01_088_001_00_04_002_5154.pdf,04,xYJ1oewylctC/pcjed53O/IvuOol51IkwbJ0y8uGuBI=,SIN_TEXTO_INTERNO,2
E14_PRE_01_088_001_00_04_003_5154.pdf,04,iZufFHxCI+ddW04ZtFiGuhUqaAslO0rsX6CVlSS/jQI=,SIN_TEXTO_INTERNO,2
E14_PRE_01_088_001_00_04_004_5154.pdf,04,3bd9lctb6Kg//4AOYWcly0jXu2F8ds3JhdYv1fCdcDw=,SIN_TEXTO_INTERNO,2
E14_PRE_01_088_001_00_04_005_5154.pdf,04,nxwQPNCHQsJWfXSeaCsnRCq96cg4fs7DVfa5CgsZKoI=,SIN_TEXTO_INTERNO,2
E14_PRE_01_088_001_00_04_006_5154.pdf,04,uRAGfF8RkcPCt/DSTykohTkDwWVE62HRpXGgWB+ogdE=,SIN_TEXTO_INTERNO,2
E14_PRE_01_088_001_00_04_007_5154.pdf,04,UwiRJmJZrHNRXjiSYyYzLTt/R28Us/lZAgRrWOrTD8k=,SIN_TEXTO_INTERNO,2
E14_PRE_01_088_001_00_04_008_5154.pdf,04,zsfblcsuGyfBNYs/KIubfwgrD89oCpOSZaxH4vgtMYI=,SIN_TEXTO_INTERNO,2
E14_PRE_01_088_001_00_04_009_5154.pdf,04,3fwUL57rMA6KOzGi+DZ+6OaHq+PKJXw9oMqdOu22gD8=,SIN_TEXTO_INTERNO,2
E14_PRE_01_088_001_00_04_010_5154.pdf,04,5goA/4G8Fs9awCXQtszSfVQJYUZSCstUpKWAWjLiGd4=,SIN_TEXTO_INTERNO,2
E14_PRE_01_088_001_00_04_011_5154.pdf,04,jGStVFJtqJQbUmYf8h99x5Qg5vzOchYrwGLhxycXNJ0=,SIN_TEXTO_INTERNO,2
E14_PRE_01_088_001_00_04_012_5154.pdf,04,bA5Q9YjyeemKeBcqLgH4uXbPrffCSBYsQbvaBOxv7qM=,SIN_TEXTO_INTERNO,2
E14_PRE_01_088_001_00_04_013_5154.pdf,04,diROGBkg5jWaWwXUp7JO6aPlyVTOEhvu1Q9/HpQ/IyM=,SIN_TEXTO_INTERNO,2
E14_PRE_01_088_001_00_04_014_5154.pdf,04,k1ljj67DJTOn1rXAcEgTNE/iwS83hhZM8CmEwqfwLWc=,SIN_TEXTO_INTERNO,2
E14_PRE_01_088_001_00_04_015_5154.pdf,04,A291Csdv9FGLYAm4nSXR2BZTMT+vbmXF/MpC07ZQXwY=,SIN_TEXTO_INTERNO,2
E14_PRE_01_088_001_00_04_016_5154.pdf,04,74JNEjVXQD0/h7rTw28ZwlO3giAhKJAPMC5ZUJMs6g4=,SIN_TEXTO_INTERNO,2
E14_PRE_01_088_001_00_04_017_5154.pdf,04,7iBzFv8Uy32BSHJv+4xLaJ8wCs6bcMlRTwLhKsl7pbM=,SIN_TEXTO_INTERNO,2
E14_PRE_01_088_001_00_04_018_5154.pdf,04,dIb+lM16WZq2vTzfhDkvnqEHkdgqcNL2euLGGiNhCWg=,SIN_TEXTO_INTERNO,2
E14_PRE_01_088_001_00_04_019_5154.pdf,04,j4QV94NXpoqUWoqTpyZI98Z4AHkxGadBMi9TfDhXMq8=,SIN_TEXTO_INTERNO,2
E14_PRE_01_088_001_00_04_020_5154.pdf,04,/RcE1P7tamBs2zwPfoVPbEye4x6o/ojeTRIoiWN32fM=,SIN_TEXTO_INTERNO,2
E14_PRE_01_088_001_00_04_021_5154.pdf,04,wfNFkwGKKELcELVjQ7Ovjqx/q3KC5GvgJ+M0+56dbok=,SIN_TEXTO_INTERNO,2
E14_PRE_01_088_001_00_04_022_5154.pdf,04,gxrUXVYHnb1oO7FiWHUu7xfGFIaZ6sOS443etUWYTwk=,SIN_TEXTO_INTERNO,2
E14_PRE_01_088_001_00_04_023_5154.pdf,04,zrfVPeWTnUVuc0TPEjZZ+H66kHppto4Tp+i2lxQd0mU=,SIN_TEXTO_INTERNO,2
E14_PRE_01_088_002_00_04_001_5156.pdf,04,2H3CRHErWO3VJBPtuzhUActHkWrYd9fK5rUX9kmS6Bg=,SIN_TEXTO_INTERNO,2
E14_PRE_01_088_002_00_04_002_5156.pdf,04,0EndnN8V1I+Zsw6YTsnhYQbd+6/r3dYfqtQH1+QSlls=,SIN_TEXTO_INTERNO,2
E14_PRE_01_088_002_00_04_003_5156.pdf,04,qYVdTqFLOfmddTOv7wzaU3k/5if6F4zK+3fztkCyTAY=,SIN_TEXTO_INTERNO,2
E14_PRE_01_088_002_00_04_004_5156.pdf,04,+YqTRdJ/pz092N4DBWtrZT1qAgygEtvOgxjqWYFYc8o=,SIN_TEXTO_INTERNO,2
E14_PRE_01_088_002_00_04_005_5156.pdf,04,aDwiBzAwhKYMNSHWUkTUfUGX+Jz92YNhDpj8M44akwk=,SIN_TEXTO_INTERNO,2
E14_PRE_01_088_002_00_04_006_5156.pdf,04,oYNYlMq9ItYbLw/qz06YYuN9X5XDimAofprgoie9z2k=,SIN_TEXTO_INTERNO,2
E14_PRE_01_088_002_00_04_007_5156.pdf,04,hC6IRj4xhqdRLAuLVriZM4g1SRfkJes1TIGbAl/SSXc=,SIN_TEXTO_INTERNO,2
E14_PRE_01_088_002_00_04_008_5156.pdf,04,OQiI9cesXD1tl4jVUK2hDVnxn1xRQvXoNogsWwvCYtY=,SIN_TEXTO_INTERNO,2
E14_PRE_01_088_002_00_04_009_5156.pdf,04,71ZZTsZ2aWTX+Gs691frAOQE0fV1f4cZQfRYLTG5jGE=,SIN_TEXTO_INTERNO,2
E14_PRE_01_088_002_00_04_010_5156.pdf,04,U9e3IunFyH5JR//ongpR7NGnvgARS7OrcNNh1A/xktg=,SIN_TEXTO_INTERNO,2
E14_PRE_01_088_002_00_04_011_5156.pdf,04,nfCF4GQAXP0XxNSHHcvZrf3W8jiYm0oa+oMlXfxT3Sk=,SIN_TEXTO_INTERNO,2
E14_PRE_01_088_002_00_04_012_5156.pdf,04,TO70JkACLuw5V60Voy1Czr3BixYwrH0zx28jLMXrpj4=,SIN_TEXTO_INTERNO,2
E14_PRE_01_088_002_00_04_013_5156.pdf,04,vKC4R5RD5IPQSgovYhY8s7vjSHODSASLDVDfhnj6LQ8=,SIN_TEXTO_INTERNO,2
E14_PRE_01_088_002_00_04_014_5156.pdf,04,4sWHxH+pbdOxMHxUcM2tyNNgPEZKn1TyQqLH/ufxsq8=,SIN_TEXTO_INTERNO,2
E14_PRE_01_088_002_00_04_015_5156.pdf,04,QT84JwM2MUVZUzV1aGMt0MEzg6bXnBcHhRrZRjiDDHM=,SIN_TEXTO_INTERNO,2
E14_PRE_01_088_002_00_04_016_5156.pdf,04,bV8lGP0uXXGnfz7EvP1cvdov3haKR7DTgBb3AAAh/W4=,SIN_TEXTO_INTERNO,2
E14_PRE_01_088_002_00_04_017_5156.pdf,04,auYS/znn3SxoNqCQ2b9Aj/r+T38bOU1dvLZARIyQhfw=,SIN_TEXTO_INTERNO,2
E14_PRE_01_088_002_00_04_018_5156.pdf,04,rwvttwPrQ5nOPdj4Yxm8IPsBrD5/ToENAZ1O4fxgLCM=,SIN_TEXTO_INTERNO,2
E14_PRE_01_088_002_00_04_019_5156.pdf,04,kXSM2SkRL+I954jLWA3Hd/IVp2pK2LRSImXZo8l8NlI=,SIN_TEXTO_INTERNO,2
E14_PRE_01_088_002_00_04_020_5156.pdf,04,IxkQpiYQxsno2H3pQDgP65lmrCGhm5R6rZWZTZofoA0=,SIN_TEXTO_INTERNO,2
E14_PRE_01_088_002_00_04_021_5156.pdf,04,pbdxIjJNlE7A+yIjiWT/aX6JlUNUZNoIl1ryGmZUJHw=,SIN_TEXTO_INTERNO,2
E14_PRE_01_088_002_00_04_022_5156.pdf,04,E8zVAxSL42KGIItRbNS4QRbPuHvGCkZJrD5GWuS2atw=,SIN_TEXTO_INTERNO,2
E14_PRE_01_001_017_09_05_001_5088.pdf,05,czjSjZHFuS4seGxD0dCYDdwYhAMMPPO+F34zKakmVUo=,SIN_TEXTO_INTERNO,2
E14_PRE_01_001_017_09_05_002_5088.pdf,05,Ib04ygyLylyj3uUkQTKRlkr6mc9tQtmnTXBWF3k9JGc=,SIN_TEXTO_INTERNO,2
E14_PRE_01_001_017_09_05_003_5088.pdf,05,gdrVMG75fTeTvTtTs2dfNAs6ZrSmq9UafLsGjHUzDo8=,SIN_TEXTO_INTERNO,2
E14_PRE_01_001_017_09_05_004_5088.pdf,05,BR+bh8BD1aP6jt+05dLlTdjHwN8wJkGjS8KZwSbeZXo=,SIN_TEXTO_INTERNO,2
E14_PRE_01_001_017_09_05_005_5088.pdf,05,gylx7ZB6f3Q7ui7Be1HG9z5Cdar/yy/m0q9hGyH1s2w=,SIN_TEXTO_INTERNO,2
E14_PRE_01_001_017_09_05_006_5088.pdf,05,VrJNwJJmObKZLnRc7Jp8Xw99B8wQ52D0PiyE8OeHfzA=,SIN_TEXTO_INTERNO,2
E14_PRE_01_001_017_09_05_007_5088.pdf,05,OzOezWGVurZWHIf4Nee3YBbIwSdYRZ7GJ7v3wXGI9+M=,SIN_TEXTO_INTERNO,2
E14_PRE_01_001_017_09_05_008_5088.pdf,05,s+TtfM0GfZOwiyxyNwvjPs+SZeMbQeOnZkxotl8xDe4=,SIN_TEXTO_INTERNO,2
E14_PRE_01_001_017_09_05_009_5088.pdf,05,S4zTTrXCfrqS9IILjAZU4zFCnU2wA0cXQSMDEmZJO4o=,SIN_TEXTO_INTERNO,2
E14_PRE_01_001_017_09_05_010_5088.pdf,05,DxMZEFmiN0xJewfd/SSapvTN2/Y8wdQWVsRRIpEzc+8=,SIN_TEXTO_INTERNO,2
E14_PRE_01_001_017_09_05_011_5088.pdf,05,Fg2cCwD4+1nx4kw+AKArtdoSCPN0uascsWi7i4U8wBc=,SIN_TEXTO_INTERNO,2
E14_PRE_01_001_017_09_05_012_5088.pdf,05,GfFtqOiM1NKMJzZAYkPW+A0iXnVKI2Fw4leyPpbvqCU=,SIN_TEXTO_INTERNO,2
E14_PRE_01_001_017_09_05_013_5088.pdf,05,GVWi4GceiqqLMIlUIrb3r91+DMQ4FP/oWx70fblHII0=,SIN_TEXTO_INTERNO,2
E14_PRE_01_001_017_09_05_014_5088.pdf,05,Ll94vdrTWR7g0NDFMVElFzmrXqRjf5rqBR6/syYc4Y8=,SIN_TEXTO_INTERNO,2
E14_PRE_01_001_017_09_05_015_5088.pdf,05,/sTQyU2sKMikSdaprdjbV3raxsHdCHR9v5K35XBYBLc=,SIN_TEXTO_INTERNO,2
E14_PRE_01_001_017_09_05_016_5088.pdf,05,O3TjYJNxusKQAsYmHsEXJCXj/HB98U9XU/e1jXfKSFc=,SIN_TEXTO_INTERNO,2
E14_PRE_01_001_017_09_05_017_5088.pdf,05,iadUAvXnHbcEj/blzNOj6HtjsCY32nOfZLuv/+5XJAM=,SIN_TEXTO_INTERNO,2
E14_PRE_01_001_017_09_05_018_5088.pdf,05,aoXHb3qZ4RgPBN/62wDH6Ys4ywSkwnFr0284WbSZkrQ=,SIN_TEXTO_INTERNO,2
E14_PRE_01_001_017_09_05_019_5088.pdf,05,JoCEsV3us3gtyjjR7d2TvTscmNORFo+JEqOk9xCavAs=,SIN_TEXTO_INTERNO,2
E14_PRE_01_001_017_09_05_020_5088.pdf,05,Z2o3HyY9Zak7UfiAFzMX61I38Cqae60FwH7k1JFSqnY=,SIN_TEXTO_INTERNO,2
E14_PRE_01_088_001_00_05_001_5154.pdf,05,1ZXS1iAAYLiwYn+cLAG+Bbm09asvSNwTOmcNdU1XFgA=,SIN_TEXTO_INTERNO,2
E14_PRE_01_088_001_00_05_002_5154.pdf,05,GH+yYJO0LFz++wYuhikSu7ZzA2Ncjl9ptMcaBGyMSzk=,SIN_TEXTO_INTERNO,2
E14_PRE_01_088_001_00_05_003_5154.pdf,05,PbGto8lYrDvhkdMqg0yZ9muh9xZRkKx/kcB3zjHafS4=,SIN_TEXTO_INTERNO,2
E14_PRE_01_088_001_00_05_004_5154.pdf,05,lwZXGp0Xiv4i8cAksahAkWnZ747/RTFY7b3ux+smlm4=,SIN_TEXTO_INTERNO,2
E14_PRE_01_088_002_00_05_001_5157.pdf,05,aqIG6ujKVQ8wRjU/ulQu962OtPAX1gYMM1bud7BIMyk=,SIN_TEXTO_INTERNO,2
E14_PRE_01_088_002_00_05_002_5157.pdf,05,LqWe31W+eK2qtt7DwFEPENrNSsV/m5Vp3aOdDw9dVuw=,SIN_TEXTO_INTERNO,2
E14_PRE_01_088_002_00_05_003_5157.pdf,05,BxsdUL4nZIfFeSi/jTMJDayYozW5bJHLFxy+gkNudZw=,SIN_TEXTO_INTERNO,2
E14_PRE_01_088_002_00_05_004_5157.pdf,05,aQKfJ2w/RthCvurXeXah311F0k0ICp0XxofNhzhHn8w=,SIN_TEXTO_INTERNO,2
E14_PRE_01_088_002_00_05_005_5157.pdf,05,mPLZZWeoI6xnYDGAYE8XtUPAMrMdizHv6+FN+2ZaqwY=,SIN_TEXTO_INTERNO,2
E14_PRE_01_088_002_00_05_006_5157.pdf,05,bvrRik5A+ukpjdomkib8nc7/X3ppebOcRk/TdJ5Y9k8=,SIN_TEXTO_INTERNO,2
E14_PRE_01_088_002_00_05_007_5157.pdf,05,JWZCNIHwr5Zv0qx7iDKAIEpNlUYslHQ8fRyA4zJUgl8=,SIN_TEXTO_INTERNO,2
E14_PRE_01_088_002_00_05_008_5157.pdf,05,HCkzkz1M+QF7pduZY+wdfrTVUYO3yWrBEeLmDp2nJKk=,SIN_TEXTO_INTERNO,2
E14_PRE_01_088_002_00_05_009_5157.pdf,05,nT8KHHpheFaLIGvh26xzCjAJy0cZ3HpCENVgByqipds=,SIN_TEXTO_INTERNO,2
E14_PRE_01_088_002_00_05_010_5157.pdf,05,C+iTM/xXX3BFBDsR4hDnRdDxW23coIxyN7vq9dXYkaA=,SIN_TEXTO_INTERNO,2
E14_PRE_01_088_002_00_05_011_5157.pdf,05,Scnww/bw55CzHMCFa5palHLsefrhF1uLAWhO6DXBvTU=,SIN_TEXTO_INTERNO,2
E14_PRE_01_088_002_00_05_012_5157.pdf,05,vfcaHC9iwf9IClmBWrmBpY0bJjfVpltIGk7tH7OtQJE=,SIN_TEXTO_INTERNO,2
E14_PRE_01_088_002_00_05_013_5157.pdf,05,uFMsR1cMUk4wTkLatYNznMdMj+njYkFGofcGE4qrppY=,SIN_TEXTO_INTERNO,2
E14_PRE_01_088_002_00_05_014_5157.pdf,05,V0fMMDxlc0TQqL8xXezPnnSHxoEGEUPC2FqBu4AZfkk=,SIN_TEXTO_INTERNO,2
E14_PRE_01_088_002_00_05_015_5157.pdf,05,snSndB0nEu55Rxa1OBo+J1erguihtrjPQKFFUOJHLhY=,SIN_TEXTO_INTERNO,2
E14_PRE_01_088_002_00_05_016_5157.pdf,05,maO6S/XCOnXTFxkHU9suA1m6McZFyfZ27+TrNg1PR0Q=,SIN_TEXTO_INTERNO,2
E14_PRE_01_088_002_00_05_017_5157.pdf,05,IzxRetgA+ohbe5M6ar43pVrkF2eLYI998jlWEUHe+Rg=,SIN_TEXTO_INTERNO,2
E14_PRE_01_088_002_00_05_018_5157.pdf,05,ZfPGTnypwq6HWvbtEZTcZ3hC6ZK3+lnZklJn/sXvMOc=,SIN_TEXTO_INTERNO,2
E14_PRE_01_088_002_00_05_019_5157.pdf,05,OzV7xhYPzbt1tfxquZbtfxU2HyFbAVMJTWVcHeVZ0Kg=,SIN_TEXTO_INTERNO,2
E14_PRE_01_088_002_00_05_020_5157.pdf,05,OpxZxUJ28EQF9VzC8KT4vT+XlzdMDc7CbO2dPUnVauE=,SIN_TEXTO_INTERNO,2
E14_PRE_01_088_099_00_05_001_5157.pdf,05,NO_DECODIFICADO,SIN_TEXTO_INTERNO,2
E14_PRE_01_088_099_00_05_002_5157.pdf,05,TjGbLkxjgXz0nYOvBZqldAXo18ojGilAAWP5aoJjt/k=,SIN_TEXTO_INTERNO,2
E14_PRE_01_088_099_00_05_003_5157.pdf,05,C/m4fq1cq+0Mg7pVMidyqM3DO8K5zszBjlIYI8PlLso=,SIN_TEXTO_INTERNO,2
E14_PRE_01_088_099_00_05_004_5157.pdf,05,z/KS8kniuAPgFcswZOqIX+dmizX8rdcKQ8UvcYigZHc=,SIN_TEXTO_INTERNO,2
E14_PRE_01_088_099_00_05_005_5157.pdf,05,JGGzD4AOkLAVWFBub509j+1Rq/moiS5pI8+lMSSiDKs=,SIN_TEXTO_INTERNO,2
E14_PRE_01_220_099_00_05_001_2088.pdf,05,GJfBgQ5E3i1uE9EnOKp0G21MRyQFCJU073isF4aFC2Q=,SIN_TEXTO_INTERNO,2
E14_PRE_01_220_099_00_05_002_2088.pdf,05,q0Qa+T3Z6PoL1J7M0yOPhvFFgI2BBNmUFz/s5iJjqzg=,SIN_TEXTO_INTERNO,2
E14_PRE_01_220_099_00_05_003_2088.pdf,05,hY/OJnKYx4qcowwEcl88T9JnINO4BFoQi529S6b+5Ks=,SIN_TEXTO_INTERNO,2
E14_PRE_01_088_001_00_06_001_5155.pdf,06,RrXcuPpCIS/JCWXVwNafJub5LwOtx7VA3gDaRscuhQk=,SIN_TEXTO_INTERNO,2
E14_PRE_01_088_001_00_06_002_5155.pdf,06,9epLFREgkbOGwzdrs7haXITQR7X45lOYDs9I+LLspO4=,SIN_TEXTO_INTERNO,2
E14_PRE_01_088_001_00_06_003_5155.pdf,06,tJhv6Vz/YGSxRTFDdvwZF0ZQptvWxBCC94OMkdWDFqY=,SIN_TEXTO_INTERNO,2
E14_PRE_01_088_001_00_06_004_5155.pdf,06,j5UkxlFYgsZxKcOKYRZAG4Fb/nUeI/MQ6dFuH9wQFqo=,SIN_TEXTO_INTERNO,2
E14_PRE_01_088_001_00_06_005_5155.pdf,06,6xWUH8ison8fz/QjsQK+J+L5yuovTsADNAqwbJrCbGQ=,SIN_TEXTO_INTERNO,2
E14_PRE_01_088_001_00_06_006_5155.pdf,06,x0MVlscA3MccRZVAXCmunADcP6blMehnXvgyxzQvD0Y=,SIN_TEXTO_INTERNO,2
E14_PRE_01_088_001_00_06_007_5155.pdf,06,QAXxNEnSTfLFpz6lA7RoORk2bUDuWtBH385Tp8SghMw=,SIN_TEXTO_INTERNO,2
E14_PRE_01_088_001_00_06_008_5155.pdf,06,FIihYd3idqD6y9d55yoPk0KGsG37Xtm15P4e225o2dA=,SIN_TEXTO_INTERNO,2
E14_PRE_01_088_001_00_06_009_5155.pdf,06,8vvtPR1THtHi26uviD2KecbSkWexe4oZLB+B+e87NAQ=,SIN_TEXTO_INTERNO,2
E14_PRE_01_088_002_00_06_001_5156.pdf,06,bNSQKtu6c5RYm1srxcoJUunxMfnIjfXx41el8MY6GAo=,SIN_TEXTO_INTERNO,2
E14_PRE_01_088_002_00_06_002_5156.pdf,06,lDOkMsTTIMcFv71uTOu7Pkz0J9aUJt7NMKHCHaOTvRI=,SIN_TEXTO_INTERNO,2
E14_PRE_01_088_002_00_06_003_5156.pdf,06,0tTpcWtZm/3vrDUXy4anM7bWGHfm5F32vJvSnK1ElMQ=,SIN_TEXTO_INTERNO,2
E14_PRE_01_088_002_00_06_004_5156.pdf,06,FmkXYeljzEsMA9qdllSNgQsSi39vfFZE7SkpUZtOIDY=,SIN_TEXTO_INTERNO,2
E14_PRE_01_088_002_00_06_005_5156.pdf,06,cAxxl/QWrMcUE39PxN3eo5eq4kkQEvR2+bbwrw0aPxw=,SIN_TEXTO_INTERNO,2
E14_PRE_01_088_002_00_06_006_5156.pdf,06,WHHRDmXuEHb688fG31ANmwXKW2dLICPcmYdGGJ3JqPs=,SIN_TEXTO_INTERNO,2
E14_PRE_01_088_002_00_06_007_5156.pdf,06,rwKZrxWO+RLWhLl8QXGUvJ9ncWPUR+oJIBi8orE6SZ8=,SIN_TEXTO_INTERNO,2
E14_PRE_01_088_002_00_06_008_5156.pdf,06,ZW/1kFeJLzUL/VuaA4qP6+C48U9CLTm0FsX4tGHZO18=,SIN_TEXTO_INTERNO,2
E14_PRE_01_088_002_00_06_009_5156.pdf,06,ksXicaHPo3A8tfcn02+eVTWjtbc4CVVLNEudDXfXj3c=,SIN_TEXTO_INTERNO,2
E14_PRE_01_088_002_00_06_010_5156.pdf,06,1U1TG5sUmmE0JIar9bXU67i32z+YCSnpThQrEKcPG84=,SIN_TEXTO_INTERNO,2
E14_PRE_01_088_002_00_06_011_5156.pdf,06,LaQuN/zf9L1d9VCkIIxp6LfibOl38QBiP+OVegpC0kQ=,SIN_TEXTO_INTERNO,2
E14_PRE_01_088_002_00_06_012_5156.pdf,06,MaJHCHIW6hbi8Wj2b+IztseDGfS90j/0XfPLnPNojf0=,SIN_TEXTO_INTERNO,2
E14_PRE_01_088_002_00_06_013_5156.pdf,06,Z9LgBWSxCf/QEl3Ee5aMXtccM2DN16bg9UpbN8/nms0=,SIN_TEXTO_INTERNO,2
E14_PRE_01_088_099_00_06_001_5157.pdf,06,R8oOnIfDG4W+s7N7+B4LBIjcI+x0l1dasCgD6PjKOGY=,SIN_TEXTO_INTERNO,2
E14_PRE_01_088_099_00_06_002_5157.pdf,06,2CTNHNZatk1KyTdaOPKNw8fNVRa9/inSYpwxBWz5Sqs=,SIN_TEXTO_INTERNO,2
E14_PRE_01_088_001_00_07_001_5154.pdf,07,/oSJanTViEfZKKzhL+nZmb7sNkjWj89Dwc4lAXuAH6Q=,SIN_TEXTO_INTERNO,2
E14_PRE_01_088_001_00_07_002_5154.pdf,07,RVXbUWxN2WYM4jNDAdiM+6i5WO+rQtz9rsWWi42iDPo=,SIN_TEXTO_INTERNO,2
E14_PRE_01_088_001_00_07_003_5154.pdf,07,V0EzMRCrFm1uQ5cXli0yydcmKFDvk5lC6sYxGNc4GFk=,SIN_TEXTO_INTERNO,2
E14_PRE_01_088_001_00_07_004_5154.pdf,07,h1NwM0wFuPurdvspIgBn7m8QTObwaraAcR3/LnfNd4w=,SIN_TEXTO_INTERNO,2
E14_PRE_01_088_001_00_07_005_5154.pdf,07,o7YaXb63JnHkjs/0ly+DcudJRJriiUUyuhLj4C8K760=,SIN_TEXTO_INTERNO,2
E14_PRE_01_088_001_00_07_006_5154.pdf,07,7eD9VujQo2Sbj74SVO0lwHXTaa32SGD8tJ4uKqqop2k=,SIN_TEXTO_INTERNO,2
E14_PRE_01_088_001_00_07_007_5154.pdf,07,mY+7HsjFLRSaUAIXEg7W1XS+hi3bZa3/hSkOqCFZ+h4=,SIN_TEXTO_INTERNO,2
E14_PRE_01_088_001_00_07_008_5154.pdf,07,RM0iFiDjnkK45zjSudTZlRgko5Gkk/TRCnDCKM6s4D4=,SIN_TEXTO_INTERNO,2
E14_PRE_01_088_001_00_07_009_5154.pdf,07,Vlf5lF2YaNwrLGWquqH02opxPOUvUp0zIjJyVPE3NCY=,SIN_TEXTO_INTERNO,2
E14_PRE_01_088_001_00_07_010_5154.pdf,07,r090Liv/SvXXAkHi7io07ReQvYYQLK5ABDE6kl8CFzc=,SIN_TEXTO_INTERNO,2
E14_PRE_01_088_001_00_07_011_5154.pdf,07,/vqa8lghdsasuxnYyJBijMO6HfkgWmq+OKqNROm83jg=,SIN_TEXTO_INTERNO,2
E14_PRE_01_088_001_00_07_012_5154.pdf,07,lmSMSuDoSlYePR3Z9SAA46SNcMg48LkxL/omJ1/Upz8=,SIN_TEXTO_INTERNO,2
E14_PRE_01_088_001_00_07_013_5154.pdf,07,ZsUeuC9BY2Mgz/PGHkTsa4UpbOWVsy5M5Meru1xzEMk=,SIN_TEXTO_INTERNO,2
E14_PRE_01_088_001_00_07_014_5154.pdf,07,3d9YX2CRqmk4oKVEk0WHfQQ1oxsfVpYlDSwPoiv9wVg=,SIN_TEXTO_INTERNO,2
E14_PRE_01_088_001_00_07_015_5154.pdf,07,0FZ4+MccSyTzQHjuPa3qRhRZqHhj3wMG/BfEBboGFyU=,SIN_TEXTO_INTERNO,2
E14_PRE_01_088_001_00_07_016_5154.pdf,07,V4hJ3BVL08/rPmK2156WV87o5XCiEwPceKXMNVFjzoY=,SIN_TEXTO_INTERNO,2
E14_PRE_01_088_001_00_07_017_5154.pdf,07,XGcaMcoCV96T0zvND7tyQOkP6VnWyKwNALBa5lZ05ws=,SIN_TEXTO_INTERNO,2
E14_PRE_01_088_002_00_07_001_5157.pdf,07,dXNaHMAQRDjMc7yIzS2FrKvZmiQicNA2wRSjY8s+GsE=,SIN_TEXTO_INTERNO,2
E14_PRE_01_088_002_00_07_002_5157.pdf,07,fr36jRcGropdQ831Dw6s5Ol2kmfb5JRQM1/mutUkzAQ=,SIN_TEXTO_INTERNO,2
E14_PRE_01_088_002_00_07_003_5157.pdf,07,RLm0W3oj1GLsMrogI3HJw2/emwVb+xt1RXllSG7Id38=,SIN_TEXTO_INTERNO,2
E14_PRE_01_088_002_00_07_004_5157.pdf,07,8vyLNHUWZFg0nR1BuSXP3VIp6kduL389LdDYHieeUiM=,SIN_TEXTO_INTERNO,2
E14_PRE_01_220_099_00_07_001_2088.pdf,07,1ovA2Xd9pFrg6c4WKlJLKqWge0BRLt3LKQbaIAPXuk0=,SIN_TEXTO_INTERNO,2
E14_PRE_01_220_099_00_07_002_2088.pdf,07,C6FrXy4evgJhrQMnoaXEDGm6Yki5laFzdc3+HOtLoOA=,SIN_TEXTO_INTERNO,2
E14_PRE_01_088_001_00_08_001_5155.pdf,08,GWG8PdFtSCt37KZ4BwOmrXQ9h94peNA2z2YFi2XY2/8=,SIN_TEXTO_INTERNO,2
E14_PRE_01_088_001_00_08_002_5155.pdf,08,ocSn/Yn3iUBPQvFc5/SIqtaV5tT7kxtxTZqQcFAAAqM=,SIN_TEXTO_INTERNO,2
E14_PRE_01_088_002_00_08_001_5156.pdf,08,lFfzh1jLI4AtCc+/Cn0eXv1opTY5oS2qR6wacS3Bj6k=,SIN_TEXTO_INTERNO,2
E14_PRE_01_088_002_00_08_002_5156.pdf,08,1JlcvrzReQUwIlrqkaGoJvSYu4HQeAaJpcrFw7WRQTI=,SIN_TEXTO_INTERNO,2
E14_PRE_01_088_002_00_08_003_5156.pdf,08,i6lKj8Nmoj4PCkm4817lApFs513DZZzMrSO215igwWc=,SIN_TEXTO_INTERNO,2
E14_PRE_01_088_002_00_08_004_5156.pdf,08,PwuYBEr19zkVJNCBRDdH5JXOlSZRLD7tEeUt4th9OGU=,SIN_TEXTO_INTERNO,2
E14_PRE_01_088_002_00_08_005_5156.pdf,08,dnWPG4hzaXqSVON3v9UnwL1ZJuCyv/DIzbmA6aDIB4c=,SIN_TEXTO_INTERNO,2
E14_PRE_01_088_002_00_08_006_5156.pdf,08,OGzX+o5JlkloreCj1nFh2LdqLuzh/DbpFrGKxzbmJyI=,SIN_TEXTO_INTERNO,2
E14_PRE_01_088_002_00_08_007_5156.pdf,08,7dbSZwIpjIgrn6UwQu2Md7jWI5C0eOZyns3InzIdHxE=,SIN_TEXTO_INTERNO,2
E14_PRE_01_088_002_00_08_008_5156.pdf,08,vv+sXoGLgAPHIPBul/6zYR4cDMcadApv0eJSpFTDcGY=,SIN_TEXTO_INTERNO,2
E14_PRE_01_088_002_00_08_009_5156.pdf,08,A7DlRbdq+IRLjzD0eUQjZx0MJOQLMS+aQ1sReCIuB6A=,SIN_TEXTO_INTERNO,2
E14_PRE_01_088_002_00_08_010_5156.pdf,08,XpUO12XgUqY9syMGKcW1j7YJ7RMbycAuguDrV+LkRPY=,SIN_TEXTO_INTERNO,2
E14_PRE_01_088_002_00_08_011_5156.pdf,08,Ovo9QvJnt88iCSEf1YfqCc4f6pQykgMT7aL8bYi7y0U=,SIN_TEXTO_INTERNO,2
E14_PRE_01_088_002_00_08_012_5156.pdf,08,AbhdAO7imonjUsXquLOI/L55CbU4F9mVujIwD6/JZBE=,SIN_TEXTO_INTERNO,2
E14_PRE_01_220_099_00_09_001_2088.pdf,09,kj8DJcVfJuaAID0PNKD3eInaqwesb6Weu4uRalEkl/g=,SIN_TEXTO_INTERNO,2
E14_PRE_01_220_099_00_09_002_2088.pdf,09,xKbmQrKMBNmU8KL144/ZqPX+gbJ1LvhOdjvgUaCSOa4=,SIN_TEXTO_INTERNO,2
E14_PRE_01_088_099_00_10_001_5157.pdf,10,4EJXmnGDjOOol7r79diXJ5K7ASffxUDp/5EhIqwVFU4=,SIN_TEXTO_INTERNO,2
E14_PRE_01_088_099_00_17_001_5157.pdf,17,C4mUuzIN49QOCC6vHZMYnBzfVaxxy+Q155Q04C2cbgc=,SIN_TEXTO_INTERNO,2
E14_PRE_01_088_099_00_17_002_5157.pdf,17,25LmDVb5vhL5Ugs71+nMp1GwfdfJn2ee7kYwwFT1QWE=,SIN_TEXTO_INTERNO,2
E14_PRE_01_088_099_00_17_003_5157.pdf,17,4QtM61QWtay4Afyax1BxgJ4BR3+nISOL3PP85zACkJw=,SIN_TEXTO_INTERNO,2
E14_PRE_01_088_099_00_25_001_5157.pdf,25,F6Z7EUpeTnkdmA0I2ze8j5uUOg3JYDXF2iNqmoytZoo=,SIN_TEXTO_INTERNO,2
E14_PRE_01_088_099_00_27_001_5157.pdf,27,mEwREiRfYspzYrn4thE1CN5W1i4h+G0HovIVlmfTAnQ=,SIN_TEXTO_INTERNO,2
E14_PRE_01_088_099_00_28_001_5157.pdf,28,TzbT9KHw7lQZCLYml3Ha/qdNa7kGOvIhnhghLv0FJ/U=,SIN_TEXTO_INTERNO,2
E14_PRE_01_088_099_00_28_002_5157.pdf,28,B5lTrOP2FCN2PH9DnOvxEfvVeA2Lo3qn02b5hehbMOE=,SIN_TEXTO_INTERNO,2
E14_PRE_01_088_099_00_40_001_5157.pdf,40,IH4LUIsYu0fMtAUdjLF51Rr14yzJV1j4zYtzIYaKbpM=,SIN_TEXTO_INTERNO,2
E14_PRE_01_088_099_00_40_002_5157.pdf,40,7keYzvQ7eR9D2V2XC4wMJWZm9ycZxGCYU/6yNmtr53c=,SIN_TEXTO_INTERNO,2
E14_PRE_01_088_099_00_40_003_5157.pdf,40,OPUuO3t5gTuyGO/iB+vUAJJnbPv5lH7B2yci/O8wL4g=,SIN_TEXTO_INTERNO,2
E14_PRE_01_088_099_00_60_001_5157.pdf,60,DYAJ2a5YqqWodGEEJs+P21SdNqQJbKC7WfU91rHNROo=,SIN_TEXTO_INTERNO,2
E14_PRE_01_088_099_00_60_002_5157.pdf,60,c1IIoxt2QuDS9w/KLR/le+l5rRoSUXUyGYTT/lPrarY=,SIN_TEXTO_INTERNO,2
E14_PRE_01_088_099_00_70_001_5157.pdf,70,eGU6loKHaXaggMBRfepEyRNClgsBF0r8UTyjnaCIq5g=,SIN_TEXTO_INTERNO,2
E14_PRE_01_220_099_00_70_001_2088.pdf,70,YmSLRt4u0toP4iJlEdEuFc/JWJa8UifNY3mSeQezS/I=,SIN_TEXTO_INTERNO,2
E14_PRE_01_220_099_00_70_002_2088.pdf,70,64m+C3YONfAjXS6+YV2ibKzwjcmy6atPl9wOZnDxHN0=,SIN_TEXTO_INTERNO,2
E14_PRE_23_088_099_00_40_001_2694_Mesa_1.pdf,ALTO ESTERO,nPRvGeFuLPCvMkqXXD+2NwHQqf/3BLa9IOK/4YjjWmY=,SIN_TEXTO_INTERNO,2
E14_PRE_11_088_099_00_02_001_5611_Mesa_1.pdf,ALTO SAN JOSE,dRM8bpdnI2HEk8AfouGsaN2zcAo+kWT7JlM9LXqeOm8=,SIN_TEXTO_INTERNO,2
E14_PRE_11_088_099_00_02_002_5611_Mesa_2.pdf,ALTO SAN JOSE,7jou/tn7WCTDd9uduvhlVHPiW+EdUBHuzSAi5/cuqeA=,SIN_TEXTO_INTERNO,2
E14_PRE_11_088_099_00_02_003_5611_Mesa_3.pdf,ALTO SAN JOSE,/UYpdv+2U7VpJdrzjWAfskAMxsdrLHb+TQkyq95OjP8=,SIN_TEXTO_INTERNO,2
E14_PRE_25_088_099_00_01_001_2769_Mesa_1.pdf,BABEGA,bk+pdhpz3D+Iq3cphmXz97qcchUQRvYr963nvBhVRa8=,SIN_TEXTO_INTERNO,2
E14_PRE_25_088_099_00_01_002_2769_Mesa_2.pdf,BABEGA,82zcGN8oPi+0QWQeVXswLm9nCQD5LN4o2O5ZxDwDltk=,SIN_TEXTO_INTERNO,2
E14_PRE_25_088_099_00_01_003_2769_Mesa_3.pdf,BABEGA,mKWhZB9y0OpKLqhoEK/XZ33UFWb++r13Keo8kC2rrVg=,SIN_TEXTO_INTERNO,2
E14_PRE_07_088_099_00_07_001_2229_Mesa_1.pdf,BARATOA,dUG1mBbmiKQe1YQkj3WhouDNItbKhioMU4QuTsMwqrI=,SIN_TEXTO_INTERNO,2
E14_PRE_25_088_099_00_03_001_2769_Mesa_1.pdf,BELEN,GHKzeocoaQAD+3jWamzFr2Z6gXNVQk2xbxvRvD5/QPQ=,SIN_TEXTO_INTERNO,2
E14_PRE_15_160_002_00_06_001_5799_Mesa_1.pdf,BLOQUE 2 - COLEGIO TECNOLOGICO,vDj1+IfwLYABWp922QzlV05vtjQgS3COZtZxD/pqzEs=,SIN_TEXTO_INTERNO,2
E14_PRE_15_160_002_00_06_002_5799_Mesa_2.pdf,BLOQUE 2 - COLEGIO TECNOLOGICO,/hpNyPQ0mD3eZp0RNZkF0kphHCvx+u5LwN0axUbvol0=,SIN_TEXTO_INTERNO,2
E14_PRE_15_160_002_00_06_003_5799_Mesa_3.pdf,BLOQUE 2 - COLEGIO TECNOLOGICO,i1fIsMXL/EStkEOIhRO7oTx5uWe4KXFrB/5nRnskYMc=,SIN_TEXTO_INTERNO,2
E14_PRE_15_160_002_00_06_004_5799_Mesa_4.pdf,BLOQUE 2 - COLEGIO TECNOLOGICO,vtlrVpjD4XJqWUhCsotQ8VoD13kLwirwXHz7BZUZD6c=,SIN_TEXTO_INTERNO,2
E14_PRE_15_160_002_00_06_005_5799_Mesa_5.pdf,BLOQUE 2 - COLEGIO TECNOLOGICO,jMD0TM8iUWEQrOztLX7VRdZPS1YV5VB8Po7cPGvAPck=,SIN_TEXTO_INTERNO,2
E14_PRE_15_160_002_00_06_006_5799_Mesa_6.pdf,BLOQUE 2 - COLEGIO TECNOLOGICO,42Jjaq1d9IoakzrpH2mee7C3o6cIpqlatAS11ApHDwE=,SIN_TEXTO_INTERNO,2
E14_PRE_15_160_002_00_06_007_5799_Mesa_7.pdf,BLOQUE 2 - COLEGIO TECNOLOGICO,ylQ1ul8D+i2PlylHoZKE963F8daf/hkACgCZTV0j4kk=,SIN_TEXTO_INTERNO,2
E14_PRE_15_160_002_00_06_008_5799_Mesa_8.pdf,BLOQUE 2 - COLEGIO TECNOLOGICO,UiyhDhVu1S4WkhNpBWh+yfVkhHzACaTd1/bd8YnwJMk=,SIN_TEXTO_INTERNO,2
E14_PRE_15_160_002_00_06_009_5799_Mesa_9.pdf,BLOQUE 2 - COLEGIO TECNOLOGICO,qGGUAhRWXLMvqdaJoYV3V8lcgN4xBf54xHbnPEXm0Xk=,SIN_TEXTO_INTERNO,2
E14_PRE_15_160_002_00_06_010_5799_Mesa_10.pdf,BLOQUE 2 - COLEGIO TECNOLOGICO,XY2e/v5JQCH91OvOl0EB7GrB+A0ONPub7fsIQh9lcNM=,SIN_TEXTO_INTERNO,2
E14_PRE_15_160_002_00_06_011_5799_Mesa_11.pdf,BLOQUE 2 - COLEGIO TECNOLOGICO,CIzAU1zzX/l2iKT6KGOc43E46U9nhZQ+m1lQE0VHG9g=,SIN_TEXTO_INTERNO,2
E14_PRE_15_160_002_00_06_012_5799_Mesa_12.pdf,BLOQUE 2 - COLEGIO TECNOLOGICO,6QBmqhl01jTkKwG+1PtSJXJ3B4ngll1kiwfgf3UdQkI=,SIN_TEXTO_INTERNO,2
E14_PRE_15_160_002_00_06_013_5799_Mesa_13.pdf,BLOQUE 2 - COLEGIO TECNOLOGICO,tFwC6Sv6I5ENowSfWQxLD22sxzTCW/pYDOAOnqAwLl8=,SIN_TEXTO_INTERNO,2
E14_PRE_15_160_002_00_06_014_5799_Mesa_14.pdf,BLOQUE 2 - COLEGIO TECNOLOGICO,ilysNoXXK63lJWhFFDbHU+wRJYHKWsQ1TqQVD0ju3fg=,SIN_TEXTO_INTERNO,2
E14_PRE_15_160_002_00_06_015_5799_Mesa_15.pdf,BLOQUE 2 - COLEGIO TECNOLOGICO,rxOkWpMp3HRCHH9+kwvczzLNLyRa6Lf5WGN+4NW2WlE=,SIN_TEXTO_INTERNO,2
E14_PRE_23_088_099_00_01_001_2694_Mesa_1.pdf,BOLIVAR,RvgAH2UBSGufmdweoObLDYbP7LlscAdJYdObvJFazfI=,SIN_TEXTO_INTERNO,2
E14_PRE_23_088_099_00_02_001_2694_Mesa_1.pdf,BRISAS DE HAMBURGO,RcfdzOHVS9to0urYKtJUFqm+2NX0jp3b4ZzD1j1HsXA=,SIN_TEXTO_INTERNO,2
E14_PRE_01_220_099_00_09_001_2088_Mesa_1.pdf,C. E. R. CARLOS VIECO ORTIZ,kj8DJcVfJuaAID0PNKD3eInaqwesb6Weu4uRalEkl/g=,SIN_TEXTO_INTERNO,2
E14_PRE_01_220_099_00_09_002_2088_Mesa_2.pdf,C. E. R. CARLOS VIECO ORTIZ,xKbmQrKMBNmU8KL144/ZqPX+gbJ1LvhOdjvgUaCSOa4=,SIN_TEXTO_INTERNO,2
E14_PRE_01_220_099_00_70_001_2088_Mesa_1.pdf,C. E. R. PEÑALISA,YmSLRt4u0toP4iJlEdEuFc/JWJa8UifNY3mSeQezS/I=,SIN_TEXTO_INTERNO,2
E14_PRE_01_220_099_00_70_002_2088_Mesa_2.pdf,C. E. R. PEÑALISA,64m+C3YONfAjXS6+YV2ibKzwjcmy6atPl9wOZnDxHN0=,SIN_TEXTO_INTERNO,2
E14_PRE_01_088_099_00_70_001_5157_Mesa_1.pdf,C.E.R SANTA ROSITA,eGU6loKHaXaggMBRfepEyRNClgsBF0r8UTyjnaCIq5g=,SIN_TEXTO_INTERNO,2
E14_PRE_11_088_099_00_01_001_5611_Mesa_1.pdf,CAMPOSANO,433rp8yLDXDwEE/BOhLZ6YqvF6vPZ0WtcL5iIkG9c5c=,SIN_TEXTO_INTERNO,2
E14_PRE_11_088_099_00_01_002_5611_Mesa_2.pdf,CAMPOSANO,TI6IXjjxlKUosVuZtjwdYEAwdE5EOy0Dlrldthi5Sz4=,SIN_TEXTO_INTERNO,2
E14_PRE_11_088_099_00_01_003_5611_Mesa_3.pdf,CAMPOSANO,i0YBHufuISUm81Q59X8Rch4WxswTw4D5yypqMCP3gaI=,SIN_TEXTO_INTERNO,2
E14_PRE_01_088_098_00_01_001_5157_Mesa_1.pdf,CARCEL,NO_DECODIFICADO,SIN_TEXTO_INTERNO,2
E14_PRE_15_088_098_00_01_001_5776_Mesa_1.pdf,CARCEL MUNICIPAL FUNZA,s9Gm3d7h233zjUMFQQO+sklk6u4Bpeq9ImXL7VeJrBs=,SIN_TEXTO_INTERNO,2
E14_PRE_01_220_099_00_01_001_2088_Mesa_1.pdf,CASETA COMUNAL EL CONCILIO,MVKK1QcNpo/PcQ+hPTnDifAxyVMTQTiazzyaUoUsye8=,SIN_TEXTO_INTERNO,2
E14_PRE_01_220_099_00_01_002_2088_Mesa_2.pdf,CASETA COMUNAL EL CONCILIO,+zc0tC1pDjUUgdiCXgMckYVSdN0eEezDEIOWz4zKZv8=,SIN_TEXTO_INTERNO,2
E14_PRE_01_220_099_00_07_001_2088_Mesa_1.pdf,CASETA COMUNAL LA GULUNGA ALTA,1ovA2Xd9pFrg6c4WKlJLKqWge0BRLt3LKQbaIAPXuk0=,SIN_TEXTO_INTERNO,2
E14_PRE_01_220_099_00_07_002_2088_Mesa_2.pdf,CASETA COMUNAL LA GULUNGA ALTA,C6FrXy4evgJhrQMnoaXEDGm6Yki5laFzdc3+HOtLoOA=,SIN_TEXTO_INTERNO,2
E14_PRE_16_001_018_18_62_001_6088_Mesa_1.pdf,CENTRO COMUNITARIO CHAMPAGNAT,B6FmnJM/CpEqL7goLKKdmhI1PKKcyoK86DJ0FePfFQ8=,SIN_TEXTO_INTERNO,2
E14_PRE_16_001_016_16_44_001_6078_Mesa_1.pdf,CENTRO EDUCATIVO DISTRITAL ESPAÑA,c0QK7LPQtzEfSFwt6jTLS0FPq6mbbV+kCv6fzT3h+jI=,SIN_TEXTO_INTERNO,2
E14_PRE_16_001_016_16_44_002_6078_Mesa_2.pdf,CENTRO EDUCATIVO DISTRITAL ESPAÑA,wWBnUKyZ2YebikoqcqyPqb9fLJLtxyEKVGZzW8H6v4I=,SIN_TEXTO_INTERNO,2
E14_PRE_01_088_099_00_06_001_5157_Mesa_1.pdf,CER NO HAY COMO DIOS - SEDE SANTA ELENA,R8oOnIfDG4W+s7N7+B4LBIjcI+x0l1dasCgD6PjKOGY=,SIN_TEXTO_INTERNO,2
E14_PRE_01_088_099_00_06_002_5157_Mesa_2.pdf,CER NO HAY COMO DIOS - SEDE SANTA ELENA,NO_DECODIFICADO,SIN_TEXTO_INTERNO,2
E14_PRE_01_088_099_00_28_001_5157_Mesa_1.pdf,CER RIVERAS DEL CAUCA - SANTIAGO CASTILL,NO_DECODIFICADO,SIN_TEXTO_INTERNO,2
E14_PRE_01_088_099_00_28_002_5157_Mesa_2.pdf,CER RIVERAS DEL CAUCA - SANTIAGO CASTILL,NO_DECODIFICADO,SIN_TEXTO_INTERNO,2
E14_PRE_01_088_099_00_27_001_5157_Mesa_1.pdf,CER VILLA FATIMA - SEDE VEINTE DE JULIO,mEwREiRfYspzYrn4thE1CN5W1i4h+G0HovIVlmfTAnQ=,SIN_TEXTO_INTERNO,2
E14_PRE_15_088_002_00_10_001_5775_Mesa_1.pdf,COL BICENTENARIO,kuZMzNRHXOvN6nmUYmsTxFAW2EsBzRRxMiYf4dr8yLg=,SIN_TEXTO_INTERNO,2
E14_PRE_15_088_002_00_10_002_5775_Mesa_2.pdf,COL BICENTENARIO,PKzln/ZCzzwTNj79HZZoHejmmY8Gt3fFy8vdJqa4pOs=,SIN_TEXTO_INTERNO,2
E14_PRE_15_088_002_00_10_003_5775_Mesa_3.pdf,COL BICENTENARIO,bFy6h0dd5xQIF32mb9RkZlm5HhKDn6WwyqlOUQXsyVU=,SIN_TEXTO_INTERNO,2
E14_PRE_15_088_002_00_10_004_5775_Mesa_4.pdf,COL BICENTENARIO,bgB4UtMlfZVfgZiQsjofktY2MaVkYb88KoQPF2cCafA=,SIN_TEXTO_INTERNO,2
E14_PRE_15_088_002_00_10_005_5775_Mesa_5.pdf,COL BICENTENARIO,Rx/KlwlrdL5fe3zRIG3a91p8Hi2rzlTi42JnsypZPbs=,SIN_TEXTO_INTERNO,2
E14_PRE_15_088_002_00_10_006_5775_Mesa_6.pdf,COL BICENTENARIO,B2tlKJF59YYgcbaqADX/zL8N0gvqMstHY73S3FAubJU=,SIN_TEXTO_INTERNO,2
E14_PRE_15_088_002_00_10_007_5775_Mesa_7.pdf,COL BICENTENARIO,FpiI0TyK7t8NsRwHkLpMIAG4v9w6gfS822LmAIt8YPQ=,SIN_TEXTO_INTERNO,2
E14_PRE_15_088_002_00_10_008_5775_Mesa_8.pdf,COL BICENTENARIO,ayw4sybJHiCjNSKQ51G12vuQJMKsRv+NTMf1FmRAZj4=,SIN_TEXTO_INTERNO,2
E14_PRE_15_088_002_00_10_009_5775_Mesa_9.pdf,COL BICENTENARIO,P6X83HAqV9lIOhaTiifezGFKdFXpz2VKRtSyrnHxSuQ=,SIN_TEXTO_INTERNO,2
E14_PRE_15_088_002_00_10_010_5775_Mesa_10.pdf,COL BICENTENARIO,V2N8ytkjdH8RPTpxuLIVrbDjaPKmP07mPcDD7kJkOyw=,SIN_TEXTO_INTERNO,2
E14_PRE_15_088_002_00_10_011_5775_Mesa_11.pdf,COL BICENTENARIO,oFUfJhleUIOODsvV89AUdkPiTrGcw4n7OCy7Am77rAY=,SIN_TEXTO_INTERNO,2
E14_PRE_15_088_002_00_10_012_5775_Mesa_12.pdf,COL BICENTENARIO,24UgjnfxE5uMxrM/1aEQOAT5tonmH2dBt1vRX6YQxh8=,SIN_TEXTO_INTERNO,2
E14_PRE_15_088_002_00_10_013_5775_Mesa_13.pdf,COL BICENTENARIO,81g7XHl+hgcRRmWLNk07mGg03FdXQ08fUkCZuhetvyw=,SIN_TEXTO_INTERNO,2
E14_PRE_15_088_002_00_10_014_5775_Mesa_14.pdf,COL BICENTENARIO,H7K9yPzglHvtd63SDgfdz++Hu7/BfzxM5Dy0iqYSHec=,SIN_TEXTO_INTERNO,2
E14_PRE_15_088_002_00_10_015_5775_Mesa_15.pdf,COL BICENTENARIO,+u0tm5o/NZ6Ksh1QELlj9cC6bnMfVktDy34GQR4HO28=,SIN_TEXTO_INTERNO,2
E14_PRE_15_088_002_00_10_016_5775_Mesa_16.pdf,COL BICENTENARIO,GN9K9CYPg3i9mNYcrmgx5IpWkwrbvwH+zBUwK+0vTfU=,SIN_TEXTO_INTERNO,2
E14_PRE_15_088_002_00_10_017_5775_Mesa_17.pdf,COL BICENTENARIO,jpBDLWDKxohHrdzLf8o3DEAm6RhcTJ1pJ3/zB/YQx08=,SIN_TEXTO_INTERNO,2
E14_PRE_15_088_002_00_10_018_5775_Mesa_18.pdf,COL BICENTENARIO,EYQopAoIVLFHVz1JE9eGLltF2ZiIFnGIbYOfF5cFubo=,SIN_TEXTO_INTERNO,2
E14_PRE_15_088_002_00_10_019_5775_Mesa_19.pdf,COL BICENTENARIO,s7vDCXK/uJKzVuk4xkzRKWSvrBeO3AjZgt4b4Kd/QMM=,SIN_TEXTO_INTERNO,2
E14_PRE_15_088_002_00_07_001_5774_Mesa_1.pdf,COL COOPERATIVO COMUNAL,crWfvptuTrTp1XjHUpCcRQoSrId9hCy5FxR5zhJGf+s=,SIN_TEXTO_INTERNO,2
E14_PRE_15_088_002_00_07_002_5774_Mesa_2.pdf,COL COOPERATIVO COMUNAL,Mopn+mmQ0cXCGNq++HCv7XeGptwbzMhxTl+II4rREaM=,SIN_TEXTO_INTERNO,2
E14_PRE_15_088_002_00_07_003_5774_Mesa_3.pdf,COL COOPERATIVO COMUNAL,9QHo9nH01KJxH0537NZElA4b24u9+sqT6De8COvSoAs=,SIN_TEXTO_INTERNO,2
E14_PRE_15_088_002_00_07_004_5774_Mesa_4.pdf,COL COOPERATIVO COMUNAL,rCS1ZnachENXHpyLVLGP8e/Vsjb7PaBDdXrL/946liw=,SIN_TEXTO_INTERNO,2
E14_PRE_15_088_002_00_07_005_5774_Mesa_5.pdf,COL COOPERATIVO COMUNAL,n0llfHVtk8jO9yZTJez24JvP2MOg7Q/YEs2sZ25PMn0=,SIN_TEXTO_INTERNO,2
E14_PRE_15_088_002_00_07_006_5774_Mesa_6.pdf,COL COOPERATIVO COMUNAL,Ac+S5x7rBmRjDLoN85EOz9WysKqCOlJkNxmjbM6UMB0=,SIN_TEXTO_INTERNO,2
E14_PRE_15_088_002_00_07_007_5774_Mesa_7.pdf,COL COOPERATIVO COMUNAL,wGIbvTzh6fNtegEMPlAPrdchSmatVss5BxYGICZXaAw=,SIN_TEXTO_INTERNO,2
E14_PRE_15_088_002_00_07_008_5774_Mesa_8.pdf,COL COOPERATIVO COMUNAL,rPeaD+rvOn2vSjTYbNzfW1Wu2dLAbhRsqdIqydN8tqo=,SIN_TEXTO_INTERNO,2
E14_PRE_15_088_002_00_07_009_5774_Mesa_9.pdf,COL COOPERATIVO COMUNAL,lK00KHt5TnJ1AdD8a0hpjMQGKRNSoJccXLWb7ynm24k=,SIN_TEXTO_INTERNO,2
E14_PRE_15_088_002_00_07_010_5774_Mesa_10.pdf,COL COOPERATIVO COMUNAL,VnQYheNCWShUxTl0xaSS6Ch4fIU3JHtmmApEDg67XV0=,SIN_TEXTO_INTERNO,2
E14_PRE_15_088_002_00_07_011_5774_Mesa_11.pdf,COL COOPERATIVO COMUNAL,2SZUOh5F+ew7nVGg4LgoXKmkZPHQtOm9H01+IvE7W1M=,SIN_TEXTO_INTERNO,2
E14_PRE_15_088_002_00_07_012_5774_Mesa_12.pdf,COL COOPERATIVO COMUNAL,Mqy3wAkYLAmF2FQG8bFg049WKHf5X+/CLgVKJUG0jRA=,SIN_TEXTO_INTERNO,2
E14_PRE_15_088_002_00_07_013_5774_Mesa_13.pdf,COL COOPERATIVO COMUNAL,z7aFnFkWgUz5LMqhVhwfbDticAVzTR4hOrZm9STWTkA=,SIN_TEXTO_INTERNO,2
E14_PRE_15_088_002_00_07_014_5774_Mesa_14.pdf,COL COOPERATIVO COMUNAL,C9XWvQmJkJO8XWTtVdOOTgNDokZNDxO3m8QqigfhhJ0=,SIN_TEXTO_INTERNO,2
E14_PRE_15_088_002_00_07_015_5774_Mesa_15.pdf,COL COOPERATIVO COMUNAL,an+JRxHUYyoCWvuUbjJaXpVSxAjsgX6hytqOMOULtZ4=,SIN_TEXTO_INTERNO,2
E14_PRE_15_088_002_00_07_016_5774_Mesa_16.pdf,COL COOPERATIVO COMUNAL,SoyjAMzdPvhFdu5mpID19suBp9waP6nUQMldaBDY2B4=,SIN_TEXTO_INTERNO,2
E14_PRE_15_088_002_00_07_017_5774_Mesa_17.pdf,COL COOPERATIVO COMUNAL,OK4p+tdoe/ZmXxqGYXKsb+7KGnXfUuCoH9hGMNuFrX4=,SIN_TEXTO_INTERNO,2
E14_PRE_15_088_002_00_07_018_5774_Mesa_18.pdf,COL COOPERATIVO COMUNAL,AW1qwfn8dEC58By1RLMXPRjNB0l5LFVmG7cY+f5RGtk=,SIN_TEXTO_INTERNO,2
E14_PRE_15_088_002_00_07_019_5774_Mesa_19.pdf,COL COOPERATIVO COMUNAL,Hyc5TMc6yvtAz1Ijic8wPb1FfptMvdEf8ASP9l5n2TY=,SIN_TEXTO_INTERNO,2
E14_PRE_15_088_002_00_07_020_5774_Mesa_20.pdf,COL COOPERATIVO COMUNAL,R6UASGjsOpx7nBRw/BIBA02q+llr4DpdurxSfaQXZdo=,SIN_TEXTO_INTERNO,2
E14_PRE_15_088_002_00_05_001_5775_Mesa_1.pdf,COL CRISTIANO INTEGRAL,lthhgjmgpkfjqo4+2sV7u/4kuN0MwFcArWxNrvVXdOw=,SIN_TEXTO_INTERNO,2
E14_PRE_15_088_002_00_05_002_5775_Mesa_2.pdf,COL CRISTIANO INTEGRAL,9LuxxeJixd/ZfiDn9o4X4uXeK5iujkRfXmjJT/oMXGo=,SIN_TEXTO_INTERNO,2
E14_PRE_15_088_002_00_05_003_5775_Mesa_3.pdf,COL CRISTIANO INTEGRAL,bQJo7LbGhpLxLDB74iWpkyWMhIsPA75H9J/GikUQMHY=,SIN_TEXTO_INTERNO,2
E14_PRE_15_088_002_00_05_004_5775_Mesa_4.pdf,COL CRISTIANO INTEGRAL,BdaUjg8ENX9CaAQ7L8mawscqe+5W11QZlhIrp8vpYoM=,SIN_TEXTO_INTERNO,2
E14_PRE_15_088_002_00_05_005_5775_Mesa_5.pdf,COL CRISTIANO INTEGRAL,w1WckcnGcs15AMSdQiL+1FECeAUhnh0tuYxmCG5Hii8=,SIN_TEXTO_INTERNO,2
E14_PRE_15_088_002_00_05_006_5775_Mesa_6.pdf,COL CRISTIANO INTEGRAL,lxMYL6N4blu+SYGuhH8BbXu8KeTD845mdGUyqiOFRQ8=,SIN_TEXTO_INTERNO,2
E14_PRE_15_088_002_00_05_007_5775_Mesa_7.pdf,COL CRISTIANO INTEGRAL,60qT/Kfpwg0dKI1uo/GrAvXYq4AQFefB1UAC4J9ryUo=,SIN_TEXTO_INTERNO,2
E14_PRE_15_088_002_00_05_008_5775_Mesa_8.pdf,COL CRISTIANO INTEGRAL,z+h/Q7BlL/05H3f+lxqOsyFWa3mtPtz0UkI6yAWa8QM=,SIN_TEXTO_INTERNO,2
E14_PRE_15_088_002_00_05_009_5775_Mesa_9.pdf,COL CRISTIANO INTEGRAL,rwLZYIWFAVYh2kIZkxLV6Fo2lyd8IbamnQOxHWikPaE=,SIN_TEXTO_INTERNO,2
E14_PRE_15_088_002_00_05_010_5775_Mesa_10.pdf,COL CRISTIANO INTEGRAL,PcItboYXYccTwzGM6kDs3yW45wx4Ksy3mEpIX7c0vnE=,SIN_TEXTO_INTERNO,2
E14_PRE_15_088_002_00_05_011_5775_Mesa_11.pdf,COL CRISTIANO INTEGRAL,6/MFQkN013x026cr2SXnKfuMpVYBtttIDee1U02wyD8=,SIN_TEXTO_INTERNO,2
E14_PRE_15_088_002_00_05_012_5775_Mesa_12.pdf,COL CRISTIANO INTEGRAL,ynPlP4SaDwedzvYlpiD5d9ubz1Upp6cg5xuiFX7duhY=,SIN_TEXTO_INTERNO,2
E14_PRE_15_088_001_00_05_001_5775_Mesa_1.pdf,COL FURATENA,ZIW405STRir+q9iRhYW/1c28eJmHMV/8IKQSauz3zAo=,SIN_TEXTO_INTERNO,2
E14_PRE_15_088_001_00_05_002_5775_Mesa_2.pdf,COL FURATENA,IwWxjrQOMa/e8nvqV/BRVa2jvO84LN1TZGqvgZgLZ4U=,SIN_TEXTO_INTERNO,2
E14_PRE_15_088_001_00_05_003_5775_Mesa_3.pdf,COL FURATENA,zLW2ll+phUBCjVs8XUebKqlBllz8dd20Diajuuq5Z7g=,SIN_TEXTO_INTERNO,2
E14_PRE_15_088_001_00_05_004_5775_Mesa_4.pdf,COL FURATENA,IdOF3S/UVYqUEXpW3iMvZ9X91VPbqv6vkJps/vRLLT8=,SIN_TEXTO_INTERNO,2
E14_PRE_15_088_001_00_05_005_5775_Mesa_5.pdf,COL FURATENA,aNXex5dWTOf/P/6E2sDdbc6hk3ombTrOgT/C1Br/Wp8=,SIN_TEXTO_INTERNO,2
E14_PRE_15_088_001_00_05_006_5775_Mesa_6.pdf,COL FURATENA,ShdhPe1YY0bY0keFDd+yegDN7Ru1k6FC+xErAXB+BeY=,SIN_TEXTO_INTERNO,2
E14_PRE_15_088_001_00_05_007_5775_Mesa_7.pdf,COL FURATENA,Sf3/G9QAhFPVkytMCrQwgbhxs8JvgrzOVS+PlJzvcjU=,SIN_TEXTO_INTERNO,2
E14_PRE_15_088_001_00_05_008_5775_Mesa_8.pdf,COL FURATENA,RXAOy6cHpjBdWEWR8z6nXNTqBH0j0ztmW15tVcpT8Og=,SIN_TEXTO_INTERNO,2
E14_PRE_15_088_001_00_05_009_5775_Mesa_9.pdf,COL FURATENA,xLRtficunn+G/ASonZdvvbe7Y2mHrZluMgxvNKVJ9uk=,SIN_TEXTO_INTERNO,2
E14_PRE_15_088_001_00_05_010_5775_Mesa_10.pdf,COL FURATENA,nzrR929fKfuo4B/nzsYajhKW/egFTx81XLAqi8nNV0Y=,SIN_TEXTO_INTERNO,2
E14_PRE_15_088_001_00_05_011_5775_Mesa_11.pdf,COL FURATENA,0Ki+OyhoAPmqP5n3VoM3dS+Z9AXxe9YtcKU5kdFsNJA=,SIN_TEXTO_INTERNO,2
E14_PRE_15_088_001_00_05_012_5775_Mesa_12.pdf,COL FURATENA,KNRRludfhOTaRKq3JhJn6LkYqlAr//6Ldf1it2SAx5Y=,SIN_TEXTO_INTERNO,2
E14_PRE_15_088_001_00_05_013_5775_Mesa_13.pdf,COL FURATENA,ME2W7hrnM3fSGlHaul39kQ7qr4TqJOVNKX/CB1/0jTE=,SIN_TEXTO_INTERNO,2
E14_PRE_15_088_002_00_08_001_5776_Mesa_1.pdf,COL LA UNIDAD BASICA,0qTbfKX/JFzVel2r1jZoZJgXwBmi9Xfxq8QgEdcqnYU=,SIN_TEXTO_INTERNO,2
E14_PRE_15_088_002_00_08_002_5776_Mesa_2.pdf,COL LA UNIDAD BASICA,Duc9uSPAhKd/30FMUqmO+KBPGzJCNOAneh7PCjwwcYI=,SIN_TEXTO_INTERNO,2
E14_PRE_15_088_002_00_08_003_5776_Mesa_3.pdf,COL LA UNIDAD BASICA,JYjdo7CRpxSZhBARyFtB2m6wHMJcBwBYuJjj//TYCbo=,SIN_TEXTO_INTERNO,2
E14_PRE_15_088_002_00_08_004_5776_Mesa_4.pdf,COL LA UNIDAD BASICA,YACbTbidGxkw4I09XpKRLYk8ZhIIF0hnhpObJjzY5c4=,SIN_TEXTO_INTERNO,2
E14_PRE_15_088_002_00_08_005_5776_Mesa_5.pdf,COL LA UNIDAD BASICA,yxWvvXwiiAYm5+4ci4dNA8TNsorP2n0EzK7UzKKSl4o=,SIN_TEXTO_INTERNO,2
E14_PRE_15_088_002_00_08_006_5776_Mesa_6.pdf,COL LA UNIDAD BASICA,90YfnS2Q/H9rfVKZAD63ERHNQCE1raSRs64RxX0ITJ0=,SIN_TEXTO_INTERNO,2
E14_PRE_15_088_002_00_08_007_5776_Mesa_7.pdf,COL LA UNIDAD BASICA,2/RL+9eeA22phQMq3McBP40lVArMHM8eH3NkN5tXp5k=,SIN_TEXTO_INTERNO,2
E14_PRE_15_088_002_00_08_008_5776_Mesa_8.pdf,COL LA UNIDAD BASICA,1x0GHP/GfHn9P7V0mJv4Zk5n0oU0BRv7yeaJZFlrkcY=,SIN_TEXTO_INTERNO,2
E14_PRE_15_088_002_00_08_009_5776_Mesa_9.pdf,COL LA UNIDAD BASICA,fzANxrSZqhxbiryh3z9r6sg+dLBRQmGWvdw1zJftbMM=,SIN_TEXTO_INTERNO,2
E14_PRE_15_088_002_00_08_010_5776_Mesa_10.pdf,COL LA UNIDAD BASICA,W8Jk8rdsMbHVJM2LBSuaAF71B/SyQHhQqcJtln4GSq8=,SIN_TEXTO_INTERNO,2
E14_PRE_15_088_002_00_08_011_5776_Mesa_11.pdf,COL LA UNIDAD BASICA,AGCXH03MRFoNMTjdfSCUEsiyYlSZFk+140lY47uHK4Y=,SIN_TEXTO_INTERNO,2
E14_PRE_15_088_002_00_08_012_5776_Mesa_12.pdf,COL LA UNIDAD BASICA,bzZ2Mr6869hsSRnO0irxj3Ad3jtEbF6HzKx4rwptVvk=,SIN_TEXTO_INTERNO,2
E14_PRE_15_088_002_00_08_013_5776_Mesa_13.pdf,COL LA UNIDAD BASICA,nhpVj21HmsioeH1z1Rzays3tnyBDO1g5DEOCx3m1zJQ=,SIN_TEXTO_INTERNO,2
E14_PRE_15_088_002_00_08_014_5776_Mesa_14.pdf,COL LA UNIDAD BASICA,wIQsK1Vdu6KS6DOIk1ktyvEBD2Ft2k64oRdcU6btvf4=,SIN_TEXTO_INTERNO,2
E14_PRE_15_088_002_00_08_015_5776_Mesa_15.pdf,COL LA UNIDAD BASICA,rl11zqKtSbNH6rq+H09/TDzd0Boxq0Q7qB8uo1DJ3+g=,SIN_TEXTO_INTERNO,2
E14_PRE_15_088_002_00_08_016_5776_Mesa_16.pdf,COL LA UNIDAD BASICA,32hh2n+Q3QfjaM+EKeeHvjp+otWI3BR9X8KAtXcRIMc=,SIN_TEXTO_INTERNO,2
E14_PRE_15_088_002_00_08_017_5776_Mesa_17.pdf,COL LA UNIDAD BASICA,7BE58jI+sAE8Fr7TQF2gCvZzWGP6tBbGV5koYbgBbaw=,SIN_TEXTO_INTERNO,2
E14_PRE_15_088_001_00_04_001_5773_Mesa_1.pdf,COL MIGUEL ANTONIO CARO,5SqxVMxoZu1pXS29Ar0ltL2X+dO6xD6sWBGbmAMCUZ4=,SIN_TEXTO_INTERNO,2
E14_PRE_15_088_001_00_04_002_5773_Mesa_2.pdf,COL MIGUEL ANTONIO CARO,dXFQK0TuJ9FASq3JsZfH0IBgAA594rnrjZL3RorL8BM=,SIN_TEXTO_INTERNO,2
E14_PRE_15_088_001_00_04_003_5773_Mesa_3.pdf,COL MIGUEL ANTONIO CARO,xHoklgfM8yp7VCpC7zNP+/ukHpqZSZ9QCfDIRZgURSw=,SIN_TEXTO_INTERNO,2
E14_PRE_15_088_001_00_04_004_5773_Mesa_4.pdf,COL MIGUEL ANTONIO CARO,NpTY3yfFudG7yLDtNZKEQm7nEQecgDjYhY7vAO5n+eg=,SIN_TEXTO_INTERNO,2
E14_PRE_15_088_001_00_04_005_5773_Mesa_5.pdf,COL MIGUEL ANTONIO CARO,7iMKQgDsg99BqmASCM+L8mm+TopuPYEEJntARZtZlnM=,SIN_TEXTO_INTERNO,2
E14_PRE_15_088_001_00_04_006_5773_Mesa_6.pdf,COL MIGUEL ANTONIO CARO,C2BHscHvVRUgOyBJANXBGyn7XTWC2fSUmYT3vqhakf4=,SIN_TEXTO_INTERNO,2
E14_PRE_15_088_001_00_04_007_5773_Mesa_7.pdf,COL MIGUEL ANTONIO CARO,f0xYvbA/J7Lca9s7gApB99p4y3gFrNQjslAPz929KOE=,SIN_TEXTO_INTERNO,2
E14_PRE_15_088_001_00_04_008_5773_Mesa_8.pdf,COL MIGUEL ANTONIO CARO,r8+0tT1w0YnrmHYGSlSldmoGzznDrlQEBVmtSi9FI3U=,SIN_TEXTO_INTERNO,2
E14_PRE_15_088_001_00_04_009_5773_Mesa_9.pdf,COL MIGUEL ANTONIO CARO,hOv1Uhrcjcv1H2ROyZVLLj7CHVc25+SO3zk1KwIa+Fg=,SIN_TEXTO_INTERNO,2
E14_PRE_15_088_001_00_04_010_5773_Mesa_10.pdf,COL MIGUEL ANTONIO CARO,anXrb3qRfOoaMDDDj/boY7zAJUN3tu5nSlfuKXxVb8I=,SIN_TEXTO_INTERNO,2
E14_PRE_15_088_001_00_04_011_5773_Mesa_11.pdf,COL MIGUEL ANTONIO CARO,BoBJxh8BAhed/wGpVg+e16973+WVj0ZMy/jwktqoTIQ=,SIN_TEXTO_INTERNO,2
E14_PRE_15_088_001_00_04_012_5773_Mesa_12.pdf,COL MIGUEL ANTONIO CARO,f+RwQX5cUmA5pUzeZgVgZniFgo5GQfKzH2vcBmbZUmM=,SIN_TEXTO_INTERNO,2
E14_PRE_15_088_001_00_04_013_5773_Mesa_13.pdf,COL MIGUEL ANTONIO CARO,lScCJJTylJDN6Jo7L2qIvfFEElgz6MOrpMYittGruNY=,SIN_TEXTO_INTERNO,2
E14_PRE_15_088_001_00_04_014_5773_Mesa_14.pdf,COL MIGUEL ANTONIO CARO,s+oFHuW4lZ/7dNV7yICNvmYqR9OMvS7TjFQjCLExKH4=,SIN_TEXTO_INTERNO,2
E14_PRE_15_088_001_00_04_015_5773_Mesa_15.pdf,COL MIGUEL ANTONIO CARO,i7M6IzGHgohTG1gfbk7BWrL117aWZx9OazS6VScbB7k=,SIN_TEXTO_INTERNO,2
E14_PRE_15_088_001_00_04_016_5773_Mesa_16.pdf,COL MIGUEL ANTONIO CARO,/Z+Tq1o8h66Pdnbg4bpo9oQy6uNEnvfaELn5yGNVLQY=,SIN_TEXTO_INTERNO,2
E14_PRE_15_088_001_00_04_017_5773_Mesa_17.pdf,COL MIGUEL ANTONIO CARO,+URgvCAr5QgIlGzdw+KtepXiSpdP72fkuReTso5ST3o=,SIN_TEXTO_INTERNO,2
E14_PRE_15_088_001_00_04_018_5773_Mesa_18.pdf,COL MIGUEL ANTONIO CARO,xBQ+9KLfr636lx/v7pp9oBUqutPl4ipvwLo/a43ukAM=,SIN_TEXTO_INTERNO,2
E14_PRE_15_088_001_00_04_019_5773_Mesa_19.pdf,COL MIGUEL ANTONIO CARO,nKoz/3tKVHCc/f3kJSG3fgmvu0gyf9Dtl1+e+PLWbHQ=,SIN_TEXTO_INTERNO,2
E14_PRE_15_088_001_00_04_020_5773_Mesa_20.pdf,COL MIGUEL ANTONIO CARO,7AhQ4jxbxuHd/UFdUYzuDoAKNeKLSbszqUeDlVQHyx0=,SIN_TEXTO_INTERNO,2
E14_PRE_15_088_001_00_04_021_5773_Mesa_21.pdf,COL MIGUEL ANTONIO CARO,fq3TojNgvroM3+TSkf7Pc9KQEBedXUrBq4JqAiBq2pc=,SIN_TEXTO_INTERNO,2
E14_PRE_15_088_001_00_04_022_5773_Mesa_22.pdf,COL MIGUEL ANTONIO CARO,fWTRhdUftBI8KnJLmvqImKIED82yr2GzEjHjJG2DkXM=,SIN_TEXTO_INTERNO,2
E14_PRE_15_088_001_00_01_001_5772_Mesa_1.pdf,COL MIL CNEL JUAN JOSE RONDON,dl5UDAanXk6lK2e0xfjGztmKp7z2SMwNZsDoKESpSS4=,SIN_TEXTO_INTERNO,2
E14_PRE_15_088_001_00_01_002_5772_Mesa_2.pdf,COL MIL CNEL JUAN JOSE RONDON,1rJoOJ7xqoiBeLcm4PqjKZYvtNb5Ol9B26av0W4I1F8=,SIN_TEXTO_INTERNO,2
E14_PRE_15_088_001_00_01_003_5772_Mesa_3.pdf,COL MIL CNEL JUAN JOSE RONDON,SnqBqwVYX91qKQnvN5r38lLeSGDGRbly+OI0JB6iidQ=,SIN_TEXTO_INTERNO,2
E14_PRE_15_088_001_00_01_004_5772_Mesa_4.pdf,COL MIL CNEL JUAN JOSE RONDON,YMBny7JtS+DlNK7uB4sBiNA2azs9sAK+hx039vdxiP8=,SIN_TEXTO_INTERNO,2
E14_PRE_15_088_001_00_01_005_5772_Mesa_5.pdf,COL MIL CNEL JUAN JOSE RONDON,DMG0dQH94vzTAFAbK6KopFQEkRCxFfCmIKCUGhoGHbQ=,SIN_TEXTO_INTERNO,2
E14_PRE_15_088_001_00_01_006_5772_Mesa_6.pdf,COL MIL CNEL JUAN JOSE RONDON,x+5/CMc54gqkdAr0EnP/RNwAnOtrgCspz7VczDMDWUk=,SIN_TEXTO_INTERNO,2
E14_PRE_15_088_001_00_01_007_5772_Mesa_7.pdf,COL MIL CNEL JUAN JOSE RONDON,rZ+sgFHhCE9nPKzftb5WjGYbSKNaMMfxhjEZpZkgldQ=,SIN_TEXTO_INTERNO,2
E14_PRE_15_088_001_00_01_008_5772_Mesa_8.pdf,COL MIL CNEL JUAN JOSE RONDON,N6SGxmKkoEgPMtrXxavN6PlR93Xu2kkKIxfGLdjB/Yg=,SIN_TEXTO_INTERNO,2
E14_PRE_15_088_001_00_01_009_5772_Mesa_9.pdf,COL MIL CNEL JUAN JOSE RONDON,UVtvQV4UbNZecagAUEPf6rrG/6WHNoH6dUrlDn96EYU=,SIN_TEXTO_INTERNO,2
E14_PRE_15_088_001_00_01_010_5772_Mesa_10.pdf,COL MIL CNEL JUAN JOSE RONDON,98i97aKDrgpOfaJdmIZfLzu5wu0jRCvoTno3wn2nTpg=,SIN_TEXTO_INTERNO,2
E14_PRE_15_088_001_00_01_011_5772_Mesa_11.pdf,COL MIL CNEL JUAN JOSE RONDON,M5111KqfJRzmwrNe7r3BNaBZk+04e7ladfUmGYA+Li8=,SIN_TEXTO_INTERNO,2
E14_PRE_15_088_001_00_01_012_5772_Mesa_12.pdf,COL MIL CNEL JUAN JOSE RONDON,/1sS3RJHowQFvAbh2Ym8LwzeusXRijQdrOOOEG97kzY=,SIN_TEXTO_INTERNO,2
E14_PRE_15_088_001_00_01_013_5772_Mesa_13.pdf,COL MIL CNEL JUAN JOSE RONDON,LwiVDRz2V7v1X2KAjc7N/h0DmxrsWLn4ngbOA9X1710=,SIN_TEXTO_INTERNO,2
E14_PRE_15_088_001_00_01_014_5772_Mesa_14.pdf,COL MIL CNEL JUAN JOSE RONDON,c0hZK8YKx30qQU6A0kEps9/8htvEseVLT9zTb2VsCzM=,SIN_TEXTO_INTERNO,2
E14_PRE_15_088_001_00_01_015_5772_Mesa_15.pdf,COL MIL CNEL JUAN JOSE RONDON,QU8IXyLwcm4L865+kDsP0NRJtH01oUa1pE9jXqbRxjU=,SIN_TEXTO_INTERNO,2
E14_PRE_15_088_001_00_01_016_5772_Mesa_16.pdf,COL MIL CNEL JUAN JOSE RONDON,6eX6cmX80Btn9J1kuhKkoRD/wsNTA7BfeKuOhsOw/G4=,SIN_TEXTO_INTERNO,2
E14_PRE_15_088_001_00_01_017_5772_Mesa_17.pdf,COL MIL CNEL JUAN JOSE RONDON,SFcAkq61USGK4yh2NL7Xg5Twhdq7XgewD/9iFVSnxAw=,SIN_TEXTO_INTERNO,2
E14_PRE_15_088_001_00_01_018_5772_Mesa_18.pdf,COL MIL CNEL JUAN JOSE RONDON,Xc4fSA5igwsTs71N5DDyb/TpaXK18yO4TFzepDWR/pk=,SIN_TEXTO_INTERNO,2
E14_PRE_15_088_001_00_01_019_5772_Mesa_19.pdf,COL MIL CNEL JUAN JOSE RONDON,W+Z8EQEBCA+83RgzJt7XIM4CJ8BT7Naunm8+5ifoP1A=,SIN_TEXTO_INTERNO,2
E14_PRE_15_088_001_00_01_020_5772_Mesa_20.pdf,COL MIL CNEL JUAN JOSE RONDON,Kb7OSeyr4j+CDcKKXdCQKX0T+7dpUWWIQ3wKOosDjrY=,SIN_TEXTO_INTERNO,2
E14_PRE_15_088_001_00_01_021_5772_Mesa_21.pdf,COL MIL CNEL JUAN JOSE RONDON,2N4Y7K89sHfMdzxi7+jWfxewepyg/Br734pFAKTKgGA=,SIN_TEXTO_INTERNO,2
E14_PRE_15_088_001_00_01_022_5772_Mesa_22.pdf,COL MIL CNEL JUAN JOSE RONDON,fxD490EtDHCKKZ0rfVohU3uCo9bhhYDLeQwO6tw6YaM=,SIN_TEXTO_INTERNO,2
E14_PRE_15_088_001_00_01_023_5772_Mesa_23.pdf,COL MIL CNEL JUAN JOSE RONDON,J87ebDOPTrCYa+0CNfORoJUrt6NcCsYddrRkge0VakU=,SIN_TEXTO_INTERNO,2
E14_PRE_15_088_001_00_01_024_5772_Mesa_24.pdf,COL MIL CNEL JUAN JOSE RONDON,WP6rLWSZDTJoOyixpcA36in7Smf8waWQ6B+VgO7T6qQ=,SIN_TEXTO_INTERNO,2
E14_PRE_01_088_002_00_02_001_5155_Mesa_1.pdf,COL MIL EL TESORO DEL SABER,wbvZL0CLMkwac46Mumq3tyqSMDq24wjLSGD1T3/v18Y=,SIN_TEXTO_INTERNO,2
E14_PRE_01_088_002_00_02_002_5155_Mesa_2.pdf,COL MIL EL TESORO DEL SABER,nUz1cGws1MjyTbnbRo6QwSVHaznnSX+zfYynsUKRN4U=,SIN_TEXTO_INTERNO,2
E14_PRE_01_088_002_00_02_003_5155_Mesa_3.pdf,COL MIL EL TESORO DEL SABER,H1U46QWI8YPDsWmwSYB0jWkXk5MgV7YJe+laqIq0PXo=,SIN_TEXTO_INTERNO,2
E14_PRE_01_088_002_00_02_004_5155_Mesa_4.pdf,COL MIL EL TESORO DEL SABER,gRaTRR38DrMJnMrJxw4OBrBCv6PI6XMwUBs9Z6UWkyU=,SIN_TEXTO_INTERNO,2
E14_PRE_01_088_002_00_02_005_5155_Mesa_5.pdf,COL MIL EL TESORO DEL SABER,NO_DECODIFICADO,SIN_TEXTO_INTERNO,2
E14_PRE_01_088_002_00_02_006_5155_Mesa_6.pdf,COL MIL EL TESORO DEL SABER,NO_DECODIFICADO,SIN_TEXTO_INTERNO,2
E14_PRE_01_088_002_00_02_007_5155_Mesa_7.pdf,COL MIL EL TESORO DEL SABER,yr/SGMMF6hjirpvaovsUs439Uf42kTWN+/rVqAx9lUY=,SIN_TEXTO_INTERNO,2
E14_PRE_01_088_002_00_02_008_5155_Mesa_8.pdf,COL MIL EL TESORO DEL SABER,NO_DECODIFICADO,SIN_TEXTO_INTERNO,2
E14_PRE_01_088_002_00_02_009_5155_Mesa_9.pdf,COL MIL EL TESORO DEL SABER,NO_DECODIFICADO,SIN_TEXTO_INTERNO,2
E14_PRE_01_088_002_00_02_010_5155_Mesa_10.pdf,COL MIL EL TESORO DEL SABER,iFSSl4jZmDmzjN8e2eDjNkK5wAS7s+YCNM8NaYVvKGU=,SIN_TEXTO_INTERNO,2
E14_PRE_01_088_002_00_02_011_5155_Mesa_11.pdf,COL MIL EL TESORO DEL SABER,dL69+h5kTRKUszTrkSZXuyXHo//dcCA4rwdbZB2O+5k=,SIN_TEXTO_INTERNO,2
E14_PRE_01_088_002_00_02_012_5155_Mesa_12.pdf,COL MIL EL TESORO DEL SABER,lniYwikfHIN/E18+Og0y27QbEaWoEE/usitJFMMHV/w=,SIN_TEXTO_INTERNO,2
E14_PRE_01_088_002_00_02_013_5155_Mesa_13.pdf,COL MIL EL TESORO DEL SABER,i3yz2yhBqXd04k7PxgfBy1YM6Eepfm0F4sg+XgcrS00=,SIN_TEXTO_INTERNO,2
E14_PRE_15_088_002_00_02_001_5776_Mesa_1.pdf,COL NUESTRA SEÑORA DEL ROSARIO,bTySVfTVapKd3XX1FIC+gFn36Np2lBS8EqMzY+qNdDw=,SIN_TEXTO_INTERNO,2
E14_PRE_15_088_002_00_02_002_5776_Mesa_2.pdf,COL NUESTRA SEÑORA DEL ROSARIO,Y/BB8deu9jYC1LGJeddFp126935Wy5TJPPek5LoiCWI=,SIN_TEXTO_INTERNO,2
E14_PRE_15_088_002_00_02_003_5776_Mesa_3.pdf,COL NUESTRA SEÑORA DEL ROSARIO,Guqc4z3eJMZbqOoDG4y+DwXgADxBoCBshdg7om3/5vE=,SIN_TEXTO_INTERNO,2
E14_PRE_15_088_002_00_02_004_5776_Mesa_4.pdf,COL NUESTRA SEÑORA DEL ROSARIO,PoDMGnqbFrXkQpvzpnjDAk7hgVQSBMqtId8/+Q1EsEo=,SIN_TEXTO_INTERNO,2
E14_PRE_15_088_002_00_02_005_5776_Mesa_5.pdf,COL NUESTRA SEÑORA DEL ROSARIO,balgWWTUqDVr18mywt+N7s9O0n4eBjWDGtO53Joe9aQ=,SIN_TEXTO_INTERNO,2
E14_PRE_15_088_002_00_02_006_5776_Mesa_6.pdf,COL NUESTRA SEÑORA DEL ROSARIO,J4iPU9wWz7dm6d42TETPxUnVwqkXjidlSQm+pImXT0c=,SIN_TEXTO_INTERNO,2
E14_PRE_15_088_002_00_02_007_5776_Mesa_7.pdf,COL NUESTRA SEÑORA DEL ROSARIO,XM518C2Xy06qbYpz3t7fCcORH3Em5ydaAdRDipkImXo=,SIN_TEXTO_INTERNO,2
E14_PRE_15_088_002_00_02_008_5776_Mesa_8.pdf,COL NUESTRA SEÑORA DEL ROSARIO,sRJ/uCg2QcLiazdPfApugWFlGiJ/vxCjEr9UtLigzEs=,SIN_TEXTO_INTERNO,2
E14_PRE_15_088_002_00_02_009_5776_Mesa_9.pdf,COL NUESTRA SEÑORA DEL ROSARIO,hX35uNfCqfGAfwvT+fzDQBnRxyIZ++DzY3ZKHF4CSO4=,SIN_TEXTO_INTERNO,2
E14_PRE_15_088_002_00_04_001_5776_Mesa_1.pdf,COL PARROQUIAL SANTIAGO APOSTOL,pApaA3TJEtPOuz01vi7u3GrLF8IUwjxGVe+ehpI+IEM=,SIN_TEXTO_INTERNO,2
E14_PRE_15_088_002_00_04_002_5776_Mesa_2.pdf,COL PARROQUIAL SANTIAGO APOSTOL,gL3iuqPDTjTMu/tF4MpheTTpKET+7t/UTcrL5eyRkFM=,SIN_TEXTO_INTERNO,2
E14_PRE_15_088_002_00_04_003_5776_Mesa_3.pdf,COL PARROQUIAL SANTIAGO APOSTOL,QoqAp+7yNzGIbpFKCIbIW/XzgPynuBEEoXc2sbTCdow=,SIN_TEXTO_INTERNO,2
E14_PRE_15_088_002_00_04_004_5776_Mesa_4.pdf,COL PARROQUIAL SANTIAGO APOSTOL,4GSjSPCJny/MxVERNxPpLix8CJW0llQ9UijwHqWG1X4=,SIN_TEXTO_INTERNO,2
E14_PRE_15_088_002_00_04_005_5776_Mesa_5.pdf,COL PARROQUIAL SANTIAGO APOSTOL,9DVNCPLdqJUOpWKBTd8fRuF2W31cUVwDtdjqhN+qrLY=,SIN_TEXTO_INTERNO,2
E14_PRE_15_088_002_00_01_001_5774_Mesa_1.pdf,COL SAN JOSE,NwzxJ18fjjscZqzPwJYwXLIZkUxVs0XpalAYeU+sDN0=,SIN_TEXTO_INTERNO,2
E14_PRE_15_088_002_00_01_002_5774_Mesa_2.pdf,COL SAN JOSE,BMuhPu1F5v676CEpFjBwi9Kq2HyvqKcNuMuxeeI8Ebs=,SIN_TEXTO_INTERNO,2
E14_PRE_15_088_002_00_01_003_5774_Mesa_3.pdf,COL SAN JOSE,Q8mnwRGkGzNaDNNcMZpIoEpMu+qzXFyyrI/kbR9M3uk=,SIN_TEXTO_INTERNO,2
E14_PRE_15_088_002_00_01_004_5774_Mesa_4.pdf,COL SAN JOSE,C8CZ8fcJqMxQLmOvi9FC6QmfVfoghxwaw6XJIbzc0JY=,SIN_TEXTO_INTERNO,2
E14_PRE_15_088_002_00_01_005_5774_Mesa_5.pdf,COL SAN JOSE,SjxkjQGxIWXPx6RGOmSeu7OkKGyB/xsM3E5DlJeke84=,SIN_TEXTO_INTERNO,2
E14_PRE_15_088_002_00_01_006_5774_Mesa_6.pdf,COL SAN JOSE,JYaQJvTyHT7xaB372e3DVnnwzB3i8AmIU/LQoMkgUFU=,SIN_TEXTO_INTERNO,2
E14_PRE_15_088_002_00_01_007_5774_Mesa_7.pdf,COL SAN JOSE,mFIJ3aWe1n/oyURn5dM8PWE/jISrd+iHWPQynXjn4lg=,SIN_TEXTO_INTERNO,2
E14_PRE_15_088_002_00_01_008_5774_Mesa_8.pdf,COL SAN JOSE,s0H6TWI9eA5mavazr6DpWtPAOUFVnEsrKn43j8N6qpU=,SIN_TEXTO_INTERNO,2
E14_PRE_15_088_002_00_01_009_5774_Mesa_9.pdf,COL SAN JOSE,U+HDT2nn02Crp6Ca0R/iD6SydGMWFI4H+3oYdpPKAhI=,SIN_TEXTO_INTERNO,2
E14_PRE_15_088_002_00_01_010_5774_Mesa_10.pdf,COL SAN JOSE,151RnPQ3g7H2QWmqw+fSx39+yEpq8PgwO4Lhau82HMo=,SIN_TEXTO_INTERNO,2
E14_PRE_15_088_002_00_01_011_5774_Mesa_11.pdf,COL SAN JOSE,zKxNyC98v2SL/GngsPGo9efLWw0C3DL52z5oIblBuUY=,SIN_TEXTO_INTERNO,2
E14_PRE_15_088_002_00_01_012_5774_Mesa_12.pdf,COL SAN JOSE,Xywfp6ZTtYqoa2jFAd9bblthJgK0ZLfhii0ofrzuSQQ=,SIN_TEXTO_INTERNO,2
E14_PRE_15_088_002_00_01_013_5774_Mesa_13.pdf,COL SAN JOSE,9i6uKqSpRWUq3zJGwGK7XMX01wsfX6khILdr9X+K/eM=,SIN_TEXTO_INTERNO,2
E14_PRE_15_088_002_00_01_014_5774_Mesa_14.pdf,COL SAN JOSE,UjlpsxqkdPUwFktaDSk6JlcxR+2sBgxHJJzDpepEUt8=,SIN_TEXTO_INTERNO,2
E14_PRE_15_088_002_00_01_015_5774_Mesa_15.pdf,COL SAN JOSE,5ajv6I5vWVr8LA56a9+TB6Ew/GrgSjxWWeD4EbgRPDY=,SIN_TEXTO_INTERNO,2
E14_PRE_15_088_002_00_01_016_5774_Mesa_16.pdf,COL SAN JOSE,2BncmE6YrwoZBLbAtBQ9R77PPF23x2u0QgJIO7DEukc=,SIN_TEXTO_INTERNO,2
E14_PRE_15_088_002_00_03_001_5773_Mesa_1.pdf,COL SANTANA,aFyDOhDk3nIQKXwC09BHlW/vJx/NCK7PPYZwPX57ik0=,SIN_TEXTO_INTERNO,2
E14_PRE_15_088_002_00_03_002_5773_Mesa_2.pdf,COL SANTANA,H5EXqQUBhSelicF5d5YR9eiEqiBLpLXCBCvoHBh418k=,SIN_TEXTO_INTERNO,2
E14_PRE_15_088_002_00_03_003_5773_Mesa_3.pdf,COL SANTANA,qvQ+PSEzNjLU2mZfaJwyl58bNl44uWTlG9uyTse1ERI=,SIN_TEXTO_INTERNO,2
E14_PRE_15_088_002_00_03_004_5773_Mesa_4.pdf,COL SANTANA,iJq4VuvA7lTkGMuWlnYDBRw60Z2SEq7zqAjlDA8fFjw=,SIN_TEXTO_INTERNO,2
E14_PRE_15_088_002_00_03_005_5773_Mesa_5.pdf,COL SANTANA,oocAwU9oRl/ZC5+V0ZTV4EHIp4MRt0x71U4MR8LVERU=,SIN_TEXTO_INTERNO,2
E14_PRE_15_088_002_00_03_006_5773_Mesa_6.pdf,COL SANTANA,Mm/AlKleZ5+Wlz9MINEexLSslCD/EAq4PfAPIkNDwCw=,SIN_TEXTO_INTERNO,2
E14_PRE_15_088_001_00_02_001_5774_Mesa_1.pdf,COL TEC IND CORAZON DE MARIA,ui8zJIaEGdWP4LSoqUuQLjkOjMV1twaoclGwxte+Ac8=,SIN_TEXTO_INTERNO,2
E14_PRE_15_088_001_00_02_002_5774_Mesa_2.pdf,COL TEC IND CORAZON DE MARIA,K7xMI6mg0ZKbUiGWAn3Xgjk7dVCucL+PoVhpuDk017s=,SIN_TEXTO_INTERNO,2
E14_PRE_15_088_001_00_02_003_5774_Mesa_3.pdf,COL TEC IND CORAZON DE MARIA,QTGm+78ipOcVzcnW0O/xuFvgrnQ3HkqLHVakIeX28Ew=,SIN_TEXTO_INTERNO,2
E14_PRE_15_088_001_00_02_004_5774_Mesa_4.pdf,COL TEC IND CORAZON DE MARIA,7dkpMY/fu0c/SS5MbCMQ+auLJ0yPo4uAWt6n6soNnjM=,SIN_TEXTO_INTERNO,2
E14_PRE_15_088_001_00_02_005_5774_Mesa_5.pdf,COL TEC IND CORAZON DE MARIA,NGJ9cgAm85V5NpTwC6/ViB1aVTRzOKB2Dh04JBJhd1c=,SIN_TEXTO_INTERNO,2
E14_PRE_15_088_001_00_02_006_5774_Mesa_6.pdf,COL TEC IND CORAZON DE MARIA,Z/5GoiNYoH6jBq3O+f+N28IvuH3HZQJRJN2CEPGNTyA=,SIN_TEXTO_INTERNO,2
E14_PRE_15_088_001_00_02_007_5774_Mesa_7.pdf,COL TEC IND CORAZON DE MARIA,KgyAdxz5v/g1wueSH8GLHLLKBrW6XF0+YKzI9gCAlUE=,SIN_TEXTO_INTERNO,2
E14_PRE_15_088_001_00_02_008_5774_Mesa_8.pdf,COL TEC IND CORAZON DE MARIA,egtcmudGpul0BdAYZdQRfpLtUx0aL942N7tXwcF4JH0=,SIN_TEXTO_INTERNO,2
E14_PRE_15_088_001_00_02_009_5774_Mesa_9.pdf,COL TEC IND CORAZON DE MARIA,OIsw+dG/8eSNlaIbWkD3hwUR+8GhFIXK25J8pJWlT1g=,SIN_TEXTO_INTERNO,2
E14_PRE_15_088_001_00_02_010_5774_Mesa_10.pdf,COL TEC IND CORAZON DE MARIA,79pCXIlpo8XCOoF8Mb9AvkkaN2x2IFqr+71x3T0u6I4=,SIN_TEXTO_INTERNO,2
E14_PRE_15_160_002_00_05_001_5799_Mesa_1.pdf,COLEGIO  SAN  JOSE,WLTlt5TGVcwIHm920r3MLQjGqi4dONijuRxqWeEe6NI=,SIN_TEXTO_INTERNO,2
E14_PRE_15_160_002_00_05_002_5799_Mesa_2.pdf,COLEGIO  SAN  JOSE,qMgf1tE3GNT8dNm8o/O71/IqgB7acJaskDHU/DahjGc= | 16972545,SIN_TEXTO_INTERNO,2
E14_PRE_15_160_002_00_05_003_5799_Mesa_3.pdf,COLEGIO  SAN  JOSE,9bI5Do32tKVwS3YFLVklnnNgtXKZHp+YXwGjYtHJVAg=,SIN_TEXTO_INTERNO,2
E14_PRE_15_160_002_00_05_004_5799_Mesa_4.pdf,COLEGIO  SAN  JOSE,Cx1VpPpA72tXHfcCACuyX2oA5wX1FBF/MLb6/A3w5PY=,SIN_TEXTO_INTERNO,2
E14_PRE_15_160_002_00_05_005_5799_Mesa_5.pdf,COLEGIO  SAN  JOSE,9wfqc16tb+QLgTavHyTy4Mhe95adT0IEZJrur0VIHkg=,SIN_TEXTO_INTERNO,2
E14_PRE_15_160_002_00_05_006_5799_Mesa_6.pdf,COLEGIO  SAN  JOSE,Gge/Nza4P8NuoA2CP3+iSul9aR66NPuXOD5Ov5PhHbg=,SIN_TEXTO_INTERNO,2
E14_PRE_15_160_002_00_05_007_5799_Mesa_7.pdf,COLEGIO  SAN  JOSE,QITtMrJ2PhiYxDiuRvFRRrKAt9MBRHfiipQNDHp1JGY=,SIN_TEXTO_INTERNO,2
E14_PRE_15_160_002_00_05_008_5799_Mesa_8.pdf,COLEGIO  SAN  JOSE,AYkRFAxbyj5pNUey2XIZeckrBLRy2NGMe9wofyLsFak=,SIN_TEXTO_INTERNO,2
E14_PRE_15_160_002_00_05_009_5799_Mesa_9.pdf,COLEGIO  SAN  JOSE,jwIh+tPxJNM0eS5OWP3fq+3+mduyPcWOY79CjqRDMKI=,SIN_TEXTO_INTERNO,2
E14_PRE_15_160_002_00_05_010_5799_Mesa_10.pdf,COLEGIO  SAN  JOSE,8SYPIBmQ5Y30D9HHHIGRO+z0tSkrSLg7mpOscBbZ50A=,SIN_TEXTO_INTERNO,2
E14_PRE_15_160_002_00_05_011_5799_Mesa_11.pdf,COLEGIO  SAN  JOSE,p/ngRquTFy9obmXqhueS3mpRFu3+0Dl77FEapYSV8XU=,SIN_TEXTO_INTERNO,2
E14_PRE_15_160_002_00_05_012_5799_Mesa_12.pdf,COLEGIO  SAN  JOSE,AZ036se/NDmBWOyty0tyc82vY1bod8I03RQgqpGeScA=,SIN_TEXTO_INTERNO,2
E14_PRE_15_160_002_00_05_013_5799_Mesa_13.pdf,COLEGIO  SAN  JOSE,DzswpPTqmnw6tqW1i+XjC63K/8geyw+u/A972dVJ1UY=,SIN_TEXTO_INTERNO,2
E14_PRE_15_160_002_00_05_014_5799_Mesa_14.pdf,COLEGIO  SAN  JOSE,TxIRiBmxI67qRHiGnDq1/yBg4iJw/lHao5jnLk0bXbQ=,SIN_TEXTO_INTERNO,2
E14_PRE_15_160_002_00_05_015_5799_Mesa_15.pdf,COLEGIO  SAN  JOSE,PscR1GoIOYp3INeYJWvAtR3kmrzdmPi1a6Ou7ZJg0iU=,SIN_TEXTO_INTERNO,2
E14_PRE_15_160_002_00_01_001_5796_Mesa_1.pdf,COLEGIO DEPTAL SERREZUELA,jfTmUAIMMmV6euvsgehbmVoAJhsxl5BMxxcdTv19xmI=,SIN_TEXTO_INTERNO,2
E14_PRE_15_160_002_00_01_002_5796_Mesa_2.pdf,COLEGIO DEPTAL SERREZUELA,NpA/na/SFFgYbAbjhLQaJ9P9owJqEVEJmkDIALIXpYY=,SIN_TEXTO_INTERNO,2
E14_PRE_15_160_002_00_01_003_5796_Mesa_3.pdf,COLEGIO DEPTAL SERREZUELA,l36MfdrlcULYOcEgPHuyfxtbGXokJPe3fBzpxYHqaI0=,SIN_TEXTO_INTERNO,2
E14_PRE_15_160_002_00_01_004_5796_Mesa_4.pdf,COLEGIO DEPTAL SERREZUELA,M1rLtpgDyb0pHUPBDbRHF56wAR2Ea/qmlUpFdmLBsgc=,SIN_TEXTO_INTERNO,2
E14_PRE_15_160_002_00_01_005_5796_Mesa_5.pdf,COLEGIO DEPTAL SERREZUELA,ni3f3pDDY26y+kNiqjymrZg0SQ7M9ecqLFkzhzHDY2g=,SIN_TEXTO_INTERNO,2
E14_PRE_15_160_002_00_01_006_5796_Mesa_6.pdf,COLEGIO DEPTAL SERREZUELA,/9VK7Q9y5CGXAtOxxkbn+yAPIwL3UgTY+J+dXo1WLHg=,SIN_TEXTO_INTERNO,2
E14_PRE_15_160_002_00_01_007_5796_Mesa_7.pdf,COLEGIO DEPTAL SERREZUELA,LsEXjRUKKuFaGiNi89Hh2ZgHbeVN/NjeQR7J1OyZiX0=,SIN_TEXTO_INTERNO,2
E14_PRE_15_160_002_00_01_008_5796_Mesa_8.pdf,COLEGIO DEPTAL SERREZUELA,g1Ow5kllBepO99eBTZvhbvOd8YmkWthbJrYG4OL/030=,SIN_TEXTO_INTERNO,2
E14_PRE_15_160_002_00_01_009_5796_Mesa_9.pdf,COLEGIO DEPTAL SERREZUELA,ABr7gpwk5sa01bvZ/ORPPJQi4xk527RnsHkEPtj/Mqc=,SIN_TEXTO_INTERNO,2
E14_PRE_15_160_002_00_01_010_5796_Mesa_10.pdf,COLEGIO DEPTAL SERREZUELA,pcq3qdfOrX6rurJUv74T4Trx5QNRUJTyMTqIrfergfk=,SIN_TEXTO_INTERNO,2
E14_PRE_15_160_002_00_01_011_5796_Mesa_11.pdf,COLEGIO DEPTAL SERREZUELA,+jIcedmvdtpDO6lRxY2W7lR3wefBHHmMnqpqKHgc/iw=,SIN_TEXTO_INTERNO,2
E14_PRE_15_160_002_00_01_012_5796_Mesa_12.pdf,COLEGIO DEPTAL SERREZUELA,mIO7jdO5aMmPlKXVm60dtsMNfFspyTnWEv1P95KwCZQ=,SIN_TEXTO_INTERNO,2
E14_PRE_15_160_002_00_01_013_5796_Mesa_13.pdf,COLEGIO DEPTAL SERREZUELA,T/kPwFOChGrzn3+DOiHyrl+6BNwb6iC870yNgK5rLI8=,SIN_TEXTO_INTERNO,2
E14_PRE_15_160_002_00_01_014_5796_Mesa_14.pdf,COLEGIO DEPTAL SERREZUELA,+CB5/D/zgCgTlgDG6270qlQmvyp6aaiDdNq7KKCtIks=,SIN_TEXTO_INTERNO,2
E14_PRE_15_160_002_00_01_015_5796_Mesa_15.pdf,COLEGIO DEPTAL SERREZUELA,T4F5I1SzFEq9uphrK4kbvRHk7l6eVZuvzkTJSSoyyZY=,SIN_TEXTO_INTERNO,2
E14_PRE_15_160_002_00_01_016_5796_Mesa_16.pdf,COLEGIO DEPTAL SERREZUELA,x2zfcM78VJV5zuPh/2MX54Qt4QlR5Qh4Gd3wUcbgj0A=,SIN_TEXTO_INTERNO,2
E14_PRE_15_160_002_00_01_017_5796_Mesa_17.pdf,COLEGIO DEPTAL SERREZUELA,QrNWlGpN62v8VnRXmAII0ztaWnDKQyTCKfnwAqCB53c=,SIN_TEXTO_INTERNO,2
E14_PRE_15_160_002_00_01_018_5796_Mesa_18.pdf,COLEGIO DEPTAL SERREZUELA,LXev9IpVzIrZ+o2Q1nsSDJ1aAlTAKD2tWWkY7ecirxg=,SIN_TEXTO_INTERNO,2
E14_PRE_15_160_002_00_01_019_5796_Mesa_19.pdf,COLEGIO DEPTAL SERREZUELA,KgI5l6LZLPSsZ1qdBT8YW3VTG+P9/I/7/XjDvxLOUHY=,SIN_TEXTO_INTERNO,2
E14_PRE_15_160_002_00_01_020_5796_Mesa_20.pdf,COLEGIO DEPTAL SERREZUELA,RXXpOJHcgDSjb5ipmrRq2DBxxkkd5UqAfMIKdeDzh/U=,SIN_TEXTO_INTERNO,2
E14_PRE_01_001_017_09_05_001_5088_Mesa_1.pdf,COLEGIO EUCARISTICO,czjSjZHFuS4seGxD0dCYDdwYhAMMPPO+F34zKakmVUo=,SIN_TEXTO_INTERNO,2
E14_PRE_01_001_017_09_05_002_5088_Mesa_2.pdf,COLEGIO EUCARISTICO,Ib04ygyLylyj3uUkQTKRlkr6mc9tQtmnTXBWF3k9JGc=,SIN_TEXTO_INTERNO,2
E14_PRE_01_001_017_09_05_003_5088_Mesa_3.pdf,COLEGIO EUCARISTICO,gdrVMG75fTeTvTtTs2dfNAs6ZrSmq9UafLsGjHUzDo8=,SIN_TEXTO_INTERNO,2
E14_PRE_01_001_017_09_05_004_5088_Mesa_4.pdf,COLEGIO EUCARISTICO,BR+bh8BD1aP6jt+05dLlTdjHwN8wJkGjS8KZwSbeZXo=,SIN_TEXTO_INTERNO,2
E14_PRE_01_001_017_09_05_005_5088_Mesa_5.pdf,COLEGIO EUCARISTICO,gylx7ZB6f3Q7ui7Be1HG9z5Cdar/yy/m0q9hGyH1s2w=,SIN_TEXTO_INTERNO,2
E14_PRE_01_001_017_09_05_006_5088_Mesa_6.pdf,COLEGIO EUCARISTICO,VrJNwJJmObKZLnRc7Jp8Xw99B8wQ52D0PiyE8OeHfzA=,SIN_TEXTO_INTERNO,2
E14_PRE_01_001_017_09_05_007_5088_Mesa_7.pdf,COLEGIO EUCARISTICO,OzOezWGVurZWHIf4Nee3YBbIwSdYRZ7GJ7v3wXGI9+M=,SIN_TEXTO_INTERNO,2
E14_PRE_01_001_017_09_05_008_5088_Mesa_8.pdf,COLEGIO EUCARISTICO,s+TtfM0GfZOwiyxyNwvjPs+SZeMbQeOnZkxotl8xDe4=,SIN_TEXTO_INTERNO,2
E14_PRE_01_001_017_09_05_009_5088_Mesa_9.pdf,COLEGIO EUCARISTICO,S4zTTrXCfrqS9IILjAZU4zFCnU2wA0cXQSMDEmZJO4o=,SIN_TEXTO_INTERNO,2
E14_PRE_01_001_017_09_05_010_5088_Mesa_10.pdf,COLEGIO EUCARISTICO,DxMZEFmiN0xJewfd/SSapvTN2/Y8wdQWVsRRIpEzc+8=,SIN_TEXTO_INTERNO,2
E14_PRE_01_001_017_09_05_011_5088_Mesa_11.pdf,COLEGIO EUCARISTICO,Fg2cCwD4+1nx4kw+AKArtdoSCPN0uascsWi7i4U8wBc=,SIN_TEXTO_INTERNO,2
E14_PRE_01_001_017_09_05_012_5088_Mesa_12.pdf,COLEGIO EUCARISTICO,GfFtqOiM1NKMJzZAYkPW+A0iXnVKI2Fw4leyPpbvqCU=,SIN_TEXTO_INTERNO,2
E14_PRE_01_001_017_09_05_013_5088_Mesa_13.pdf,COLEGIO EUCARISTICO,GVWi4GceiqqLMIlUIrb3r91+DMQ4FP/oWx70fblHII0=,SIN_TEXTO_INTERNO,2
E14_PRE_01_001_017_09_05_014_5088_Mesa_14.pdf,COLEGIO EUCARISTICO,Ll94vdrTWR7g0NDFMVElFzmrXqRjf5rqBR6/syYc4Y8=,SIN_TEXTO_INTERNO,2
E14_PRE_01_001_017_09_05_015_5088_Mesa_15.pdf,COLEGIO EUCARISTICO,/sTQyU2sKMikSdaprdjbV3raxsHdCHR9v5K35XBYBLc=,SIN_TEXTO_INTERNO,2
E14_PRE_01_001_017_09_05_016_5088_Mesa_16.pdf,COLEGIO EUCARISTICO,O3TjYJNxusKQAsYmHsEXJCXj/HB98U9XU/e1jXfKSFc=,SIN_TEXTO_INTERNO,2
E14_PRE_01_001_017_09_05_017_5088_Mesa_17.pdf,COLEGIO EUCARISTICO,iadUAvXnHbcEj/blzNOj6HtjsCY32nOfZLuv/+5XJAM=,SIN_TEXTO_INTERNO,2
E14_PRE_01_001_017_09_05_018_5088_Mesa_18.pdf,COLEGIO EUCARISTICO,aoXHb3qZ4RgPBN/62wDH6Ys4ywSkwnFr0284WbSZkrQ=,SIN_TEXTO_INTERNO,2
E14_PRE_01_001_017_09_05_019_5088_Mesa_19.pdf,COLEGIO EUCARISTICO,JoCEsV3us3gtyjjR7d2TvTscmNORFo+JEqOk9xCavAs=,SIN_TEXTO_INTERNO,2
E14_PRE_01_001_017_09_05_020_5088_Mesa_20.pdf,COLEGIO EUCARISTICO,Z2o3HyY9Zak7UfiAFzMX61I38Cqae60FwH7k1JFSqnY=,SIN_TEXTO_INTERNO,2
E14_PRE_15_160_001_00_11_001_5797_Mesa_1.pdf,COLEGIO GABRIEL ECHAVARRIA,psBVCjGaFJM7mEFUsbClhb08esoy2HqazWVGIT8E3vA=,SIN_TEXTO_INTERNO,2
E14_PRE_15_160_001_00_11_002_5797_Mesa_2.pdf,COLEGIO GABRIEL ECHAVARRIA,UJUTEpsURS7YAfdVLJj5thZOCyrC8TIL7RJdtHJ9SKg=,SIN_TEXTO_INTERNO,2
E14_PRE_15_160_001_00_11_003_5797_Mesa_3.pdf,COLEGIO GABRIEL ECHAVARRIA,kxfyhOFboLIwRcncta1jVOt0zsfZrLw6KTpzIYYc+Ro=,SIN_TEXTO_INTERNO,2
E14_PRE_15_160_001_00_11_004_5797_Mesa_4.pdf,COLEGIO GABRIEL ECHAVARRIA,MPM641W1GuR7kUXWQQY+DrKHA2JpqxvnjlycRVd6EU8=,SIN_TEXTO_INTERNO,2
E14_PRE_15_160_001_00_11_005_5797_Mesa_5.pdf,COLEGIO GABRIEL ECHAVARRIA,ThQ3MoOncfL8WNE8tBjbWcVgSy7VP10kTTMiwzHBNy4=,SIN_TEXTO_INTERNO,2
E14_PRE_15_160_001_00_11_006_5797_Mesa_6.pdf,COLEGIO GABRIEL ECHAVARRIA,ZkFg2sSxoTyO9nqNIFIFR8bkx4ldfKTt/neCEPWbdIs=,SIN_TEXTO_INTERNO,2
E14_PRE_15_160_001_00_11_007_5797_Mesa_7.pdf,COLEGIO GABRIEL ECHAVARRIA,HO/FvfPIyb4/eIIL7chjohWQSxMTJL4c6/+Ih8qrmt8=,SIN_TEXTO_INTERNO,2
E14_PRE_15_160_001_00_11_008_5797_Mesa_8.pdf,COLEGIO GABRIEL ECHAVARRIA,9HFeBg9LbeLixcrOJpmGH55NNa3rZ2MVZ5nd9T3iWVU=,SIN_TEXTO_INTERNO,2
E14_PRE_15_160_001_00_11_009_5797_Mesa_9.pdf,COLEGIO GABRIEL ECHAVARRIA,lauzf5bTcLoGN8l49zqtcQIRzZCfQB290BwmwOeBQkw=,SIN_TEXTO_INTERNO,2
E14_PRE_15_160_001_00_11_010_5797_Mesa_10.pdf,COLEGIO GABRIEL ECHAVARRIA,OfEo6bMBmozNActp0bi1sW9KtX0Rp1hKIndAXEWyz6c=,SIN_TEXTO_INTERNO,2
E14_PRE_15_160_001_00_11_011_5797_Mesa_11.pdf,COLEGIO GABRIEL ECHAVARRIA,N32FJ8E1DNadh+q0QCHJNpk9c80jVZiv7g8kvYgAj3U=,SIN_TEXTO_INTERNO,2
E14_PRE_15_160_001_00_11_012_5797_Mesa_12.pdf,COLEGIO GABRIEL ECHAVARRIA,ghALrNbKgfSadAbqebTkaMhyh1dJlaUUlpmBuaKnXJM=,SIN_TEXTO_INTERNO,2
E14_PRE_15_160_001_00_04_001_5796_Mesa_1.pdf,COLEGIO LA MAGNOLIA,Ntru5pu+1c17YbkDY+WC5Om7oVMB371Y648/GZR/b84=,SIN_TEXTO_INTERNO,2
E14_PRE_15_160_001_00_04_002_5796_Mesa_2.pdf,COLEGIO LA MAGNOLIA,iSssOy8QZUSOO3XCBEtNFL4Y3MIY4y/egKucTaHqC2k=,SIN_TEXTO_INTERNO,2
E14_PRE_15_160_001_00_04_003_5796_Mesa_3.pdf,COLEGIO LA MAGNOLIA,7k366UXfghwKNrKVKRzG9f5E2UEb7pfNrByYZuIOx08=,SIN_TEXTO_INTERNO,2
E14_PRE_15_160_001_00_04_004_5796_Mesa_4.pdf,COLEGIO LA MAGNOLIA,cFXeOrcIllPDCp7M8n+NvwRBOsB+bJsQiMg1rFWAGbk=,SIN_TEXTO_INTERNO,2
E14_PRE_15_160_001_00_04_005_5796_Mesa_5.pdf,COLEGIO LA MAGNOLIA,fS221+2OQHrUaP0T+xiN36k1pZCzBuU/1GHQuSrH3BU=,SIN_TEXTO_INTERNO,2
E14_PRE_15_160_001_00_04_006_5796_Mesa_6.pdf,COLEGIO LA MAGNOLIA,hWEGnTBj1uXUmyk92lLtE8x9BEjcAhwWaZyIS/rJjBQ= | 16972545,SIN_TEXTO_INTERNO,2
E14_PRE_15_160_001_00_04_007_5796_Mesa_7.pdf,COLEGIO LA MAGNOLIA,6s5JqS0eMoK9PRKW6fzdV/kSse8+lgrTE8UindSNaxc=,SIN_TEXTO_INTERNO,2
E14_PRE_15_160_001_00_04_008_5796_Mesa_8.pdf,COLEGIO LA MAGNOLIA,dcyNyGsaeMJsjxFJlUOWLEx+d/O8TZWaektUqO+H4sk=,SIN_TEXTO_INTERNO,2
E14_PRE_15_160_002_00_08_002_5798_Mesa_2.pdf,COLEGIO LA PROSPERIDAD,X2HYUagz1z0ceoLrN52LdDDzCu158l66gsJltRgr/x8=,SIN_TEXTO_INTERNO,2
E14_PRE_15_160_002_00_08_003_5798_Mesa_3.pdf,COLEGIO LA PROSPERIDAD,x22PGOh7VNBJw018CigA+p2QVZ1PcwRPn2AMsFq+uhM=,SIN_TEXTO_INTERNO,2
E14_PRE_15_160_002_00_08_004_5798_Mesa_4.pdf,COLEGIO LA PROSPERIDAD,zZcDuVfrJkuvznq1dfuHlfNwU6ZzveFpgE9DQsqypbE=,SIN_TEXTO_INTERNO,2
E14_PRE_15_160_002_00_08_005_5798_Mesa_5.pdf,COLEGIO LA PROSPERIDAD,jJ+aQBa+n3TxWPFfTlehaGbkn8lvAFr4rHiv8oxoUEw=,SIN_TEXTO_INTERNO,2
E14_PRE_15_160_002_00_08_006_5798_Mesa_6.pdf,COLEGIO LA PROSPERIDAD,gU8nveYACzISwFFQCuIo5oBQoPi07PxgOBHBV/nKnlw= | 16972545,SIN_TEXTO_INTERNO,2
E14_PRE_15_160_002_00_08_007_5798_Mesa_7.pdf,COLEGIO LA PROSPERIDAD,/iB8BLEtVjlH5gAw/64wT5aC3Arxj0WKhfSozmGVdnY=,SIN_TEXTO_INTERNO,2
E14_PRE_15_160_002_00_08_008_5798_Mesa_8.pdf,COLEGIO LA PROSPERIDAD,rz/eulHC9eVSNMQ+l6KeHb7uhB38KwWfO442iO1wqQs=,SIN_TEXTO_INTERNO,2
E14_PRE_15_160_002_00_08_009_5798_Mesa_9.pdf,COLEGIO LA PROSPERIDAD,b/1upXyibDSzRThFW4lzRvz4MaHR6FodgXe9vJelCTw=,SIN_TEXTO_INTERNO,2
E14_PRE_15_160_002_00_08_010_5798_Mesa_10.pdf,COLEGIO LA PROSPERIDAD,alO6BGH8v0mRcEr7jJb4hBlP+WIQ/IbpklKyrJS31+o=,SIN_TEXTO_INTERNO,2
E14_PRE_15_160_002_00_08_011_5798_Mesa_11.pdf,COLEGIO LA PROSPERIDAD,IPm62CQKHi9clT1sU3tmSloicM1KsmCKGiqM2CzH/ro=,SIN_TEXTO_INTERNO,2
E14_PRE_15_160_002_00_08_012_5798_Mesa_12.pdf,COLEGIO LA PROSPERIDAD,GiCCbgtvBZqpokKNvHlTEgxj0XllyLDZVMpEIhc0NsE=,SIN_TEXTO_INTERNO,2
E14_PRE_15_160_002_00_08_013_5798_Mesa_13.pdf,COLEGIO LA PROSPERIDAD,FZGtzBKzZAQZVFwzG77u7smpqe+Y+lfRkKXSzYuxgoo=,SIN_TEXTO_INTERNO,2
E14_PRE_15_160_002_00_08_014_5798_Mesa_14.pdf,COLEGIO LA PROSPERIDAD,gkS3Da8uRWkpGJu4DOits59AGnLNN22nef7WtHOsko0=,SIN_TEXTO_INTERNO,2
E14_PRE_15_160_002_00_08_015_5798_Mesa_15.pdf,COLEGIO LA PROSPERIDAD,Qs+OTzG7+TkMDyF8OQqgj6KcdR1/yigPbuZf79koeIM=,SIN_TEXTO_INTERNO,2
E14_PRE_15_160_002_00_08_016_5798_Mesa_16.pdf,COLEGIO LA PROSPERIDAD,GddyL1AflwNDUo2+GSkk4HU3sgeJuSIjZKkT6ivbikI= | 105522,SIN_TEXTO_INTERNO,2
E14_PRE_15_160_002_00_08_017_5798_Mesa_17.pdf,COLEGIO LA PROSPERIDAD,tzsMVZz+9DwqDST2vSvqSppmOAzQdWNxGOssy/frvtk=,SIN_TEXTO_INTERNO,2
E14_PRE_15_160_002_00_08_018_5798_Mesa_18.pdf,COLEGIO LA PROSPERIDAD,ycnmSapSG+Co/8+1vq4/W4uUEwt+nRu7OZe/RLxbhGU=,SIN_TEXTO_INTERNO,2
E14_PRE_15_160_002_00_08_019_5798_Mesa_19.pdf,COLEGIO LA PROSPERIDAD,ANddNIqah2l+nykCpJYGXBEA5M9k8Oj3fxau8KUivwI=,SIN_TEXTO_INTERNO,2
E14_PRE_15_160_002_00_08_020_5798_Mesa_20.pdf,COLEGIO LA PROSPERIDAD,+U4wryj27hCPVLOX/Y4VwBhEbyDzcQVlbFSZ+/EvSvQ=,SIN_TEXTO_INTERNO,2
E14_PRE_15_160_002_00_08_021_5798_Mesa_21.pdf,COLEGIO LA PROSPERIDAD,z3M3W4tRAdWHbnhOtc2kVn4HNN4TYBPk6ieCquGnVCU=,SIN_TEXTO_INTERNO,2
E14_PRE_15_160_002_00_04_001_5798_Mesa_1.pdf,COLEGIO MARIA TERESA ORTIZ,/Yj8baGNJ1CD5/mwTvBruFWYD/iejpNZGONcI1orW9M=,SIN_TEXTO_INTERNO,2
E14_PRE_15_160_002_00_04_002_5798_Mesa_2.pdf,COLEGIO MARIA TERESA ORTIZ,G2Pluhv58hRnJ7kyBrc/1QvvdV2seBl3AsSXoo2Y36M=,SIN_TEXTO_INTERNO,2
E14_PRE_15_160_002_00_04_003_5798_Mesa_3.pdf,COLEGIO MARIA TERESA ORTIZ,MeUznGpB8d7N9y7fjXoa0I/MUXbgreEeVXot7HFR7cA=,SIN_TEXTO_INTERNO,2
E14_PRE_15_160_002_00_04_004_5798_Mesa_4.pdf,COLEGIO MARIA TERESA ORTIZ,kjBGCSUh6m+chyBZyGvV3mWkBzK9HjR+DwUkB6pV8hg=,SIN_TEXTO_INTERNO,2
E14_PRE_15_160_002_00_04_005_5798_Mesa_5.pdf,COLEGIO MARIA TERESA ORTIZ,3EYQgX44bgrQGXccu0NVMlWUqXyq48wOy8qGtFGuSPk=,SIN_TEXTO_INTERNO,2
E14_PRE_15_160_002_00_04_006_5798_Mesa_6.pdf,COLEGIO MARIA TERESA ORTIZ,dsfHBcjn8I3EmMJ+r4S+RkjcnaN5Gm3HYMr7hAvPUfU=,SIN_TEXTO_INTERNO,2
E14_PRE_15_160_002_00_04_007_5798_Mesa_7.pdf,COLEGIO MARIA TERESA ORTIZ,/WiVEc0+X6JqLZc77ODvuqIW4JOyNj/UDVzxyqA4nT4=,SIN_TEXTO_INTERNO,2
E14_PRE_15_160_002_00_04_008_5798_Mesa_8.pdf,COLEGIO MARIA TERESA ORTIZ,rvLOmLdViYuB9h3BD2Pr967WMEBFVN4eCfE4FxJX73o=,SIN_TEXTO_INTERNO,2
E14_PRE_15_160_002_00_04_009_5798_Mesa_9.pdf,COLEGIO MARIA TERESA ORTIZ,SEsH8H5cDKlo21DrTkpK0Slp6RfMxPTAUMCdMgCI0rg=,SIN_TEXTO_INTERNO,2
E14_PRE_15_160_002_00_04_010_5798_Mesa_10.pdf,COLEGIO MARIA TERESA ORTIZ,x5FpHlfQWT6yI+bUaoRgyko6YjtpIZ36XBci+uHphxU=,SIN_TEXTO_INTERNO,2
E14_PRE_15_160_002_00_04_011_5798_Mesa_11.pdf,COLEGIO MARIA TERESA ORTIZ,PQLdMy8KVosFaua+xBDdRdzElpebWXjgGnde90254iI=,SIN_TEXTO_INTERNO,2
E14_PRE_15_160_002_00_04_012_5798_Mesa_12.pdf,COLEGIO MARIA TERESA ORTIZ,hxWmndlGAhC1ASij+uDEgzg5V5b/rQxDzJktZh2l8VU=,SIN_TEXTO_INTERNO,2
E14_PRE_15_160_002_00_04_013_5798_Mesa_13.pdf,COLEGIO MARIA TERESA ORTIZ,rPTyetutmYcwN5FDMxTQGv82NmQcXR98nSZZ0JIcyFw=,SIN_TEXTO_INTERNO,2
E14_PRE_15_160_002_00_04_014_5798_Mesa_14.pdf,COLEGIO MARIA TERESA ORTIZ,mYD/lOw6ggoO2VIpALrsfJ+N1b7beAAnO/gHVV3AIWg= | 16972545,SIN_TEXTO_INTERNO,2
E14_PRE_15_160_002_00_04_015_5798_Mesa_15.pdf,COLEGIO MARIA TERESA ORTIZ,eeQHZR3Smi7rDMnFZHf2O1oUHZEJngp6PBmsOU8bgv4=,SIN_TEXTO_INTERNO,2
E14_PRE_15_160_002_00_04_016_5798_Mesa_16.pdf,COLEGIO MARIA TERESA ORTIZ,siuJUpiNGuumj1HMTt5gQ6IX8NWj1xU5Vt/jrDrRP7M=,SIN_TEXTO_INTERNO,2
E14_PRE_15_160_002_00_04_017_5798_Mesa_17.pdf,COLEGIO MARIA TERESA ORTIZ,ixPb7Bc4hZk42qsSksBtrstrJNSumtoSrkHAHcx2EBI=,SIN_TEXTO_INTERNO,2
E14_PRE_15_160_002_00_04_018_5798_Mesa_18.pdf,COLEGIO MARIA TERESA ORTIZ,mbM7ZUnjXtGoiZcXVaUwCZnP7fd+oyn7sG5tBENSavk=,SIN_TEXTO_INTERNO,2
E14_PRE_15_160_001_00_07_001_5797_Mesa_1.pdf,COLEGIO PEDAGOGICO INGLES,URgn/Ac7fgH8xow2BqYDCq1Ha2VygR3JIzz3dAmioi8=,SIN_TEXTO_INTERNO,2
E14_PRE_15_160_001_00_07_002_5797_Mesa_2.pdf,COLEGIO PEDAGOGICO INGLES,63uNPlbTEo8/lUq2zsSowHF1PUoayF1lTZjcLx0+450=,SIN_TEXTO_INTERNO,2
E14_PRE_15_160_001_00_07_003_5797_Mesa_3.pdf,COLEGIO PEDAGOGICO INGLES,RgryVvtKEnM7AEESLQ88cM0rCuS0HgyYLypCUrbIl0A=,SIN_TEXTO_INTERNO,2
E14_PRE_15_160_001_00_07_004_5797_Mesa_4.pdf,COLEGIO PEDAGOGICO INGLES,TYpPanFq/TXL0Sa5q6e0m7ddiFzc3ZldybykyU0kxwc=,SIN_TEXTO_INTERNO,2
E14_PRE_15_160_001_00_07_005_5797_Mesa_5.pdf,COLEGIO PEDAGOGICO INGLES,WCwoMwAIvIQ2tZucfH/iPw9H5QrXXOJ7nwMCWprMupI=,SIN_TEXTO_INTERNO,2
E14_PRE_15_160_001_00_07_006_5797_Mesa_6.pdf,COLEGIO PEDAGOGICO INGLES,24XTgvwQjoV095sIPdJmqoV484gN54H5U8rdatoOfas=,SIN_TEXTO_INTERNO,2
E14_PRE_15_160_001_00_07_007_5797_Mesa_7.pdf,COLEGIO PEDAGOGICO INGLES,WvqKSnobgNizBPB8hi6knktSGPrNe2eKNk4oz3kOqNY=,SIN_TEXTO_INTERNO,2
E14_PRE_15_160_001_00_07_008_5797_Mesa_8.pdf,COLEGIO PEDAGOGICO INGLES,FH8HN+Sn5EtVv0K5LPZmfuDeXdkJNCk7o6WuQ0PHnQY=,SIN_TEXTO_INTERNO,2
E14_PRE_15_160_001_00_07_009_5797_Mesa_9.pdf,COLEGIO PEDAGOGICO INGLES,qyjA/gnKa5lq66vtfuyQobIHN9F9cUuZlWpu/cjryiA=,SIN_TEXTO_INTERNO,2
E14_PRE_15_160_001_00_02_001_5795_Mesa_1.pdf,COLEGIO SAN PEDRO,uA9wrEXQQ0aFCcyiaCEn27hAKJP/ZlGe9GjYyDJrN3A=,SIN_TEXTO_INTERNO,2
E14_PRE_15_160_001_00_02_002_5795_Mesa_2.pdf,COLEGIO SAN PEDRO,nNhfzRHe/AU8iPlW++zd7T8vrh5AD5gmZ96L66olFkw=,SIN_TEXTO_INTERNO,2
E14_PRE_15_160_001_00_02_003_5795_Mesa_3.pdf,COLEGIO SAN PEDRO,bXGCgL2pxOwKaVwMbuUxXXGSv9DYovBmC8DncwdtjEM=,SIN_TEXTO_INTERNO,2
E14_PRE_15_160_001_00_02_004_5795_Mesa_4.pdf,COLEGIO SAN PEDRO,CQWvWggdML+AcTwKx3cd2GVT2M5RL9G2wwqIBr0lfRo=,SIN_TEXTO_INTERNO,2
E14_PRE_15_160_001_00_02_005_5795_Mesa_5.pdf,COLEGIO SAN PEDRO,WVAwJwWOZ4xdWqL7dacgXBldnuwi2zsoH4vzDkqAzKg=,SIN_TEXTO_INTERNO,2
E14_PRE_15_160_001_00_02_006_5795_Mesa_6.pdf,COLEGIO SAN PEDRO,bfYVCnHNu7e1fki2tVhr89nmliZc561zhki6qWe3yDw=,SIN_TEXTO_INTERNO,2
E14_PRE_15_160_001_00_02_007_5795_Mesa_7.pdf,COLEGIO SAN PEDRO,jqT1dQIBgHT814+owy9Qfzy6pZFOGyVmuoHARg8LSEM=,SIN_TEXTO_INTERNO,2
E14_PRE_15_160_001_00_02_008_5795_Mesa_8.pdf,COLEGIO SAN PEDRO,vg4e0jnRztE4zPmofFk0hsOqQDrsZNwoEDndqsjjwxU=,SIN_TEXTO_INTERNO,2
E14_PRE_15_160_001_00_02_009_5795_Mesa_9.pdf,COLEGIO SAN PEDRO,I12fBT/fHkLZHeAGe7KREWBVcFjk9S2IU5ufP7ONWnY=,SIN_TEXTO_INTERNO,2
E14_PRE_15_160_001_00_02_010_5795_Mesa_10.pdf,COLEGIO SAN PEDRO,2y00a4NTFOGIJOPNGdjnojoj+qxh2WRjRJARJS/o2fw=,SIN_TEXTO_INTERNO,2
E14_PRE_15_160_001_00_02_011_5795_Mesa_11.pdf,COLEGIO SAN PEDRO,ehTPOxWPcC91mbjSgINzwG1SKHTU04/o5YCF0YX/B9w=,SIN_TEXTO_INTERNO,2
E14_PRE_15_160_001_00_02_012_5795_Mesa_12.pdf,COLEGIO SAN PEDRO,jQ+mMno2rBOBGsz/PvfFoS6oyyEfSVv0ei+TE7qIElw=,SIN_TEXTO_INTERNO,2
E14_PRE_15_160_001_00_02_013_5795_Mesa_13.pdf,COLEGIO SAN PEDRO,nz8geHbjAdo+g6jFIPZijLox+KvPZDMtP0YzjTXNgwo=,SIN_TEXTO_INTERNO,2
E14_PRE_15_160_001_00_02_014_5795_Mesa_14.pdf,COLEGIO SAN PEDRO,1jwa1gtyWDeug6JFjqt0ZgNIf03QuCQ101Xzc/Nyr7o=,SIN_TEXTO_INTERNO,2
E14_PRE_15_160_001_00_02_015_5795_Mesa_15.pdf,COLEGIO SAN PEDRO,15Szf57tIjAQFBPr+WIApxdkZBuK9czOoaf6NhM3Uy4=,SIN_TEXTO_INTERNO,2
E14_PRE_15_160_001_00_02_016_5795_Mesa_16.pdf,COLEGIO SAN PEDRO,SDKSHWvNxAKHrS4w9gUw4uGRhXuD6sip6WOBpoEZF8k=,SIN_TEXTO_INTERNO,2
E14_PRE_15_160_002_00_07_001_5798_Mesa_1.pdf,COLEGIO SANTO TOMAS,3CVujDwWX2NlrsQbfzcDj2Eav1q74o31XaJzoqxZ0OE=,SIN_TEXTO_INTERNO,2
E14_PRE_15_160_002_00_07_002_5798_Mesa_2.pdf,COLEGIO SANTO TOMAS,/VBqoIIEr3GQ+EbXCxCehJd4zg+23CY7M6lDv7c29D8=,SIN_TEXTO_INTERNO,2
E14_PRE_15_160_002_00_07_003_5798_Mesa_3.pdf,COLEGIO SANTO TOMAS,0BQol1la2JtPF52P+kARZv2oP/EgkNbWrrbF+k95G/Y=,SIN_TEXTO_INTERNO,2
E14_PRE_15_160_002_00_07_004_5798_Mesa_4.pdf,COLEGIO SANTO TOMAS,FJk5XY7M5lhPRnBtNrPtpMJRwh8OQMaAukcrJjQRyRU=,SIN_TEXTO_INTERNO,2
E14_PRE_15_160_002_00_07_005_5798_Mesa_5.pdf,COLEGIO SANTO TOMAS,42SHQ2G5SJLbhxbupkAVdrJVagxvUCtKzcGqOAC7RyU=,SIN_TEXTO_INTERNO,2
E14_PRE_15_160_002_00_07_006_5798_Mesa_6.pdf,COLEGIO SANTO TOMAS,a3SIx4CtmKPhuk+/q/z/ImXc82FZuZdn/AXEo5ZgmyA=,SIN_TEXTO_INTERNO,2
E14_PRE_15_160_002_00_07_007_5798_Mesa_7.pdf,COLEGIO SANTO TOMAS,tT2lJ1DZLsaGjeuunS+22VoQfbYW98jBFT4a0diMDu8=,SIN_TEXTO_INTERNO,2
E14_PRE_15_160_002_00_07_008_5798_Mesa_8.pdf,COLEGIO SANTO TOMAS,GcdEcIB47kDy4NIQRVI71myW4sksNJ3oOCKDmYFDhAM=,SIN_TEXTO_INTERNO,2
E14_PRE_15_160_002_00_07_009_5798_Mesa_9.pdf,COLEGIO SANTO TOMAS,1WTtJHb6xItNmAef7oYK+i+00rv3ZyYPR5mStvITlSo=,SIN_TEXTO_INTERNO,2
E14_PRE_15_160_002_00_07_010_5798_Mesa_10.pdf,COLEGIO SANTO TOMAS,vVFcuRJCGpRC0sX9pF0aRMU33wBNk/Uynrjnoi3Yfcw=,SIN_TEXTO_INTERNO,2
E14_PRE_15_160_002_00_02_001_5799_Mesa_1.pdf,COLEGIO TECNOLOGICO DE MADRID,M6uQcgYYxciwEh/eLIspboDxmbc92B0tPLT2Adtmmg8=,SIN_TEXTO_INTERNO,2
E14_PRE_15_160_002_00_02_002_5799_Mesa_2.pdf,COLEGIO TECNOLOGICO DE MADRID,upOXsx253Yxo5s0ayTjWRsa9Jb536QN115h7kkSj58c=,SIN_TEXTO_INTERNO,2
E14_PRE_15_160_002_00_02_003_5799_Mesa_3.pdf,COLEGIO TECNOLOGICO DE MADRID,V8Gs/0DMHWm9WJFPoysrHbJCKnmeVeAG6HHI/GadUuU=,SIN_TEXTO_INTERNO,2
E14_PRE_15_160_002_00_02_004_5799_Mesa_4.pdf,COLEGIO TECNOLOGICO DE MADRID,4rPVJ99Wc0ceJwzvLTJNoOHDXdB22E+RYf5SQawLRiA=,SIN_TEXTO_INTERNO,2
E14_PRE_15_160_002_00_02_005_5799_Mesa_5.pdf,COLEGIO TECNOLOGICO DE MADRID,C3Melzw/5INrvGBgyrB/CzImkBzTOyl2J9Z21onvUv0=,SIN_TEXTO_INTERNO,2
E14_PRE_15_160_002_00_02_006_5799_Mesa_6.pdf,COLEGIO TECNOLOGICO DE MADRID,Y8crItoOVZx+qeylcAiJ/IE9NvtwGtlqvOxjHz6zCD8=,SIN_TEXTO_INTERNO,2
E14_PRE_15_160_002_00_02_007_5799_Mesa_7.pdf,COLEGIO TECNOLOGICO DE MADRID,0f2Ji6Rn1mZbLGkfJR9bGUs2tC++EU87ckW51m1pEU8= | 16972545,SIN_TEXTO_INTERNO,2
E14_PRE_15_160_002_00_02_008_5799_Mesa_8.pdf,COLEGIO TECNOLOGICO DE MADRID,GgNV/apcJz7WUjwh4BFrey13xlYboAvDAP5kla58HZA=,SIN_TEXTO_INTERNO,2
E14_PRE_15_160_002_00_02_009_5799_Mesa_9.pdf,COLEGIO TECNOLOGICO DE MADRID,/1eLdpw66GuLUgO/2pBVtLmzWd0yb0I6IPm4xX1/zLg=,SIN_TEXTO_INTERNO,2
E14_PRE_15_160_002_00_02_010_5799_Mesa_10.pdf,COLEGIO TECNOLOGICO DE MADRID,2NbjK7IkZewwjon8ftrrQeZuzxUTFcBuT4TEsjohEbo=,SIN_TEXTO_INTERNO,2
E14_PRE_15_160_002_00_02_011_5799_Mesa_11.pdf,COLEGIO TECNOLOGICO DE MADRID,gVU3tHoRbK+TzQb8I+73NEBlcud3/n6s1+EljvxNz0k=,SIN_TEXTO_INTERNO,2
E14_PRE_15_160_002_00_02_012_5799_Mesa_12.pdf,COLEGIO TECNOLOGICO DE MADRID,06YAIhwTtMkFZKQU0iV4bIGsNMEtkpLCFjusFBReg0A=,SIN_TEXTO_INTERNO,2
E14_PRE_15_160_001_00_06_001_5797_Mesa_1.pdf,COLEGIO TIBAITATA,4OPTPJ5tzW5x2AGK5L4+IVu2oI/qJEvbGgEewEsEpis=,SIN_TEXTO_INTERNO,2
E14_PRE_15_160_001_00_06_002_5797_Mesa_2.pdf,COLEGIO TIBAITATA,s5K2gulxeRpHvRnDQrbFVRxGtO5c6Qujdg1niU5ogL0=,SIN_TEXTO_INTERNO,2
E14_PRE_15_160_001_00_06_003_5797_Mesa_3.pdf,COLEGIO TIBAITATA,WOA+56143xePswbjOGUvB9gYtE2v6R2phBw8BfZavfc=,SIN_TEXTO_INTERNO,2
E14_PRE_15_160_001_00_06_004_5797_Mesa_4.pdf,COLEGIO TIBAITATA,FiBkvqfalXbhS3KRLQB/HDfCCuTAZIrrMo+q5NMsTa0=,SIN_TEXTO_INTERNO,2
E14_PRE_15_160_001_00_06_005_5797_Mesa_5.pdf,COLEGIO TIBAITATA,KjSXjqGxU6JM0JxRDgWF0ApoucKZ0/kZwQWlqYOswIs=,SIN_TEXTO_INTERNO,2
E14_PRE_15_160_001_00_06_006_5797_Mesa_6.pdf,COLEGIO TIBAITATA,ViyR9GGDiFVBQ705Zd3yWfWA+h/pj4y1ulwg0hDPoqg=,SIN_TEXTO_INTERNO,2
E14_PRE_15_160_001_00_06_007_5797_Mesa_7.pdf,COLEGIO TIBAITATA,76ez2dfsXdkeC/UTuRuGc/tUEDotDfzwEpMhzb5rNTM=,SIN_TEXTO_INTERNO,2
E14_PRE_15_160_001_00_06_008_5797_Mesa_8.pdf,COLEGIO TIBAITATA,dKCfSpdwg7svkJiYtEWzS754yPLpF9CJ/avrySWnhfA=,SIN_TEXTO_INTERNO,2
E14_PRE_15_160_001_00_06_009_5797_Mesa_9.pdf,COLEGIO TIBAITATA,qIyybrDcC66VuV32sE2IDdG7DmdPvSmn32igFxQfVKQ=,SIN_TEXTO_INTERNO,2
E14_PRE_15_160_001_00_06_010_5797_Mesa_10.pdf,COLEGIO TIBAITATA,/xblLTwujXfsedyt6brKaSCTWt4v3Y934KZp/FjulBA=,SIN_TEXTO_INTERNO,2
E14_PRE_15_160_001_00_06_011_5797_Mesa_11.pdf,COLEGIO TIBAITATA,W9lf5tsE1YZQymlh9crSOu8MyZp0ZRe44kClCl37IOs=,SIN_TEXTO_INTERNO,2
E14_PRE_15_160_001_00_06_012_5797_Mesa_12.pdf,COLEGIO TIBAITATA,Y9w8HrjuuxKg0s9GDH4M4kr1HGl6+yJZLk392MaNTBY=,SIN_TEXTO_INTERNO,2
E14_PRE_15_160_001_00_06_013_5797_Mesa_13.pdf,COLEGIO TIBAITATA,26j+b89rnSLnAjzPFl3BF0+5Svh2zrOJy/JVnpYj94k=,SIN_TEXTO_INTERNO,2
E14_PRE_15_160_001_00_06_014_5797_Mesa_14.pdf,COLEGIO TIBAITATA,RDWioaljn+id+zdm41euPzLS47TRp6bAxnzwNXk/tSM=,SIN_TEXTO_INTERNO,2
E14_PRE_15_160_001_00_06_015_5797_Mesa_15.pdf,COLEGIO TIBAITATA,LXPq5gC/qrJbvnFy8K+jqDxP3o3asiw/nHc1UdYiSDQ=,SIN_TEXTO_INTERNO,2
E14_PRE_15_160_001_00_06_016_5797_Mesa_16.pdf,COLEGIO TIBAITATA,JOntI5izMiVzziLZWDHhXGDQdqeHEHPBkaDvrKvmtGQ=,SIN_TEXTO_INTERNO,2
E14_PRE_15_160_001_00_06_017_5797_Mesa_17.pdf,COLEGIO TIBAITATA,T6m1K0215Qc22IX7QKi+2gB1JVErYjSncDMkKzIowF4=,SIN_TEXTO_INTERNO,2
E14_PRE_15_160_001_00_06_018_5797_Mesa_18.pdf,COLEGIO TIBAITATA,lS7nHfwmzvD06jRYIsVt9O3oRYh5TSGtwSEFczrUjkw=,SIN_TEXTO_INTERNO,2
E14_PRE_15_160_001_00_06_019_5797_Mesa_19.pdf,COLEGIO TIBAITATA,R+KTbbA/jO+2vL8c/Xn62wrem7HLxJR+tEZKdCgEXPw=,SIN_TEXTO_INTERNO,2
E14_PRE_15_160_001_00_06_020_5797_Mesa_20.pdf,COLEGIO TIBAITATA,DusqCLq7lHG+4+AZPGHYptp0yQApkdfa0rLZARgBEiE=,SIN_TEXTO_INTERNO,2
E14_PRE_15_160_001_00_06_021_5797_Mesa_21.pdf,COLEGIO TIBAITATA,PazMpHyNppUjnTJoRUPlDyKphkPQb0F5LsrUVYdE1qI=,SIN_TEXTO_INTERNO,2
E14_PRE_15_160_001_00_06_022_5797_Mesa_22.pdf,COLEGIO TIBAITATA,ov/GOzyXw4NsZ25tlufXv/r6yDwEV/mPyz1mRVrrh3I=,SIN_TEXTO_INTERNO,2
E14_PRE_15_160_001_00_06_023_5797_Mesa_23.pdf,COLEGIO TIBAITATA,uHvVCbuR/rAySZmZnkDplHWsyW8qIsDe1Y+5ZK6QWnE=,SIN_TEXTO_INTERNO,2
E14_PRE_15_160_001_00_01_001_5795_Mesa_1.pdf,COLISEO  CUBIERTO MUNICIPAL,RiMQzvtYPmLG8kFtqLYM8d4cwS9+njxo/ebrt6mn+Bo=,SIN_TEXTO_INTERNO,2
E14_PRE_15_160_001_00_01_002_5795_Mesa_2.pdf,COLISEO  CUBIERTO MUNICIPAL,mSiJ+aYWOcpkcxG6oIiODYLgQ7RwTRNhW/RbU/lxpJQ=,SIN_TEXTO_INTERNO,2
E14_PRE_15_160_001_00_01_003_5795_Mesa_3.pdf,COLISEO  CUBIERTO MUNICIPAL,K3CdIp0p3yAkQec/uocPXIUlqSGM5HCrkMlhm6L0msA=,SIN_TEXTO_INTERNO,2
E14_PRE_15_160_001_00_01_004_5795_Mesa_4.pdf,COLISEO  CUBIERTO MUNICIPAL,D7jQ12ZAGpFk6LYSHylu4nDEtglQG4OB2NSWDAuN374=,SIN_TEXTO_INTERNO,2
E14_PRE_15_160_001_00_01_005_5795_Mesa_5.pdf,COLISEO  CUBIERTO MUNICIPAL,Ps62VRp7LguqfG/g+NM7bUMbiQ8ocgadpRh0z0O+fkQ=,SIN_TEXTO_INTERNO,2
E14_PRE_15_160_001_00_01_006_5795_Mesa_6.pdf,COLISEO  CUBIERTO MUNICIPAL,Ux9unbi2g19tRe5G4lBFeKvdQfRjJvsemUXGt4z+QLI=,SIN_TEXTO_INTERNO,2
E14_PRE_15_160_001_00_01_007_5795_Mesa_7.pdf,COLISEO  CUBIERTO MUNICIPAL,KK+52G+3XiN6KyJxuWdbCN9FsRp5K3tFdn7hqX6J1Es=,SIN_TEXTO_INTERNO,2
E14_PRE_15_160_001_00_01_008_5795_Mesa_8.pdf,COLISEO  CUBIERTO MUNICIPAL,9suUBXW0TNRHfe+ND+7Dcl/0SLHA3BAXAsY2w1MFrVA=,SIN_TEXTO_INTERNO,2
E14_PRE_15_160_001_00_01_009_5795_Mesa_9.pdf,COLISEO  CUBIERTO MUNICIPAL,ysGTQW7Jb0WMZcyav6I/rpoh8mmPZ9TMKfPX8+NaPAU=,SIN_TEXTO_INTERNO,2
E14_PRE_15_160_001_00_01_010_5795_Mesa_10.pdf,COLISEO  CUBIERTO MUNICIPAL,MaifcMivERPFvJeMRoo9tJ4MFi1fbuTcEeAp6UsqdLU=,SIN_TEXTO_INTERNO,2
E14_PRE_15_160_001_00_01_011_5795_Mesa_11.pdf,COLISEO  CUBIERTO MUNICIPAL,WV53beP+gY2iZkDqax21o3rvZS5c3yrdWMmaL72YceU=,SIN_TEXTO_INTERNO,2
E14_PRE_15_160_001_00_01_012_5795_Mesa_12.pdf,COLISEO  CUBIERTO MUNICIPAL,IHGeQm5wEZrNXNVCP/rd5lO0sfJ3JPv5Fy4Bibjb9SQ=,SIN_TEXTO_INTERNO,2
E14_PRE_15_160_001_00_01_013_5795_Mesa_13.pdf,COLISEO  CUBIERTO MUNICIPAL,n+FZfrYu5U8/rI6B4ZZa5ezTBTijTMy/ysV96H2H6dY=,SIN_TEXTO_INTERNO,2
E14_PRE_15_160_001_00_01_014_5795_Mesa_14.pdf,COLISEO  CUBIERTO MUNICIPAL,+lLkhsy3+GYJ5ar7+lSLa0DrsY3S1iqM/HZXUvrtHSY=,SIN_TEXTO_INTERNO,2
E14_PRE_15_160_001_00_01_015_5795_Mesa_15.pdf,COLISEO  CUBIERTO MUNICIPAL,OimvUxWpHsOxLt+GZPTTHCz+1PJzKqEVzGRu7/9Tb+Y=,SIN_TEXTO_INTERNO,2
E14_PRE_15_160_001_00_01_016_5795_Mesa_16.pdf,COLISEO  CUBIERTO MUNICIPAL,TQMegFgEYvYugIZYRLEyEyRmlJbf/qZs8p7zYzWW7yk=,SIN_TEXTO_INTERNO,2
E14_PRE_15_160_001_00_01_017_5795_Mesa_17.pdf,COLISEO  CUBIERTO MUNICIPAL,uCRNqF+QDVuMOp4RshqfGp29VWk/tk6fHOHtPt/9zew=,SIN_TEXTO_INTERNO,2
E14_PRE_15_160_001_00_01_018_5795_Mesa_18.pdf,COLISEO  CUBIERTO MUNICIPAL,lJnY0TsbPdIkh/gX2OAdodtufnOjbXFVJ5SuwGi/Erk=,SIN_TEXTO_INTERNO,2
E14_PRE_15_160_001_00_01_019_5795_Mesa_19.pdf,COLISEO  CUBIERTO MUNICIPAL,1bg1THW9aQdcAeCwgylrNiExln0UbVF4ahww/oXiXmA=,SIN_TEXTO_INTERNO,2
E14_PRE_15_160_001_00_01_020_5795_Mesa_20.pdf,COLISEO  CUBIERTO MUNICIPAL,i+eP5TNE/2Sohhx1eencTZWw648PT6cs7mv03ot61GA=,SIN_TEXTO_INTERNO,2
E14_PRE_15_088_001_00_06_001_5773_Mesa_1.pdf,COLISEO MUNICIPAL,OfAfy3Vj2o752pYsn//K8xkoG+j9747YoV+qpDiBI9s=,SIN_TEXTO_INTERNO,2
E14_PRE_15_088_001_00_06_002_5773_Mesa_2.pdf,COLISEO MUNICIPAL,uJ3ObSw2KFE6216lQU3n5DZ8HJy4IHBKiZN47TEIIZk=,SIN_TEXTO_INTERNO,2
E14_PRE_15_088_001_00_06_003_5773_Mesa_3.pdf,COLISEO MUNICIPAL,k94FJsMgGYno/KwiN759BaNsQxkBx16Ycfu32wRhvsw=,SIN_TEXTO_INTERNO,2
E14_PRE_15_088_001_00_06_004_5773_Mesa_4.pdf,COLISEO MUNICIPAL,faYrop2JhSaaYXOSwZxZ1neslujzPC3D6DXDnpiHvns=,SIN_TEXTO_INTERNO,2
E14_PRE_15_088_001_00_06_005_5773_Mesa_5.pdf,COLISEO MUNICIPAL,JrkPSH5C8YUdtbVna3n6tTvPp4cgiERlaL8YB+7MbFg=,SIN_TEXTO_INTERNO,2
E14_PRE_15_088_001_00_06_006_5773_Mesa_6.pdf,COLISEO MUNICIPAL,pta+b8bVJJe9ESWt9QaCkdlgbuAI7bBUdN6dUofoFz0=,SIN_TEXTO_INTERNO,2
E14_PRE_15_088_001_00_06_007_5773_Mesa_7.pdf,COLISEO MUNICIPAL,fu6RkZGoThsyB4hiiKibVuCVmnzJNsUZmNOELv1WC5Y=,SIN_TEXTO_INTERNO,2
E14_PRE_15_088_001_00_06_008_5773_Mesa_8.pdf,COLISEO MUNICIPAL,Enly5W5umUtFxYpWcJSFtqjyRp8NAN2Yi9YtJOC4mvs=,SIN_TEXTO_INTERNO,2
E14_PRE_15_088_001_00_06_009_5773_Mesa_9.pdf,COLISEO MUNICIPAL,Qqrqn2bHxSIbpCuKXs0h0t4qaxHzU8UAUorgnFxvVt8=,SIN_TEXTO_INTERNO,2
E14_PRE_15_088_001_00_06_010_5773_Mesa_10.pdf,COLISEO MUNICIPAL,qMxT+HX7DUNYMWifmFq2JU0ONgYj/yleIoyJl3wR0mI=,SIN_TEXTO_INTERNO,2
E14_PRE_15_088_001_00_06_011_5773_Mesa_11.pdf,COLISEO MUNICIPAL,ztK1SA2dyDehaiXPIsyJ4Aq1T5e4g1/0KCznC6v9RlA=,SIN_TEXTO_INTERNO,2
E14_PRE_15_088_001_00_06_012_5773_Mesa_12.pdf,COLISEO MUNICIPAL,/Q4f/RowW4zfEDWMJ2rul86TcT877xPltbzjSfHS6OQ=,SIN_TEXTO_INTERNO,2
E14_PRE_15_088_001_00_06_013_5773_Mesa_13.pdf,COLISEO MUNICIPAL,B2xEXgo7DF6OxPE2IrQkeaLFnMAH2o4dPrDpPFwuoIw=,SIN_TEXTO_INTERNO,2
E14_PRE_15_160_002_00_09_001_5796_Mesa_1.pdf,CONCENTRACION URBANA ANTONIO NARIÑO,l2NXncdNnidbktCBRfx3tCv5Hta6+q5fMabLcfbg4+E=,SIN_TEXTO_INTERNO,2
E14_PRE_15_160_002_00_09_002_5796_Mesa_2.pdf,CONCENTRACION URBANA ANTONIO NARIÑO,lEXtvCiR+l9fccfSNopHG4GJXiOi+EYpNmfTOvwzgXo=,SIN_TEXTO_INTERNO,2
E14_PRE_15_160_002_00_09_003_5796_Mesa_3.pdf,CONCENTRACION URBANA ANTONIO NARIÑO,y101842Qp3qaKNj/IzPSj31KULhQo7RXzgmvx2tddbc=,SIN_TEXTO_INTERNO,2
E14_PRE_15_160_002_00_09_004_5796_Mesa_4.pdf,CONCENTRACION URBANA ANTONIO NARIÑO,Bn6QixYfQAI2AjYT0rBXOC3vfVdtZ7K/bOgkYv+lUUM=,SIN_TEXTO_INTERNO,2
E14_PRE_15_160_001_00_10_002_5797_Mesa_2.pdf,CONCENTRACION URBANA EL CORTIJO,mIVYLSURgJ73fajuHgCb9OnGt3WUH8p/oxSpzv+R/hk=,SIN_TEXTO_INTERNO,2
E14_PRE_15_160_001_00_10_003_5797_Mesa_3.pdf,CONCENTRACION URBANA EL CORTIJO,LNin6RzStisMJr4PbNpC4uh0OOkAbxW9OTq73hcxcR4=,SIN_TEXTO_INTERNO,2
E14_PRE_15_160_001_00_10_004_5797_Mesa_4.pdf,CONCENTRACION URBANA EL CORTIJO,4diVAJ2Ni8Rb5IdLZHfwF86LCX/P6I4n2mKjMbhcvzI=,SIN_TEXTO_INTERNO,2
E14_PRE_15_160_001_00_10_005_5797_Mesa_5.pdf,CONCENTRACION URBANA EL CORTIJO,hXUDfCr0wChRZ1n0hqOeB4qdVpI7iz9/ShuiD8Xl9xE=,SIN_TEXTO_INTERNO,2
E14_PRE_15_160_001_00_10_006_5797_Mesa_6.pdf,CONCENTRACION URBANA EL CORTIJO,KUMl31Mx48ca5rWQfncfjGu7BdlcIAvNMa4Il48LGvI=,SIN_TEXTO_INTERNO,2
E14_PRE_15_160_001_00_10_007_5797_Mesa_7.pdf,CONCENTRACION URBANA EL CORTIJO,o6C00pf9aERwgj1zQUY4oW5C+rLr7XOIMH3DsoIWamA=,SIN_TEXTO_INTERNO,2
E14_PRE_15_160_001_00_10_008_5797_Mesa_8.pdf,CONCENTRACION URBANA EL CORTIJO,N8K/2Z/mycsBIskcueNBFtrC9vNiSzvhFzBjyT181Xc=,SIN_TEXTO_INTERNO,2
E14_PRE_15_160_001_00_10_009_5797_Mesa_9.pdf,CONCENTRACION URBANA EL CORTIJO,cXebsh7gLWnjgw3CwT6wGHI4XUir4ZrKiLQpTNEDlTA=,SIN_TEXTO_INTERNO,2
E14_PRE_15_160_001_00_10_010_5797_Mesa_10.pdf,CONCENTRACION URBANA EL CORTIJO,PjWS7yrJyF755seYKiXzvz3RQtGIJlWCYI+ptt/4IWo=,SIN_TEXTO_INTERNO,2
E14_PRE_23_088_099_00_03_001_2694_Mesa_1.pdf,CONCORDIA,MEBHIerM6tP24AkNzzm69Nq/oh4wuN7tv3zImt2tD9I=,SIN_TEXTO_INTERNO,2
E14_PRE_27_088_099_00_03_001_2821_Mesa_1.pdf,CORONTUNJO,jSPtDKGK/kPAWhGmpP2y0UUgvKJZujChxUfq/X0Y8pw=,SIN_TEXTO_INTERNO,2
E14_PRE_27_088_099_01_05_001_2821_Mesa_1.pdf,CORREG. LA PALMA,mul3yY15NvMj6BVg/2Y8wwGFORoBvrkjwONujEnm2/o=,SIN_TEXTO_INTERNO,2
E14_PRE_27_088_099_01_05_002_2821_Mesa_2.pdf,CORREG. LA PALMA,A0VZfRT6RL3yi17AnD6r85pw7yd5yIoLJAoK0VMtyjs=,SIN_TEXTO_INTERNO,2
E14_PRE_12_750_099_00_30_001_2406_Mesa_1.pdf,CORREGIMIENTO DE LOS ANGELES,DU6Hx4fYDrPYZ1IhtUL4A9qOrsezTOXrneMMqvPbK5E=,SIN_TEXTO_INTERNO,2
E14_PRE_12_750_099_00_30_002_2406_Mesa_2.pdf,CORREGIMIENTO DE LOS ANGELES,VWKp4WIKts7UpoRJrd8f+bqUGTerPFyZ0/1qk4lqvnA=,SIN_TEXTO_INTERNO,2
E14_PRE_12_750_099_00_30_003_2406_Mesa_3.pdf,CORREGIMIENTO DE LOS ANGELES,1QT3e10XVoLkWG8th/dc+BUW7NN6ehs1T+wwLx81pCI=,SIN_TEXTO_INTERNO,2
E14_PRE_12_750_099_00_30_004_2406_Mesa_4.pdf,CORREGIMIENTO DE LOS ANGELES,fSuC5dEFAaLebFkhxOpjCJFFYZwjrcqW7cxfxPoBBmU=,SIN_TEXTO_INTERNO,2
E14_PRE_19_088_099_00_13_001_2624_Mesa_1.pdf,COSANZA,ZgIlmg97qP03rbmbpj4u84ttPX2VCg9+nxMu0L9eoIU=,SIN_TEXTO_INTERNO,2
E14_PRE_19_088_099_00_13_002_2624_Mesa_2.pdf,COSANZA,h4YYKrHUHIRncDJ4xjUJP+ihrsd6Y86z3Kv28mj1FJA=,SIN_TEXTO_INTERNO,2
E14_PRE_16_001_018_18_14_001_6088_Mesa_1.pdf,COUNTRY SUR,mfrru9QURE9lcj8QWV1GeVJQZh+vAKWp2cHHHGXoCes=,SIN_TEXTO_INTERNO,2
E14_PRE_16_001_018_18_14_002_6088_Mesa_2.pdf,COUNTRY SUR,PAHKvM3pc1V+HBY/+m69rdCU/yDVQ0mr1cN75oy1yfI=,SIN_TEXTO_INTERNO,2
E14_PRE_16_001_018_18_14_003_6088_Mesa_3.pdf,COUNTRY SUR,SiNJdZ9TpBMEnUCUJb/Dndf6afDfZBcIucfHQ6ZuDkU=,SIN_TEXTO_INTERNO,2
E14_PRE_16_001_018_18_14_004_6088_Mesa_4.pdf,COUNTRY SUR,g+GKYb7zN2q5kDlximMfq/5r3CCySy2yNzsUWUEPWbk=,SIN_TEXTO_INTERNO,2
E14_PRE_16_001_018_18_14_005_6088_Mesa_5.pdf,COUNTRY SUR,YKN5MwbsYV3RrvOlpf+YIFibdoCYoqQQYQ28cqiSmP4=,SIN_TEXTO_INTERNO,2
E14_PRE_16_001_018_18_14_006_6088_Mesa_6.pdf,COUNTRY SUR,ujKr4tX92tR1bb9zfQAigxpT4LAMjlIZ9C6R8RaVCiU=,SIN_TEXTO_INTERNO,2
E14_PRE_16_001_018_18_14_007_6088_Mesa_7.pdf,COUNTRY SUR,NE/T5J2A2H+QtHvDdtp+bLfsni/0xp0b8UyTuymiDAg=,SIN_TEXTO_INTERNO,2
E14_PRE_16_001_018_18_14_008_6088_Mesa_8.pdf,COUNTRY SUR,O7rael1XULF/ycGuCXR17lbeZx27MkpRYltCSypgpxw=,SIN_TEXTO_INTERNO,2
E14_PRE_16_001_018_18_14_009_6088_Mesa_9.pdf,COUNTRY SUR,u2Iz7Cq23k0qgYw8vFED+5PHar6Wd+zmlJMHOKUcIkM=,SIN_TEXTO_INTERNO,2
E14_PRE_16_001_018_18_14_010_6088_Mesa_10.pdf,COUNTRY SUR,BZ52itCjx4njmPQnJOjZ8kiqlNXYRSbFjoi7OA3wepQ=,SIN_TEXTO_INTERNO,2
E14_PRE_16_001_018_18_14_011_6088_Mesa_11.pdf,COUNTRY SUR,HbBE9WC9+NedunlyjbUGS9F9JQWNaZBhPRrffKw8WyY=,SIN_TEXTO_INTERNO,2
E14_PRE_16_001_018_18_14_012_6088_Mesa_12.pdf,COUNTRY SUR,MmVUZDKbPtU3kyIoiyy3xEBJdEiEDIdA9bDzNJx50jU=,SIN_TEXTO_INTERNO,2
E14_PRE_16_001_018_18_14_013_6088_Mesa_13.pdf,COUNTRY SUR,Zkh/6azYl/pSjfzfGzj+hw28eVTHNy5/Kn+L74l1CJ8=,SIN_TEXTO_INTERNO,2
E14_PRE_16_001_018_18_14_014_6088_Mesa_14.pdf,COUNTRY SUR,iiqjA0rMTRjQ4K/yxuaYNmMY3AaE1ggfDsnxZq2yVNw=,SIN_TEXTO_INTERNO,2
E14_PRE_16_001_018_18_14_015_6088_Mesa_15.pdf,COUNTRY SUR,2ceN9MzbNboh3BMJk+rejGF/kEo3VKwqWfWwQKs65ms=,SIN_TEXTO_INTERNO,2
E14_PRE_16_001_018_18_14_016_6088_Mesa_16.pdf,COUNTRY SUR,zJh1hq2IqcncAqFBvjYqu2aQCCR0z6pMV7e+Nqb0nr0=,SIN_TEXTO_INTERNO,2
E14_PRE_16_001_018_18_14_017_6088_Mesa_17.pdf,COUNTRY SUR,mlL1RM1+XNYrAfU1xkdcWdmwKoFMK78zQJC5cAckCfc=,SIN_TEXTO_INTERNO,2
E14_PRE_16_001_018_18_14_018_6088_Mesa_18.pdf,COUNTRY SUR,iRw2lYGbTtsNw5IwqBa3pf0FtcXsAFV/S5X/diauMYY=,SIN_TEXTO_INTERNO,2
E14_PRE_16_001_018_18_14_019_6088_Mesa_19.pdf,COUNTRY SUR,SQD0ZVEv6mr6qyQDM7PxmMdBWOufzhrjqcuPFd7AXJ4=,SIN_TEXTO_INTERNO,2
E14_PRE_16_001_018_18_14_020_6088_Mesa_20.pdf,COUNTRY SUR,VtHaf7RGmgWVj16U4B/8DivMMvdc75kgjB779Bpay5s=,SIN_TEXTO_INTERNO,2
E14_PRE_16_001_018_18_14_021_6088_Mesa_21.pdf,COUNTRY SUR,EPkP//45rjhVREVw8FKYscMSKpBeQoCjnVzNcHL3ZdE=,SIN_TEXTO_INTERNO,2
E14_PRE_16_001_018_18_14_022_6088_Mesa_22.pdf,COUNTRY SUR,5KzmBMM4jrjosCW4gnwqAe/vFZAPEQrtUzmKrpwGhU8=,SIN_TEXTO_INTERNO,2
E14_PRE_16_001_018_18_14_023_6088_Mesa_23.pdf,COUNTRY SUR,ZkPZL3go1oeUfPuiuNQgwp7W1xf8RRSYHovkgnDJcgI=,SIN_TEXTO_INTERNO,2
E14_PRE_16_001_018_18_14_024_6088_Mesa_24.pdf,COUNTRY SUR,6un3wsQKiXphSifkSNoUNyBK9zPq+3MErtJN9j60DEI=,SIN_TEXTO_INTERNO,2
E14_PRE_16_001_018_18_14_025_6088_Mesa_25.pdf,COUNTRY SUR,KxtCT0M8y6xCk6/Ipqkv3U/KeEYRqEjr2qwpCoPliKI=,SIN_TEXTO_INTERNO,2
E14_PRE_16_001_018_18_14_026_6088_Mesa_26.pdf,COUNTRY SUR,Ao8wrfYfiq9nW9DcSC7bZkxG8aB53hZndvkOQ+brML8=,SIN_TEXTO_INTERNO,2
E14_PRE_16_001_018_18_14_027_6088_Mesa_27.pdf,COUNTRY SUR,1Col1pBFG+2uf1/9ZaO6SvfZAgFRbItCKMbTBus/YD8=,SIN_TEXTO_INTERNO,2
E14_PRE_16_001_018_18_14_028_6088_Mesa_28.pdf,COUNTRY SUR,/XEtNv2U79TlGarDXlnq+DXJ704sPmnkp88PkC7ph3I=,SIN_TEXTO_INTERNO,2
E14_PRE_16_001_018_18_14_029_6088_Mesa_29.pdf,COUNTRY SUR,eIlNXef49vIJKxIQZBPARkDc5AGhNYuAijp8Y/i9q2I=,SIN_TEXTO_INTERNO,2
E14_PRE_16_001_018_18_14_030_6088_Mesa_30.pdf,COUNTRY SUR,jXRZF8nj2FyqZgsf/cGsuu9jRQUWwH2hNdpvfZJoAhU=,SIN_TEXTO_INTERNO,2
E14_PRE_16_001_018_18_14_031_6088_Mesa_31.pdf,COUNTRY SUR,bBtfxNcOBUjtEAg0BTZd3ZDc+Bl2BdgD4B6vw9c9U6c=,SIN_TEXTO_INTERNO,2
E14_PRE_16_001_018_18_14_032_6088_Mesa_32.pdf,COUNTRY SUR,v8gjqmONZ0N+Rdeev3glc6Snuj7hrpvobu8BX4II6ug=,SIN_TEXTO_INTERNO,2
E14_PRE_16_001_018_18_14_033_6088_Mesa_33.pdf,COUNTRY SUR,XhJYUrWC6GqHH0BzKrV78rno3E1ntRL36I7gSXsa2Vs=,SIN_TEXTO_INTERNO,2
E14_PRE_16_001_018_18_14_034_6088_Mesa_34.pdf,COUNTRY SUR,fmaNUZLKGe/99T6F/0wn5G1bZyl09bG4ksWDRZRdAxg=,SIN_TEXTO_INTERNO,2
E14_PRE_16_001_018_18_14_035_6088_Mesa_35.pdf,COUNTRY SUR,iXJfgjhI51hCjLWOCe8NJV9yfu22kjU0Q83HLvSXRWY=,SIN_TEXTO_INTERNO,2
E14_PRE_16_001_018_18_14_036_6088_Mesa_36.pdf,COUNTRY SUR,SZ0gqZGCHfLqpXXkESA8ZMK+egx/Q3yec/NSUXpEhZc=,SIN_TEXTO_INTERNO,2
E14_PRE_16_001_018_18_14_037_6088_Mesa_37.pdf,COUNTRY SUR,q+ddW1lVeGs+AD8biamun17oDeTtcRryoQEAgbw+UG4=,SIN_TEXTO_INTERNO,2
E14_PRE_23_088_099_00_45_001_2694_Mesa_1.pdf,CUALALA,XNwPYPIMZZNYGMkjoH5tbE99qZ0SS8hNXmzCWjP51VQ=,SIN_TEXTO_INTERNO,2
E14_PRE_11_088_099_00_23_001_5612_Mesa_1.pdf,CUEVITAS (LAS YESCAS),hA2yO0PQoDeuaQg4G66D+3+uXY02sR54ws0YT7P5k6U=,SIN_TEXTO_INTERNO,2
E14_PRE_07_088_099_00_13_001_2229_Mesa_1.pdf,DIRAVITA ALTO,sWFoOJBTctB0aZhzXrxqoxhkCDNzSzgYXdzVJlwJc20=,SIN_TEXTO_INTERNO,2
E14_PRE_29_088_099_00_01_001_2931_Mesa_1.pdf,DOIMA,IOr2J8Sh6tVAjSYqRe3D8zxUUxXJ15iLyH/nPc9njRs=,SIN_TEXTO_INTERNO,2
E14_PRE_29_088_099_00_01_002_2931_Mesa_2.pdf,DOIMA,geDq1cSG2/TBhKTvGqkA2NkiDlpBxzLUnaZg6CwHWr4=,SIN_TEXTO_INTERNO,2
E14_PRE_29_088_099_00_01_003_2931_Mesa_3.pdf,DOIMA,nxWLwDvCpnrCOdYmDdZujdoth6EDy8PIp4bYq4YJBRA=,SIN_TEXTO_INTERNO,2
E14_PRE_29_088_099_00_01_004_2931_Mesa_4.pdf,DOIMA,oSVccSfJlPN5E9GsPcDD9QQkh9cA+rhLNjHTVPMVw50=,SIN_TEXTO_INTERNO,2
E14_PRE_29_088_099_00_01_005_2931_Mesa_5.pdf,DOIMA,vJ/QgRe45Pru6fWlyBaqF9WaEJNgaKKG/cYaiUetGik=,SIN_TEXTO_INTERNO,2
E14_PRE_29_088_099_00_01_006_2931_Mesa_6.pdf,DOIMA,nmImJENgZeo26Mw81CSMukqaWMoj5Mfsbh1sgE/q94M=,SIN_TEXTO_INTERNO,2
E14_PRE_11_088_099_00_07_001_5611_Mesa_1.pdf,EL GUAYABAL,m3REoxcrQQ5fX77SuB/+VaoXTu2WdHA5Oli0ME6aekg=,SIN_TEXTO_INTERNO,2
E14_PRE_11_088_099_00_07_002_5611_Mesa_2.pdf,EL GUAYABAL,Jq1/aJFz93m9BC+CzgRJOx/uMUxScLtd0p9R6OvMZnA=,SIN_TEXTO_INTERNO,2
E14_PRE_11_088_099_00_03_001_5611_Mesa_1.pdf,EL HATO,J6BJdCvfoqVpSlZ7KPi8miOHLMicJ/QFXqSLUCR0zek=,SIN_TEXTO_INTERNO,2
E14_PRE_11_088_099_00_03_002_5611_Mesa_2.pdf,EL HATO,6WTPV6WUiO71nyiRyk9BdjUwwbsyNl9+mgVelMDKoSY=,SIN_TEXTO_INTERNO,2
E14_PRE_27_088_099_00_07_001_2821_Mesa_1.pdf,EL PALMAR,BCP1ZtBMhRt5vjdG/mQc7M32kICThw34X/ivPW5FS24=,SIN_TEXTO_INTERNO,2
E14_PRE_31_088_099_00_01_001_2976_Mesa_1.pdf,EL RUBI,YdHy2Ix+6pYGIXHCLqQoHoPWSXL4mrHMV/TGtkm4YQw=,SIN_TEXTO_INTERNO,2
E14_PRE_31_088_099_00_01_002_2976_Mesa_2.pdf,EL RUBI,JFvrSbo01cQxjxVviE3b7eIp8Dad494l63wAML3DEXs=,SIN_TEXTO_INTERNO,2
E14_PRE_23_088_099_00_04_001_2694_Mesa_1.pdf,EL TRUENO,eVtHc7PabsNPDD7ZtjXZFaO1RJRLw06rxSnP19aqcok=,SIN_TEXTO_INTERNO,2
E14_PRE_31_091_002_00_03_001_6787_Mesa_1.pdf,ESC NOR. SUP. JORGE ISAAC SD L.MADRID,229gFoFLyVuK0vdtd5vzPpddA1XEM1EWewEidEIHxPk=,SIN_TEXTO_INTERNO,2
E14_PRE_31_091_002_00_03_002_6787_Mesa_2.pdf,ESC NOR. SUP. JORGE ISAAC SD L.MADRID,5OfoKHZFkz4a2X+VitWTRTZIe4bF6Qq9N+hbsRYWWhU=,SIN_TEXTO_INTERNO,2
E14_PRE_31_091_002_00_03_003_6787_Mesa_3.pdf,ESC NOR. SUP. JORGE ISAAC SD L.MADRID,Yq2HQ3Xnp2bnH1iP7V09wePNSnexiXj/vicIS7JypFA=,SIN_TEXTO_INTERNO,2
E14_PRE_31_091_002_00_03_004_6787_Mesa_4.pdf,ESC NOR. SUP. JORGE ISAAC SD L.MADRID,qVhst4iTsdY7g5S2ygvhFtB7nzgGM11ZqKExraAykxc=,SIN_TEXTO_INTERNO,2
E14_PRE_31_091_002_00_03_005_6787_Mesa_5.pdf,ESC NOR. SUP. JORGE ISAAC SD L.MADRID,XlZi3dq/ZzKRysSwMwLjjekQbhkpIeps4EfclXBCakg=,SIN_TEXTO_INTERNO,2
E14_PRE_31_091_002_00_03_006_6787_Mesa_6.pdf,ESC NOR. SUP. JORGE ISAAC SD L.MADRID,IMgrgax1rswWISNfApyifrUTXaT6PGHrAmrmEyUcRJo=,SIN_TEXTO_INTERNO,2
E14_PRE_31_091_002_00_03_007_6787_Mesa_7.pdf,ESC NOR. SUP. JORGE ISAAC SD L.MADRID,HLjqbpqlH/XGlmiEiyrqw6OR5XWYgOaVWBzGevB2o7w=,SIN_TEXTO_INTERNO,2
E14_PRE_31_091_002_00_03_008_6787_Mesa_8.pdf,ESC NOR. SUP. JORGE ISAAC SD L.MADRID,EHdJfKw4Ah+GCuwhv+rMqkhbmyCI6SAE5G38JdRmICA=,SIN_TEXTO_INTERNO,2
E14_PRE_31_091_002_00_03_009_6787_Mesa_9.pdf,ESC NOR. SUP. JORGE ISAAC SD L.MADRID,nFgwz0dEAa6JuguSmbt15RUTydCVPP9JLqY7GjY3bPo=,SIN_TEXTO_INTERNO,2
E14_PRE_31_091_002_00_03_010_6787_Mesa_10.pdf,ESC NOR. SUP. JORGE ISAAC SD L.MADRID,rHY7o/FOyuXBDYnC1/dobaDFcAReXO5s4UFUCAoajWA=,SIN_TEXTO_INTERNO,2
E14_PRE_31_091_002_00_03_011_6787_Mesa_11.pdf,ESC NOR. SUP. JORGE ISAAC SD L.MADRID,b+p5Mz68liHRzTK7ie4bXYLo/0NiJrN4lUx8LLFzjiQ=,SIN_TEXTO_INTERNO,2
E14_PRE_31_091_002_00_03_012_6787_Mesa_12.pdf,ESC NOR. SUP. JORGE ISAAC SD L.MADRID,j3vNAmJVl3fF9QsPNh1BzIRioMGsWC1x8g2RLno+4dE=,SIN_TEXTO_INTERNO,2
E14_PRE_15_088_002_00_06_001_5772_Mesa_1.pdf,ESC SAN ANDRES,wGY99apJKLLtuePx/qHujkZwSGg44t8nWHx4Xb9Lh5I=,SIN_TEXTO_INTERNO,2
E14_PRE_15_088_002_00_06_002_5772_Mesa_2.pdf,ESC SAN ANDRES,JCwyIiZsX2hjc/DLDwOCJ5eAEHA5DZxZcgSpuPyaoFM=,SIN_TEXTO_INTERNO,2
E14_PRE_15_088_002_00_06_003_5772_Mesa_3.pdf,ESC SAN ANDRES,aM45k66Ee/r6cZ0d/P8mFBVzmHNNnO33Ys74pyNba/4=,SIN_TEXTO_INTERNO,2
E14_PRE_15_088_002_00_06_004_5772_Mesa_4.pdf,ESC SAN ANDRES,3k8Ld0cbiZTfP9XICfxLVXOh2Rsgtf1jCP9ppWW/5wA=,SIN_TEXTO_INTERNO,2
E14_PRE_15_088_002_00_06_005_5772_Mesa_5.pdf,ESC SAN ANDRES,8xrBZUE1NuHsLhDmMUccKBTjqXcvsIKVXoUHUbppYw8=,SIN_TEXTO_INTERNO,2
E14_PRE_15_088_002_00_06_006_5772_Mesa_6.pdf,ESC SAN ANDRES,/UcnoGGV9QukdD7BUgVAevNGoLOP1r5n+W8dW+2eJSw=,SIN_TEXTO_INTERNO,2
E14_PRE_15_088_002_00_06_007_5772_Mesa_7.pdf,ESC SAN ANDRES,4Sf0ZJGM+CLiofvoJOPy4wc8FXCpdKq0HOP0Wj8sxNM=,SIN_TEXTO_INTERNO,2
E14_PRE_12_180_099_00_60_001_2391_Mesa_1.pdf,ESTADOS UNIDOS,hep+f8uAjysc2WubDY7TpPts2zpHejjpnFtzsvTWaps=,SIN_TEXTO_INTERNO,2
E14_PRE_12_180_099_00_60_002_2391_Mesa_2.pdf,ESTADOS UNIDOS,PVVijuGauCidNB7tLBx5xe7qDrwg/MiYwdPqpzyb/SA=,SIN_TEXTO_INTERNO,2
E14_PRE_12_180_099_00_60_003_2391_Mesa_3.pdf,ESTADOS UNIDOS,ckEDYhjMAYa/4ayuWBIoeVgL/F2QK9WQH7sarnC76qo=,SIN_TEXTO_INTERNO,2
E14_PRE_16_001_018_18_51_001_6096_Mesa_1.pdf,ESTADOS UNIDOS DE AMERICA,8n5ysyC1ZaY78bsb6RJimOchqST9iZYy1zsbo+N2x5c=,SIN_TEXTO_INTERNO,2
E14_PRE_16_001_018_18_51_002_6096_Mesa_2.pdf,ESTADOS UNIDOS DE AMERICA,RgUnR/wjVrBltX3flvKo9Kp4Psv0mBmC2MPg58dhrbo=,SIN_TEXTO_INTERNO,2
E14_PRE_16_001_018_18_51_003_6096_Mesa_3.pdf,ESTADOS UNIDOS DE AMERICA,yGA2mCY/PJrRmY2+4lW0mms2R9W6tmWB/EpGvP6vZq0=,SIN_TEXTO_INTERNO,2
E14_PRE_16_001_018_18_51_004_6096_Mesa_4.pdf,ESTADOS UNIDOS DE AMERICA,EMooj8zjCJ790tnj17dSFiJrO4KI8lM5J2ytNUotaQQ=,SIN_TEXTO_INTERNO,2
E14_PRE_16_001_018_18_51_005_6096_Mesa_5.pdf,ESTADOS UNIDOS DE AMERICA,nOR87JlSKcGQX4Qi1bpmCm2GEya+Bc2s81zJ5KezT64=,SIN_TEXTO_INTERNO,2
E14_PRE_16_001_018_18_51_006_6096_Mesa_6.pdf,ESTADOS UNIDOS DE AMERICA,O78pto2sARmzU/gITggJcDYJKKrAO1XOmQ+heO7+rLw=,SIN_TEXTO_INTERNO,2
E14_PRE_31_088_099_00_05_001_2976_Mesa_1.pdf,FENICIA,H2zRv7lD3SSFXPplNbYsLhWOnjMH600FlmX9PzrebFY=,SIN_TEXTO_INTERNO,2
E14_PRE_31_088_099_00_05_002_2976_Mesa_2.pdf,FENICIA,9cRAi59Hztt1FWydAHWvDLZcT+Mp1NHYs5CPRh3VzVQ=,SIN_TEXTO_INTERNO,2
E14_PRE_31_088_099_00_05_003_2976_Mesa_3.pdf,FENICIA,bNu1MfApHfDpYGA54dCurvqdaHrnouZESdk1tKZ7kXo=,SIN_TEXTO_INTERNO,2
E14_PRE_31_088_099_00_05_004_2976_Mesa_4.pdf,FENICIA,JlN3Lw0AFhmRej91CX3fQxW30LoVHrRWB6jBK/Vnc2s=,SIN_TEXTO_INTERNO,2
E14_PRE_31_088_099_00_05_005_2976_Mesa_5.pdf,FENICIA,t7wPZTQwimivxOKMp1IQOkaEcdG7Q68dvincnO8R82o=,SIN_TEXTO_INTERNO,2
E14_PRE_29_088_099_00_15_001_2931_Mesa_1.pdf,GUATAQUISITO,YCrAdWJiTaVFlGbn/C2+zREVCAoPYVZxF14C4XoB/f0=,SIN_TEXTO_INTERNO,2
E14_PRE_15_088_001_00_08_001_5773_Mesa_1.pdf,I E EL HATO,NGcZLUy8rcMGWb7rnwvTcLXeB3kIEXQu01MFqczLhLI=,SIN_TEXTO_INTERNO,2
E14_PRE_15_088_001_00_08_002_5773_Mesa_2.pdf,I E EL HATO,gEPgy0ig+P4iEVy5cRLesEmrDUMqQEJCjouyMsywKNE=,SIN_TEXTO_INTERNO,2
E14_PRE_15_088_001_00_08_003_5773_Mesa_3.pdf,I E EL HATO,v2O/Zqx3ONyM//oSEmS27iI87M93JD4pb79pNKoJhMI=,SIN_TEXTO_INTERNO,2
E14_PRE_15_088_001_00_08_004_5773_Mesa_4.pdf,I E EL HATO,giNgTqbPRDUUzgdRoX21DZzwwh4IgE20mbE5rIenZtE=,SIN_TEXTO_INTERNO,2
E14_PRE_15_088_001_00_08_005_5773_Mesa_5.pdf,I E EL HATO,crkytQXSWRnC+q0+wbQwQgjL2iCpzYZbFvyHL9AeUKo=,SIN_TEXTO_INTERNO,2
E14_PRE_15_088_002_00_09_001_5775_Mesa_1.pdf,I E SAN MARCOS,Dm2pKgKy/2cQVageUv18c0uatLgTQhYphTJm+afsKFM=,SIN_TEXTO_INTERNO,2
E14_PRE_15_088_002_00_09_002_5775_Mesa_2.pdf,I E SAN MARCOS,Zii6XFI3uoaPqxPZqjoct+pO4Bq0PJlWhpYXV/ALoyE=,SIN_TEXTO_INTERNO,2
E14_PRE_15_088_002_00_09_003_5775_Mesa_3.pdf,I E SAN MARCOS,vSiK/KJxoL4XhviXvqaM9/unDVPua7VV4myPIv6+jRo=,SIN_TEXTO_INTERNO,2
E14_PRE_15_088_002_00_09_004_5775_Mesa_4.pdf,I E SAN MARCOS,InsDYLUEWpAs+ESska4LipfxJpvumuLh//MJBwdgoC4=,SIN_TEXTO_INTERNO,2
E14_PRE_15_088_001_00_07_001_5776_Mesa_1.pdf,I E SERREZUELITA,pXvi5AaDhx4GWZDbP+PfPWN5xwWO065OnT+mWY+UANk=,SIN_TEXTO_INTERNO,2
E14_PRE_15_088_001_00_07_002_5776_Mesa_2.pdf,I E SERREZUELITA,WE61LT6rVVd/bk0rXjP8KHYzq/dNGkMfuZSQZDMCO48=,SIN_TEXTO_INTERNO,2
E14_PRE_15_088_001_00_07_003_5776_Mesa_3.pdf,I E SERREZUELITA,d100J/YfRdlRf+10X+/YM5BdZmZVLj6uLTkD3eBpAtc=,SIN_TEXTO_INTERNO,2
E14_PRE_15_088_001_00_07_004_5776_Mesa_4.pdf,I E SERREZUELITA,0Kd0MdlVJRhUhkWrDnMRsZnaqMLfksonoi1InFEOh6Y=,SIN_TEXTO_INTERNO,2
E14_PRE_15_088_001_00_07_005_5776_Mesa_5.pdf,I E SERREZUELITA,wgFKhILlwulEdy3MfGZLdlrEQujqUmh1lvUtfqNm9d8=,SIN_TEXTO_INTERNO,2
E14_PRE_15_088_001_00_07_006_5776_Mesa_6.pdf,I E SERREZUELITA,ekK3koCcCOB7NfPMmEIHtq2drEsLIEuYCXJbG4BYDhg=,SIN_TEXTO_INTERNO,2
E14_PRE_15_088_001_00_07_007_5776_Mesa_7.pdf,I E SERREZUELITA,xggHNZNViThywIVSz4wTa1f0qEI6IpxfIZOou9AAaPw=,SIN_TEXTO_INTERNO,2
E14_PRE_15_088_001_00_07_008_5776_Mesa_8.pdf,I E SERREZUELITA,D3nh2YPmAAuGxXou9hK3VGz73eyszqGjbrWW/sXhP0Q=,SIN_TEXTO_INTERNO,2
E14_PRE_15_088_001_00_07_009_5776_Mesa_9.pdf,I E SERREZUELITA,xFrcK54oGZe/RfxjvR5v/LFUyS0DC8YBl+glsN2GG7A=,SIN_TEXTO_INTERNO,2
E14_PRE_15_088_001_00_07_010_5776_Mesa_10.pdf,I E SERREZUELITA,RiiEWupTyneQRZUx5OsfWu/Qf4htIqxrMHSoS7NJ/NI=,SIN_TEXTO_INTERNO,2
E14_PRE_01_022_099_00_01_001_2007_Mesa_1.pdf,I.E  LOS ANGELES,rq19jB4+vXgnIr3L4gFzuoNphRjB1drln6vqI4D4SaY=,SIN_TEXTO_INTERNO,2
E14_PRE_01_022_099_00_01_002_2007_Mesa_2.pdf,I.E  LOS ANGELES,yZV5J1U+nK8tpXJdCAFcE8cchcDcLcRf2kUK2FxKJlg=,SIN_TEXTO_INTERNO,2
E14_PRE_01_022_099_00_01_003_2007_Mesa_3.pdf,I.E  LOS ANGELES,VDu8lnwJyKBraEK3bKUYjN8WwJyXlrDCO7IrFQSGGnA=,SIN_TEXTO_INTERNO,2
E14_PRE_01_088_001_00_08_001_5155_Mesa_1.pdf,I.E. ANTIOQUIA LA GRANDE,GWG8PdFtSCt37KZ4BwOmrXQ9h94peNA2z2YFi2XY2/8=,SIN_TEXTO_INTERNO,2
E14_PRE_01_088_001_00_08_002_5155_Mesa_2.pdf,I.E. ANTIOQUIA LA GRANDE,ocSn/Yn3iUBPQvFc5/SIqtaV5tT7kxtxTZqQcFAAAqM=,SIN_TEXTO_INTERNO,2
E14_PRE_11_088_001_00_02_001_5611_Mesa_1.pdf,I.E. COLEGIO SAN CAYETANO,zTe3cF0tPO7qmvhN/M6xAZZOWs0KXGbq3xLbTvkBHuI=,SIN_TEXTO_INTERNO,2
E14_PRE_11_088_001_00_02_002_5611_Mesa_2.pdf,I.E. COLEGIO SAN CAYETANO,57XitmHY3KmHtFykCdmK4equEIXsDI8x2XIlb3kPwbk=,SIN_TEXTO_INTERNO,2
E14_PRE_11_088_001_00_02_003_5611_Mesa_3.pdf,I.E. COLEGIO SAN CAYETANO,SvN2C1rmU3z8aa7RaUA6c7TSp+aVlZ5hBqGIcC4IXak=,SIN_TEXTO_INTERNO,2
E14_PRE_11_088_001_00_02_004_5611_Mesa_4.pdf,I.E. COLEGIO SAN CAYETANO,1A/iw9xHsRBGB5ht/ZCBzM6hs6suKPnwRGF7oUUhcpQ=,SIN_TEXTO_INTERNO,2
E14_PRE_11_088_001_00_02_005_5611_Mesa_5.pdf,I.E. COLEGIO SAN CAYETANO,IGRA0EDbK2gYep3AmwfOrRdPff9JuHoRN5bH8wmIxEI=,SIN_TEXTO_INTERNO,2
E14_PRE_11_088_001_00_02_006_5611_Mesa_6.pdf,I.E. COLEGIO SAN CAYETANO,0M7Wv1LpQOx6Q5bCn9JUJBKAsLk9tzDzGBZv1Wf9vXw=,SIN_TEXTO_INTERNO,2
E14_PRE_11_088_001_00_02_007_5611_Mesa_7.pdf,I.E. COLEGIO SAN CAYETANO,HhNSHAfbUffu0j2Dc/eXSP4o2k0wk4+HKjdFniB98ls=,SIN_TEXTO_INTERNO,2
E14_PRE_11_088_001_00_02_008_5611_Mesa_8.pdf,I.E. COLEGIO SAN CAYETANO,a8gZl3GohokjllLY6Fbox/K03VWMxyN5Ktlp95dt7Tk=,SIN_TEXTO_INTERNO,2
E14_PRE_11_088_001_00_02_009_5611_Mesa_9.pdf,I.E. COLEGIO SAN CAYETANO,ceIwc8357d1fS+v71ytGiMtqbXt97q3sxB3X4J+IqFY=,SIN_TEXTO_INTERNO,2
E14_PRE_11_088_001_00_02_010_5611_Mesa_10.pdf,I.E. COLEGIO SAN CAYETANO,B2ZeFLPpW3BLZu6g5R4J+54pmtHjbPA1HN3vUzQMORo=,SIN_TEXTO_INTERNO,2
E14_PRE_11_088_001_00_02_011_5611_Mesa_11.pdf,I.E. COLEGIO SAN CAYETANO,Jlh85D2u1hM9TibRF0F5jNIyJUzzOZ4lqhEBB9i+zh0=,SIN_TEXTO_INTERNO,2
E14_PRE_01_088_002_00_05_001_5157_Mesa_1.pdf,I.E. DIVINO NIÑO PRINCIPAL,aqIG6ujKVQ8wRjU/ulQu962OtPAX1gYMM1bud7BIMyk=,SIN_TEXTO_INTERNO,2
E14_PRE_01_088_002_00_05_002_5157_Mesa_2.pdf,I.E. DIVINO NIÑO PRINCIPAL,LqWe31W+eK2qtt7DwFEPENrNSsV/m5Vp3aOdDw9dVuw=,SIN_TEXTO_INTERNO,2
E14_PRE_01_088_002_00_05_003_5157_Mesa_3.pdf,I.E. DIVINO NIÑO PRINCIPAL,BxsdUL4nZIfFeSi/jTMJDayYozW5bJHLFxy+gkNudZw=,SIN_TEXTO_INTERNO,2
E14_PRE_01_088_002_00_05_004_5157_Mesa_4.pdf,I.E. DIVINO NIÑO PRINCIPAL,NO_DECODIFICADO,SIN_TEXTO_INTERNO,2
E14_PRE_01_088_002_00_05_005_5157_Mesa_5.pdf,I.E. DIVINO NIÑO PRINCIPAL,mPLZZWeoI6xnYDGAYE8XtUPAMrMdizHv6+FN+2ZaqwY=,SIN_TEXTO_INTERNO,2
E14_PRE_01_088_002_00_05_006_5157_Mesa_6.pdf,I.E. DIVINO NIÑO PRINCIPAL,bvrRik5A+ukpjdomkib8nc7/X3ppebOcRk/TdJ5Y9k8=,SIN_TEXTO_INTERNO,2
E14_PRE_01_088_002_00_05_007_5157_Mesa_7.pdf,I.E. DIVINO NIÑO PRINCIPAL,JWZCNIHwr5Zv0qx7iDKAIEpNlUYslHQ8fRyA4zJUgl8=,SIN_TEXTO_INTERNO,2
E14_PRE_01_088_002_00_05_008_5157_Mesa_8.pdf,I.E. DIVINO NIÑO PRINCIPAL,HCkzkz1M+QF7pduZY+wdfrTVUYO3yWrBEeLmDp2nJKk=,SIN_TEXTO_INTERNO,2
E14_PRE_01_088_002_00_05_010_5157_Mesa_10.pdf,I.E. DIVINO NIÑO PRINCIPAL,C+iTM/xXX3BFBDsR4hDnRdDxW23coIxyN7vq9dXYkaA=,SIN_TEXTO_INTERNO,2
E14_PRE_01_088_002_00_05_011_5157_Mesa_11.pdf,I.E. DIVINO NIÑO PRINCIPAL,Scnww/bw55CzHMCFa5palHLsefrhF1uLAWhO6DXBvTU=,SIN_TEXTO_INTERNO,2
E14_PRE_01_088_002_00_05_012_5157_Mesa_12.pdf,I.E. DIVINO NIÑO PRINCIPAL,vfcaHC9iwf9IClmBWrmBpY0bJjfVpltIGk7tH7OtQJE=,SIN_TEXTO_INTERNO,2
E14_PRE_01_088_002_00_05_013_5157_Mesa_13.pdf,I.E. DIVINO NIÑO PRINCIPAL,uFMsR1cMUk4wTkLatYNznMdMj+njYkFGofcGE4qrppY=,SIN_TEXTO_INTERNO,2
E14_PRE_01_088_002_00_05_014_5157_Mesa_14.pdf,I.E. DIVINO NIÑO PRINCIPAL,V0fMMDxlc0TQqL8xXezPnnSHxoEGEUPC2FqBu4AZfkk=,SIN_TEXTO_INTERNO,2
E14_PRE_01_088_002_00_05_015_5157_Mesa_15.pdf,I.E. DIVINO NIÑO PRINCIPAL,snSndB0nEu55Rxa1OBo+J1erguihtrjPQKFFUOJHLhY=,SIN_TEXTO_INTERNO,2
E14_PRE_01_088_002_00_05_016_5157_Mesa_16.pdf,I.E. DIVINO NIÑO PRINCIPAL,maO6S/XCOnXTFxkHU9suA1m6McZFyfZ27+TrNg1PR0Q=,SIN_TEXTO_INTERNO,2
E14_PRE_01_088_002_00_05_017_5157_Mesa_17.pdf,I.E. DIVINO NIÑO PRINCIPAL,IzxRetgA+ohbe5M6ar43pVrkF2eLYI998jlWEUHe+Rg=,SIN_TEXTO_INTERNO,2
E14_PRE_01_088_002_00_05_018_5157_Mesa_18.pdf,I.E. DIVINO NIÑO PRINCIPAL,ZfPGTnypwq6HWvbtEZTcZ3hC6ZK3+lnZklJn/sXvMOc=,SIN_TEXTO_INTERNO,2
E14_PRE_01_088_002_00_05_019_5157_Mesa_19.pdf,I.E. DIVINO NIÑO PRINCIPAL,OzV7xhYPzbt1tfxquZbtfxU2HyFbAVMJTWVcHeVZ0Kg=,SIN_TEXTO_INTERNO,2
E14_PRE_01_088_002_00_05_020_5157_Mesa_20.pdf,I.E. DIVINO NIÑO PRINCIPAL,OpxZxUJ28EQF9VzC8KT4vT+XlzdMDc7CbO2dPUnVauE=,SIN_TEXTO_INTERNO,2
E14_PRE_01_088_002_00_03_001_5155_Mesa_1.pdf,I.E. LA MISERICORDIA PPAL,Jer2Ym9siqe19PJj/aqzPacRxsfljyW7OKFpMcV+OeA=,SIN_TEXTO_INTERNO,2
E14_PRE_01_088_002_00_03_002_5155_Mesa_2.pdf,I.E. LA MISERICORDIA PPAL,WOTeBakDrVzXCt2Wd8gb24oaRj8IVwQosqxzBSs7D5U=,SIN_TEXTO_INTERNO,2
E14_PRE_01_088_002_00_03_003_5155_Mesa_3.pdf,I.E. LA MISERICORDIA PPAL,NO_DECODIFICADO,SIN_TEXTO_INTERNO,2
E14_PRE_01_088_002_00_03_004_5155_Mesa_4.pdf,I.E. LA MISERICORDIA PPAL,+cEB1fFEdWQzFQJtpomRVswdRfAS7f7vH8qJopUBLhc=,SIN_TEXTO_INTERNO,2
E14_PRE_01_088_002_00_03_005_5155_Mesa_5.pdf,I.E. LA MISERICORDIA PPAL,NO_DECODIFICADO,SIN_TEXTO_INTERNO,2
E14_PRE_01_088_002_00_03_006_5155_Mesa_6.pdf,I.E. LA MISERICORDIA PPAL,DlXb7clPTzqfFqA8NAaCejzR2OB7VXTt+uKR3QwGzf0=,SIN_TEXTO_INTERNO,2
E14_PRE_01_088_002_00_03_007_5155_Mesa_7.pdf,I.E. LA MISERICORDIA PPAL,NO_DECODIFICADO,SIN_TEXTO_INTERNO,2
E14_PRE_01_088_002_00_03_008_5155_Mesa_8.pdf,I.E. LA MISERICORDIA PPAL,OycpoZFMRzoDVXIxGMEJ2Zhz73vVmY17DHoL4Sz968o=,SIN_TEXTO_INTERNO,2
E14_PRE_01_088_002_00_03_009_5155_Mesa_9.pdf,I.E. LA MISERICORDIA PPAL,b5LmzygNht/qjiMobLyL7sNd5inrwmFnJ1sE0qGimTI=,SIN_TEXTO_INTERNO,2
E14_PRE_01_088_002_00_03_010_5155_Mesa_10.pdf,I.E. LA MISERICORDIA PPAL,y09KDo+X20R8n8xANLDFZESAXYQ3jeYEMHZZWCVDWJ0=,SIN_TEXTO_INTERNO,2
E14_PRE_01_088_002_00_03_011_5155_Mesa_11.pdf,I.E. LA MISERICORDIA PPAL,UqOLVwSTZBu+pKUeNpRuZlgDKvrqkDeekao/XC0k1Yk=,SIN_TEXTO_INTERNO,2
E14_PRE_01_088_002_00_03_012_5155_Mesa_12.pdf,I.E. LA MISERICORDIA PPAL,ExbOd8adZglmBvImoVcg7J/yyTfZRGEM8bVrKnoP2+M=,SIN_TEXTO_INTERNO,2
E14_PRE_01_088_002_00_03_013_5155_Mesa_13.pdf,I.E. LA MISERICORDIA PPAL,SZxOlvdMSFudPkM/8OmKlxbxmU3DRKc0pAyXq4YdxvY=,SIN_TEXTO_INTERNO,2
E14_PRE_01_088_002_00_03_014_5155_Mesa_14.pdf,I.E. LA MISERICORDIA PPAL,xB3wi1MYnzW3KKqJ7q1Nx1vTvSbHsXHUDz3SEA3Az7U=,SIN_TEXTO_INTERNO,2
E14_PRE_01_088_002_00_03_015_5155_Mesa_15.pdf,I.E. LA MISERICORDIA PPAL,yG929Idi6nSGOk9R755H0/TSr6/PXyvRIGIC+7JZ0y4=,SIN_TEXTO_INTERNO,2
E14_PRE_01_088_002_00_03_016_5155_Mesa_16.pdf,I.E. LA MISERICORDIA PPAL,jQrrlCdinBzf8LfpnPwGr5wvM2MsrsWe/C6uTNXfzyU=,SIN_TEXTO_INTERNO,2
E14_PRE_01_088_002_00_03_017_5155_Mesa_17.pdf,I.E. LA MISERICORDIA PPAL,3ZKo0qfUzzKICysh6aOVPAQ//9DM4/5Pvgp8nohxQzE=,SIN_TEXTO_INTERNO,2
E14_PRE_01_088_002_00_03_018_5155_Mesa_18.pdf,I.E. LA MISERICORDIA PPAL,idI9sPnI5XdipT/6BXabTzNlmoJEQ2D7Q8FOrRfY61o=,SIN_TEXTO_INTERNO,2
E14_PRE_01_088_002_00_03_019_5155_Mesa_19.pdf,I.E. LA MISERICORDIA PPAL,D5AAhfeIgWJR5pQ0qeG3JYVe3gfnT/ZzlnMcycIRNIw=,SIN_TEXTO_INTERNO,2
E14_PRE_01_088_002_00_03_020_5155_Mesa_20.pdf,I.E. LA MISERICORDIA PPAL,BBf4eepfIC3a98O+9tkqqPUc+jjyUrE8z/ATVPXpT/o=,SIN_TEXTO_INTERNO,2
E14_PRE_01_088_002_00_03_021_5155_Mesa_21.pdf,I.E. LA MISERICORDIA PPAL,TH2fwNgichdUh1aDr9wwP72ZM05z6Cx4F0Rv1L6sALQ=,SIN_TEXTO_INTERNO,2
E14_PRE_01_088_002_00_03_022_5155_Mesa_22.pdf,I.E. LA MISERICORDIA PPAL,w1TWWDWGGmL4PV3cnjKpn9YDYRd59KCs1BMRuCfYKJk=,SIN_TEXTO_INTERNO,2
E14_PRE_01_088_002_00_03_023_5155_Mesa_23.pdf,I.E. LA MISERICORDIA PPAL,W7hd9XsEZ5MlUnd61n9QnIynl89n4exynSe4bKXShew=,SIN_TEXTO_INTERNO,2
E14_PRE_01_088_002_00_01_001_5153_Mesa_1.pdf,I.E. LA MISERICORDIA SAN RAFAEL,JehTq7Qcb2q9f7jrWbAv1/fvRZwXyPglxWPWB/ENfUA=,SIN_TEXTO_INTERNO,2
E14_PRE_01_088_002_00_01_002_5153_Mesa_2.pdf,I.E. LA MISERICORDIA SAN RAFAEL,NO_DECODIFICADO,SIN_TEXTO_INTERNO,2
E14_PRE_01_088_002_00_01_003_5153_Mesa_3.pdf,I.E. LA MISERICORDIA SAN RAFAEL,hw1vxsu0+ZI8LZTmIe10sq+8kjQwN3Bi6R+rRvdJkXg=,SIN_TEXTO_INTERNO,2
E14_PRE_01_088_002_00_01_004_5153_Mesa_4.pdf,I.E. LA MISERICORDIA SAN RAFAEL,Y5C7NFksNkeEQBtI7+W+WctOMrprzbTmohQ6PfiRenE=,SIN_TEXTO_INTERNO,2
E14_PRE_01_088_002_00_01_005_5153_Mesa_5.pdf,I.E. LA MISERICORDIA SAN RAFAEL,NO_DECODIFICADO,SIN_TEXTO_INTERNO,2
E14_PRE_01_088_002_00_01_006_5153_Mesa_6.pdf,I.E. LA MISERICORDIA SAN RAFAEL,wq9w038SXTbDNbM17gY/aKw7VUjLudEDhrw+hWSoVdY=,SIN_TEXTO_INTERNO,2
E14_PRE_01_088_002_00_01_007_5153_Mesa_7.pdf,I.E. LA MISERICORDIA SAN RAFAEL,TbM1z4J4YEe0w70fthhkSpRrL8HzT5aQBu6QMIfkdB4=,SIN_TEXTO_INTERNO,2
E14_PRE_01_088_002_00_01_008_5153_Mesa_8.pdf,I.E. LA MISERICORDIA SAN RAFAEL,LWnpOxWAtUtLs4m6NXrTGlG//jWnFPnQlYRhVzbP33M=,SIN_TEXTO_INTERNO,2
E14_PRE_01_088_002_00_08_001_5156_Mesa_1.pdf,I.E. LAS MALVINAS,lFfzh1jLI4AtCc+/Cn0eXv1opTY5oS2qR6wacS3Bj6k=,SIN_TEXTO_INTERNO,2
E14_PRE_01_088_002_00_08_002_5156_Mesa_2.pdf,I.E. LAS MALVINAS,NO_DECODIFICADO,SIN_TEXTO_INTERNO,2
E14_PRE_01_088_002_00_08_003_5156_Mesa_3.pdf,I.E. LAS MALVINAS,i6lKj8Nmoj4PCkm4817lApFs513DZZzMrSO215igwWc=,SIN_TEXTO_INTERNO,2
E14_PRE_01_088_002_00_08_004_5156_Mesa_4.pdf,I.E. LAS MALVINAS,PwuYBEr19zkVJNCBRDdH5JXOlSZRLD7tEeUt4th9OGU=,SIN_TEXTO_INTERNO,2
E14_PRE_01_088_002_00_08_005_5156_Mesa_5.pdf,I.E. LAS MALVINAS,dnWPG4hzaXqSVON3v9UnwL1ZJuCyv/DIzbmA6aDIB4c=,SIN_TEXTO_INTERNO,2
E14_PRE_01_088_002_00_08_006_5156_Mesa_6.pdf,I.E. LAS MALVINAS,NO_DECODIFICADO,SIN_TEXTO_INTERNO,2
E14_PRE_01_088_002_00_08_007_5156_Mesa_7.pdf,I.E. LAS MALVINAS,NO_DECODIFICADO,SIN_TEXTO_INTERNO,2
E14_PRE_01_088_002_00_08_008_5156_Mesa_8.pdf,I.E. LAS MALVINAS,NO_DECODIFICADO,SIN_TEXTO_INTERNO,2
E14_PRE_01_088_002_00_08_009_5156_Mesa_9.pdf,I.E. LAS MALVINAS,A7DlRbdq+IRLjzD0eUQjZx0MJOQLMS+aQ1sReCIuB6A=,SIN_TEXTO_INTERNO,2
E14_PRE_01_088_002_00_08_010_5156_Mesa_10.pdf,I.E. LAS MALVINAS,XpUO12XgUqY9syMGKcW1j7YJ7RMbycAuguDrV+LkRPY=,SIN_TEXTO_INTERNO,2
E14_PRE_01_088_002_00_08_011_5156_Mesa_11.pdf,I.E. LAS MALVINAS,Ovo9QvJnt88iCSEf1YfqCc4f6pQykgMT7aL8bYi7y0U=,SIN_TEXTO_INTERNO,2
E14_PRE_01_088_002_00_08_012_5156_Mesa_12.pdf,I.E. LAS MALVINAS,AbhdAO7imonjUsXquLOI/L55CbU4F9mVujIwD6/JZBE=,SIN_TEXTO_INTERNO,2
E14_PRE_01_088_001_00_04_001_5154_Mesa_1.pdf,I.E. LICEO CAUCASIA,ELJFj9YHQl2pxBgWrBjHjTnGpmAlfm7q8jnGpFDJKVE=,SIN_TEXTO_INTERNO,2
E14_PRE_01_088_001_00_04_002_5154_Mesa_2.pdf,I.E. LICEO CAUCASIA,NO_DECODIFICADO,SIN_TEXTO_INTERNO,2
E14_PRE_01_088_001_00_04_003_5154_Mesa_3.pdf,I.E. LICEO CAUCASIA,iZufFHxCI+ddW04ZtFiGuhUqaAslO0rsX6CVlSS/jQI=,SIN_TEXTO_INTERNO,2
E14_PRE_01_088_001_00_04_004_5154_Mesa_4.pdf,I.E. LICEO CAUCASIA,3bd9lctb6Kg//4AOYWcly0jXu2F8ds3JhdYv1fCdcDw=,SIN_TEXTO_INTERNO,2
E14_PRE_01_088_001_00_04_005_5154_Mesa_5.pdf,I.E. LICEO CAUCASIA,nxwQPNCHQsJWfXSeaCsnRCq96cg4fs7DVfa5CgsZKoI=,SIN_TEXTO_INTERNO,2
E14_PRE_01_088_001_00_04_006_5154_Mesa_6.pdf,I.E. LICEO CAUCASIA,uRAGfF8RkcPCt/DSTykohTkDwWVE62HRpXGgWB+ogdE=,SIN_TEXTO_INTERNO,2
E14_PRE_01_088_001_00_04_007_5154_Mesa_7.pdf,I.E. LICEO CAUCASIA,UwiRJmJZrHNRXjiSYyYzLTt/R28Us/lZAgRrWOrTD8k=,SIN_TEXTO_INTERNO,2
E14_PRE_01_088_001_00_04_008_5154_Mesa_8.pdf,I.E. LICEO CAUCASIA,zsfblcsuGyfBNYs/KIubfwgrD89oCpOSZaxH4vgtMYI=,SIN_TEXTO_INTERNO,2
E14_PRE_01_088_001_00_04_009_5154_Mesa_9.pdf,I.E. LICEO CAUCASIA,3fwUL57rMA6KOzGi+DZ+6OaHq+PKJXw9oMqdOu22gD8=,SIN_TEXTO_INTERNO,2
E14_PRE_01_088_001_00_04_010_5154_Mesa_10.pdf,I.E. LICEO CAUCASIA,5goA/4G8Fs9awCXQtszSfVQJYUZSCstUpKWAWjLiGd4=,SIN_TEXTO_INTERNO,2
E14_PRE_01_088_001_00_04_011_5154_Mesa_11.pdf,I.E. LICEO CAUCASIA,jGStVFJtqJQbUmYf8h99x5Qg5vzOchYrwGLhxycXNJ0=,SIN_TEXTO_INTERNO,2
E14_PRE_01_088_001_00_04_012_5154_Mesa_12.pdf,I.E. LICEO CAUCASIA,bA5Q9YjyeemKeBcqLgH4uXbPrffCSBYsQbvaBOxv7qM=,SIN_TEXTO_INTERNO,2
E14_PRE_01_088_001_00_04_013_5154_Mesa_13.pdf,I.E. LICEO CAUCASIA,diROGBkg5jWaWwXUp7JO6aPlyVTOEhvu1Q9/HpQ/IyM=,SIN_TEXTO_INTERNO,2
E14_PRE_01_088_001_00_04_014_5154_Mesa_14.pdf,I.E. LICEO CAUCASIA,k1ljj67DJTOn1rXAcEgTNE/iwS83hhZM8CmEwqfwLWc=,SIN_TEXTO_INTERNO,2
E14_PRE_01_088_001_00_04_015_5154_Mesa_15.pdf,I.E. LICEO CAUCASIA,A291Csdv9FGLYAm4nSXR2BZTMT+vbmXF/MpC07ZQXwY=,SIN_TEXTO_INTERNO,2
E14_PRE_01_088_001_00_04_016_5154_Mesa_16.pdf,I.E. LICEO CAUCASIA,74JNEjVXQD0/h7rTw28ZwlO3giAhKJAPMC5ZUJMs6g4=,SIN_TEXTO_INTERNO,2
E14_PRE_01_088_001_00_04_017_5154_Mesa_17.pdf,I.E. LICEO CAUCASIA,NO_DECODIFICADO,SIN_TEXTO_INTERNO,2
E14_PRE_01_088_001_00_04_018_5154_Mesa_18.pdf,I.E. LICEO CAUCASIA,NO_DECODIFICADO,SIN_TEXTO_INTERNO,2
E14_PRE_01_088_001_00_04_019_5154_Mesa_19.pdf,I.E. LICEO CAUCASIA,NO_DECODIFICADO,SIN_TEXTO_INTERNO,2
E14_PRE_01_088_001_00_04_020_5154_Mesa_20.pdf,I.E. LICEO CAUCASIA,/RcE1P7tamBs2zwPfoVPbEye4x6o/ojeTRIoiWN32fM=,SIN_TEXTO_INTERNO,2
E14_PRE_01_088_001_00_04_021_5154_Mesa_21.pdf,I.E. LICEO CAUCASIA,wfNFkwGKKELcELVjQ7Ovjqx/q3KC5GvgJ+M0+56dbok=,SIN_TEXTO_INTERNO,2
E14_PRE_01_088_001_00_04_022_5154_Mesa_22.pdf,I.E. LICEO CAUCASIA,gxrUXVYHnb1oO7FiWHUu7xfGFIaZ6sOS443etUWYTwk=,SIN_TEXTO_INTERNO,2
E14_PRE_01_088_001_00_04_023_5154_Mesa_23.pdf,I.E. LICEO CAUCASIA,zrfVPeWTnUVuc0TPEjZZ+H66kHppto4Tp+i2lxQd0mU=,SIN_TEXTO_INTERNO,2
E14_PRE_01_088_001_00_03_001_5153_Mesa_1.pdf,I.E. LICEO CAUCASIA STA HELENA,TJ5lsPN7/ZLVvmUhBtbMhy5X/V3lNZhqh2r1KqnamIY=,SIN_TEXTO_INTERNO,2
E14_PRE_01_088_001_00_03_002_5153_Mesa_2.pdf,I.E. LICEO CAUCASIA STA HELENA,NO_DECODIFICADO,SIN_TEXTO_INTERNO,2
E14_PRE_01_088_001_00_03_003_5153_Mesa_3.pdf,I.E. LICEO CAUCASIA STA HELENA,AlACShK5PlNZnfCUFklpF0eppeuSqAg5LlOTvqbP4B8=,SIN_TEXTO_INTERNO,2
E14_PRE_01_088_001_00_03_004_5153_Mesa_4.pdf,I.E. LICEO CAUCASIA STA HELENA,B9lAWjdko+/ncvrbR8kHM3GLAB/GbC4sNOPqYzsIrVY=,SIN_TEXTO_INTERNO,2
E14_PRE_01_088_001_00_03_005_5153_Mesa_5.pdf,I.E. LICEO CAUCASIA STA HELENA,otkdLHi9hDGvu+xNVa3ualI1jCOGq8gyGHFBVqGY6zo=,SIN_TEXTO_INTERNO,2
E14_PRE_01_088_001_00_03_006_5153_Mesa_6.pdf,I.E. LICEO CAUCASIA STA HELENA,YJUeLQK9CB5zBLFQF2s6qFSKvJKJ2hYNWpAJPzhvNuA=,SIN_TEXTO_INTERNO,2
E14_PRE_01_088_001_00_03_007_5153_Mesa_7.pdf,I.E. LICEO CAUCASIA STA HELENA,CDcU31yBGcZlEREA+Y7sF9q6RwANwTdE8uK64cUuR6k=,SIN_TEXTO_INTERNO,2
E14_PRE_01_088_001_00_03_008_5153_Mesa_8.pdf,I.E. LICEO CAUCASIA STA HELENA,1Fafv7aSLRGRtuKgK6sxOdZTro/gW5GGgktEZphGbZw=,SIN_TEXTO_INTERNO,2
E14_PRE_01_088_001_00_05_001_5154_Mesa_1.pdf,I.E. LICEO CONCEJO MUNICIPAL,1ZXS1iAAYLiwYn+cLAG+Bbm09asvSNwTOmcNdU1XFgA=,SIN_TEXTO_INTERNO,2
E14_PRE_01_088_001_00_05_002_5154_Mesa_2.pdf,I.E. LICEO CONCEJO MUNICIPAL,GH+yYJO0LFz++wYuhikSu7ZzA2Ncjl9ptMcaBGyMSzk=,SIN_TEXTO_INTERNO,2
E14_PRE_01_088_001_00_05_003_5154_Mesa_3.pdf,I.E. LICEO CONCEJO MUNICIPAL,PbGto8lYrDvhkdMqg0yZ9muh9xZRkKx/kcB3zjHafS4=,SIN_TEXTO_INTERNO,2
E14_PRE_01_088_001_00_05_004_5154_Mesa_4.pdf,I.E. LICEO CONCEJO MUNICIPAL,lwZXGp0Xiv4i8cAksahAkWnZ747/RTFY7b3ux+smlm4=,SIN_TEXTO_INTERNO,2
E14_PRE_01_088_002_00_04_001_5156_Mesa_1.pdf,I.E. MARCO FIDEL SUAREZ,NO_DECODIFICADO,SIN_TEXTO_INTERNO,2
E14_PRE_01_088_002_00_04_002_5156_Mesa_2.pdf,I.E. MARCO FIDEL SUAREZ,0EndnN8V1I+Zsw6YTsnhYQbd+6/r3dYfqtQH1+QSlls=,SIN_TEXTO_INTERNO,2
E14_PRE_01_088_002_00_04_003_5156_Mesa_3.pdf,I.E. MARCO FIDEL SUAREZ,qYVdTqFLOfmddTOv7wzaU3k/5if6F4zK+3fztkCyTAY=,SIN_TEXTO_INTERNO,2
E14_PRE_01_088_002_00_04_004_5156_Mesa_4.pdf,I.E. MARCO FIDEL SUAREZ,+YqTRdJ/pz092N4DBWtrZT1qAgygEtvOgxjqWYFYc8o=,SIN_TEXTO_INTERNO,2
E14_PRE_01_088_002_00_04_005_5156_Mesa_5.pdf,I.E. MARCO FIDEL SUAREZ,aDwiBzAwhKYMNSHWUkTUfUGX+Jz92YNhDpj8M44akwk=,SIN_TEXTO_INTERNO,2
E14_PRE_01_088_002_00_04_006_5156_Mesa_6.pdf,I.E. MARCO FIDEL SUAREZ,NO_DECODIFICADO,SIN_TEXTO_INTERNO,2
E14_PRE_01_088_002_00_04_007_5156_Mesa_7.pdf,I.E. MARCO FIDEL SUAREZ,hC6IRj4xhqdRLAuLVriZM4g1SRfkJes1TIGbAl/SSXc=,SIN_TEXTO_INTERNO,2
E14_PRE_01_088_002_00_04_008_5156_Mesa_8.pdf,I.E. MARCO FIDEL SUAREZ,OQiI9cesXD1tl4jVUK2hDVnxn1xRQvXoNogsWwvCYtY=,SIN_TEXTO_INTERNO,2
E14_PRE_01_088_002_00_04_009_5156_Mesa_9.pdf,I.E. MARCO FIDEL SUAREZ,71ZZTsZ2aWTX+Gs691frAOQE0fV1f4cZQfRYLTG5jGE=,SIN_TEXTO_INTERNO,2
E14_PRE_01_088_002_00_04_010_5156_Mesa_10.pdf,I.E. MARCO FIDEL SUAREZ,U9e3IunFyH5JR//ongpR7NGnvgARS7OrcNNh1A/xktg=,SIN_TEXTO_INTERNO,2
E14_PRE_01_088_002_00_04_011_5156_Mesa_11.pdf,I.E. MARCO FIDEL SUAREZ,nfCF4GQAXP0XxNSHHcvZrf3W8jiYm0oa+oMlXfxT3Sk=,SIN_TEXTO_INTERNO,2
E14_PRE_01_088_002_00_04_012_5156_Mesa_12.pdf,I.E. MARCO FIDEL SUAREZ,TO70JkACLuw5V60Voy1Czr3BixYwrH0zx28jLMXrpj4=,SIN_TEXTO_INTERNO,2
E14_PRE_01_088_002_00_04_013_5156_Mesa_13.pdf,I.E. MARCO FIDEL SUAREZ,vKC4R5RD5IPQSgovYhY8s7vjSHODSASLDVDfhnj6LQ8=,SIN_TEXTO_INTERNO,2
E14_PRE_01_088_002_00_04_014_5156_Mesa_14.pdf,I.E. MARCO FIDEL SUAREZ,4sWHxH+pbdOxMHxUcM2tyNNgPEZKn1TyQqLH/ufxsq8=,SIN_TEXTO_INTERNO,2
E14_PRE_01_088_002_00_04_015_5156_Mesa_15.pdf,I.E. MARCO FIDEL SUAREZ,QT84JwM2MUVZUzV1aGMt0MEzg6bXnBcHhRrZRjiDDHM=,SIN_TEXTO_INTERNO,2
E14_PRE_01_088_002_00_04_016_5156_Mesa_16.pdf,I.E. MARCO FIDEL SUAREZ,bV8lGP0uXXGnfz7EvP1cvdov3haKR7DTgBb3AAAh/W4=,SIN_TEXTO_INTERNO,2
E14_PRE_01_088_002_00_04_017_5156_Mesa_17.pdf,I.E. MARCO FIDEL SUAREZ,auYS/znn3SxoNqCQ2b9Aj/r+T38bOU1dvLZARIyQhfw=,SIN_TEXTO_INTERNO,2
E14_PRE_01_088_002_00_04_018_5156_Mesa_18.pdf,I.E. MARCO FIDEL SUAREZ,rwvttwPrQ5nOPdj4Yxm8IPsBrD5/ToENAZ1O4fxgLCM=,SIN_TEXTO_INTERNO,2
E14_PRE_01_088_002_00_04_019_5156_Mesa_19.pdf,I.E. MARCO FIDEL SUAREZ,kXSM2SkRL+I954jLWA3Hd/IVp2pK2LRSImXZo8l8NlI=,SIN_TEXTO_INTERNO,2
E14_PRE_01_088_002_00_04_020_5156_Mesa_20.pdf,I.E. MARCO FIDEL SUAREZ,IxkQpiYQxsno2H3pQDgP65lmrCGhm5R6rZWZTZofoA0=,SIN_TEXTO_INTERNO,2
E14_PRE_01_088_002_00_04_021_5156_Mesa_21.pdf,I.E. MARCO FIDEL SUAREZ,pbdxIjJNlE7A+yIjiWT/aX6JlUNUZNoIl1ryGmZUJHw=,SIN_TEXTO_INTERNO,2
E14_PRE_01_088_002_00_04_022_5156_Mesa_22.pdf,I.E. MARCO FIDEL SUAREZ,NO_DECODIFICADO,SIN_TEXTO_INTERNO,2
E14_PRE_19_088_099_00_51_001_2624_Mesa_1.pdf,I.E. PANTANOS,NoCTVfeHGuwF/jqLqEKaDfn5WUBXo4Yi3I8/BHu0RUc=,SIN_TEXTO_INTERNO,2
E14_PRE_19_088_099_00_51_002_2624_Mesa_2.pdf,I.E. PANTANOS,E/G52C36QDwj0FUBSGdzpwPZTLH1yeNxqTPBFXdijHQ=,SIN_TEXTO_INTERNO,2
E14_PRE_01_088_001_00_01_001_5153_Mesa_1.pdf,I.E. SANTO DOMINGO,kthunYTIQv0VBcb99G4IbVHuJrkJMDMLHFDRy/BfhuQ=,SIN_TEXTO_INTERNO,2
E14_PRE_01_088_001_00_01_002_5153_Mesa_2.pdf,I.E. SANTO DOMINGO,avY/nDwGywh+zIDJq4hETWObGLiH/GwGS1seFIW6nx0=,SIN_TEXTO_INTERNO,2
E14_PRE_01_088_001_00_01_003_5153_Mesa_3.pdf,I.E. SANTO DOMINGO,vc9cS4BS31yGRAdPJSt2cYnKcuLTeHkw4uBLguR23rQ=,SIN_TEXTO_INTERNO,2
E14_PRE_01_088_001_00_01_004_5153_Mesa_4.pdf,I.E. SANTO DOMINGO,0MjHPrLereIg/0sdgw7Ey8Has5OgWvkRhyYmmYuN1c8=,SIN_TEXTO_INTERNO,2
E14_PRE_01_088_001_00_01_005_5153_Mesa_5.pdf,I.E. SANTO DOMINGO,SQEZhSdefgbV4qRfAhlq5WlDDkUY5qnZ05eP5G8gufE=,SIN_TEXTO_INTERNO,2
E14_PRE_01_088_001_00_01_006_5153_Mesa_6.pdf,I.E. SANTO DOMINGO,xUCX6p0/rJTDqbxA5JZMS4rgtvRHeg5ryQIHfChyWG8=,SIN_TEXTO_INTERNO,2
E14_PRE_01_088_001_00_01_007_5153_Mesa_7.pdf,I.E. SANTO DOMINGO,Lvn4mYNDHnJYuldCfIz79X8qWb7e99os8v09be9posY=,SIN_TEXTO_INTERNO,2
E14_PRE_01_088_001_00_01_008_5153_Mesa_8.pdf,I.E. SANTO DOMINGO,NO_DECODIFICADO,SIN_TEXTO_INTERNO,2
E14_PRE_01_088_001_00_01_009_5153_Mesa_9.pdf,I.E. SANTO DOMINGO,0JYLgcQVL4JnxHS6K/OtcO/Ye04Eph0dIUx0iiSweZA=,SIN_TEXTO_INTERNO,2
E14_PRE_01_088_001_00_01_010_5153_Mesa_10.pdf,I.E. SANTO DOMINGO,LGx+TkE1xMAxs59flIB49GoSbDJ1sHtVQbBn2fCgPIU=,SIN_TEXTO_INTERNO,2
E14_PRE_01_088_001_00_01_011_5153_Mesa_11.pdf,I.E. SANTO DOMINGO,HmdRj2ZiWrGKmIEuy3caSgUyDCjuEwytJQHj8uBUQMI=,SIN_TEXTO_INTERNO,2
E14_PRE_01_088_001_00_01_012_5153_Mesa_12.pdf,I.E. SANTO DOMINGO,yYEV0kNG3enyZ4KofgjU3S/VxTGRgt/BU/SfUUURlbw=,SIN_TEXTO_INTERNO,2
E14_PRE_01_088_001_00_01_013_5153_Mesa_13.pdf,I.E. SANTO DOMINGO,dO5UXs3RILAq23X4Uov4g3vLbWcuahzfFJknTM6xdvo=,SIN_TEXTO_INTERNO,2
E14_PRE_01_088_001_00_01_014_5153_Mesa_14.pdf,I.E. SANTO DOMINGO,f/aaX5enAhInVBd+/9tYzEmrbulRpFGdKilC7JVgc04=,SIN_TEXTO_INTERNO,2
E14_PRE_01_088_001_00_01_015_5153_Mesa_15.pdf,I.E. SANTO DOMINGO,DxLmNI0pKp27BVGI/nak6IHOp0ulp4pWnk/0f4aw5FI=,SIN_TEXTO_INTERNO,2
E14_PRE_01_088_001_00_01_016_5153_Mesa_16.pdf,I.E. SANTO DOMINGO,zoUL6mSKKeykgZrDL6b8d7rCe4CB2HcTypOWECT8Olk=,SIN_TEXTO_INTERNO,2
E14_PRE_01_088_001_00_02_001_5153_Mesa_1.pdf,I.E. SANTO DOMINGO NUEVA SANTA H,EXxU2TfVNzkF3gB052wQI3FT9ibgTUc2qKzgrgRvm9E=,SIN_TEXTO_INTERNO,2
E14_PRE_01_088_001_00_02_002_5153_Mesa_2.pdf,I.E. SANTO DOMINGO NUEVA SANTA H,Sq4CeDL4nhLzpBzNORnkC9ZRdux6lXzvBHxYAs4i+4I=,SIN_TEXTO_INTERNO,2
E14_PRE_01_088_001_00_02_003_5153_Mesa_3.pdf,I.E. SANTO DOMINGO NUEVA SANTA H,NO_DECODIFICADO,SIN_TEXTO_INTERNO,2
E14_PRE_01_088_001_00_02_004_5153_Mesa_4.pdf,I.E. SANTO DOMINGO NUEVA SANTA H,hL9m4u2ymeOsUJdeEu0eKAyZDenANIaxk/D2W3BBtoY=,SIN_TEXTO_INTERNO,2
E14_PRE_01_088_001_00_02_005_5153_Mesa_5.pdf,I.E. SANTO DOMINGO NUEVA SANTA H,UK98ibr5uKwPgUAZVUVvkf8/Dhorg90XdlpsVZVN3zA=,SIN_TEXTO_INTERNO,2
E14_PRE_01_088_001_00_02_006_5153_Mesa_6.pdf,I.E. SANTO DOMINGO NUEVA SANTA H,knXkwPEgpGjhJZ9LIjA7qzlQc1wSpWCtlhtomFrbUsg=,SIN_TEXTO_INTERNO,2
E14_PRE_01_088_001_00_02_007_5153_Mesa_7.pdf,I.E. SANTO DOMINGO NUEVA SANTA H,oB9bJUXxUtna34K8F/0LO4KLsHKt3g//hDyoV9uXrvs=,SIN_TEXTO_INTERNO,2
E14_PRE_01_088_001_00_02_008_5153_Mesa_8.pdf,I.E. SANTO DOMINGO NUEVA SANTA H,e5AddkZJ6sH3E0sZUOeY+d8LlOJxgz3iy4AGyjNoe0Q=,SIN_TEXTO_INTERNO,2
E14_PRE_01_088_001_00_02_009_5153_Mesa_9.pdf,I.E. SANTO DOMINGO NUEVA SANTA H,NO_DECODIFICADO,SIN_TEXTO_INTERNO,2
E14_PRE_01_088_001_00_02_010_5153_Mesa_10.pdf,I.E. SANTO DOMINGO NUEVA SANTA H,qPkYdvIro72q5rExJdlBwUDxFw+WPjKY+9KGLJqw63M=,SIN_TEXTO_INTERNO,2
E14_PRE_01_088_001_00_02_011_5153_Mesa_11.pdf,I.E. SANTO DOMINGO NUEVA SANTA H,dALyDGonNqbjs5hTUIEajPOBen090y0wK/jjEVrW0ts=,SIN_TEXTO_INTERNO,2
E14_PRE_01_088_001_00_02_012_5153_Mesa_12.pdf,I.E. SANTO DOMINGO NUEVA SANTA H,HY2RGFFBVDuaUjwxscfTO8MUz4jlpcXq1SICI5/7Cpg=,SIN_TEXTO_INTERNO,2
E14_PRE_01_088_001_00_02_013_5153_Mesa_13.pdf,I.E. SANTO DOMINGO NUEVA SANTA H,aTdahXnv0C2WVS0i/TUpFAPe91P2/LVzcRz+/GPR/TQ=,SIN_TEXTO_INTERNO,2
E14_PRE_01_088_001_00_02_014_5153_Mesa_14.pdf,I.E. SANTO DOMINGO NUEVA SANTA H,NO_DECODIFICADO,SIN_TEXTO_INTERNO,2
E14_PRE_01_088_001_00_07_001_5154_Mesa_1.pdf,I.E. STA TERESITA CENTRO,/oSJanTViEfZKKzhL+nZmb7sNkjWj89Dwc4lAXuAH6Q=,SIN_TEXTO_INTERNO,2
E14_PRE_01_088_001_00_07_002_5154_Mesa_2.pdf,I.E. STA TERESITA CENTRO,RVXbUWxN2WYM4jNDAdiM+6i5WO+rQtz9rsWWi42iDPo=,SIN_TEXTO_INTERNO,2
E14_PRE_01_088_001_00_07_003_5154_Mesa_3.pdf,I.E. STA TERESITA CENTRO,V0EzMRCrFm1uQ5cXli0yydcmKFDvk5lC6sYxGNc4GFk=,SIN_TEXTO_INTERNO,2
E14_PRE_01_088_001_00_07_004_5154_Mesa_4.pdf,I.E. STA TERESITA CENTRO,h1NwM0wFuPurdvspIgBn7m8QTObwaraAcR3/LnfNd4w=,SIN_TEXTO_INTERNO,2
E14_PRE_01_088_001_00_07_005_5154_Mesa_5.pdf,I.E. STA TERESITA CENTRO,o7YaXb63JnHkjs/0ly+DcudJRJriiUUyuhLj4C8K760=,SIN_TEXTO_INTERNO,2
E14_PRE_01_088_001_00_07_006_5154_Mesa_6.pdf,I.E. STA TERESITA CENTRO,7eD9VujQo2Sbj74SVO0lwHXTaa32SGD8tJ4uKqqop2k=,SIN_TEXTO_INTERNO,2
E14_PRE_01_088_001_00_07_007_5154_Mesa_7.pdf,I.E. STA TERESITA CENTRO,mY+7HsjFLRSaUAIXEg7W1XS+hi3bZa3/hSkOqCFZ+h4=,SIN_TEXTO_INTERNO,2
E14_PRE_01_088_001_00_07_008_5154_Mesa_8.pdf,I.E. STA TERESITA CENTRO,RM0iFiDjnkK45zjSudTZlRgko5Gkk/TRCnDCKM6s4D4=,SIN_TEXTO_INTERNO,2
E14_PRE_01_088_001_00_07_009_5154_Mesa_9.pdf,I.E. STA TERESITA CENTRO,NO_DECODIFICADO,SIN_TEXTO_INTERNO,2
E14_PRE_01_088_001_00_07_010_5154_Mesa_10.pdf,I.E. STA TERESITA CENTRO,r090Liv/SvXXAkHi7io07ReQvYYQLK5ABDE6kl8CFzc=,SIN_TEXTO_INTERNO,2
E14_PRE_01_088_001_00_07_011_5154_Mesa_11.pdf,I.E. STA TERESITA CENTRO,/vqa8lghdsasuxnYyJBijMO6HfkgWmq+OKqNROm83jg=,SIN_TEXTO_INTERNO,2
E14_PRE_01_088_001_00_07_012_5154_Mesa_12.pdf,I.E. STA TERESITA CENTRO,lmSMSuDoSlYePR3Z9SAA46SNcMg48LkxL/omJ1/Upz8=,SIN_TEXTO_INTERNO,2
E14_PRE_01_088_001_00_07_013_5154_Mesa_13.pdf,I.E. STA TERESITA CENTRO,ZsUeuC9BY2Mgz/PGHkTsa4UpbOWVsy5M5Meru1xzEMk=,SIN_TEXTO_INTERNO,2
E14_PRE_01_088_001_00_07_014_5154_Mesa_14.pdf,I.E. STA TERESITA CENTRO,NO_DECODIFICADO,SIN_TEXTO_INTERNO,2
E14_PRE_01_088_001_00_07_015_5154_Mesa_15.pdf,I.E. STA TERESITA CENTRO,0FZ4+MccSyTzQHjuPa3qRhRZqHhj3wMG/BfEBboGFyU=,SIN_TEXTO_INTERNO,2
E14_PRE_01_088_001_00_07_016_5154_Mesa_16.pdf,I.E. STA TERESITA CENTRO,V4hJ3BVL08/rPmK2156WV87o5XCiEwPceKXMNVFjzoY=,SIN_TEXTO_INTERNO,2
E14_PRE_01_088_001_00_07_017_5154_Mesa_17.pdf,I.E. STA TERESITA CENTRO,XGcaMcoCV96T0zvND7tyQOkP6VnWyKwNALBa5lZ05ws=,SIN_TEXTO_INTERNO,2
E14_PRE_01_088_001_00_06_001_5155_Mesa_1.pdf,I.E. STA TERESITA LOMA FRESCA,RrXcuPpCIS/JCWXVwNafJub5LwOtx7VA3gDaRscuhQk=,SIN_TEXTO_INTERNO,2
E14_PRE_01_088_001_00_06_002_5155_Mesa_2.pdf,I.E. STA TERESITA LOMA FRESCA,9epLFREgkbOGwzdrs7haXITQR7X45lOYDs9I+LLspO4=,SIN_TEXTO_INTERNO,2
E14_PRE_01_088_001_00_06_003_5155_Mesa_3.pdf,I.E. STA TERESITA LOMA FRESCA,tJhv6Vz/YGSxRTFDdvwZF0ZQptvWxBCC94OMkdWDFqY=,SIN_TEXTO_INTERNO,2
E14_PRE_01_088_001_00_06_004_5155_Mesa_4.pdf,I.E. STA TERESITA LOMA FRESCA,j5UkxlFYgsZxKcOKYRZAG4Fb/nUeI/MQ6dFuH9wQFqo=,SIN_TEXTO_INTERNO,2
E14_PRE_01_088_001_00_06_005_5155_Mesa_5.pdf,I.E. STA TERESITA LOMA FRESCA,6xWUH8ison8fz/QjsQK+J+L5yuovTsADNAqwbJrCbGQ=,SIN_TEXTO_INTERNO,2
E14_PRE_01_088_001_00_06_006_5155_Mesa_6.pdf,I.E. STA TERESITA LOMA FRESCA,x0MVlscA3MccRZVAXCmunADcP6blMehnXvgyxzQvD0Y=,SIN_TEXTO_INTERNO,2
E14_PRE_01_088_001_00_06_007_5155_Mesa_7.pdf,I.E. STA TERESITA LOMA FRESCA,QAXxNEnSTfLFpz6lA7RoORk2bUDuWtBH385Tp8SghMw=,SIN_TEXTO_INTERNO,2
E14_PRE_01_088_001_00_06_008_5155_Mesa_8.pdf,I.E. STA TERESITA LOMA FRESCA,FIihYd3idqD6y9d55yoPk0KGsG37Xtm15P4e225o2dA=,SIN_TEXTO_INTERNO,2
E14_PRE_01_088_001_00_06_009_5155_Mesa_9.pdf,I.E. STA TERESITA LOMA FRESCA,8vvtPR1THtHi26uviD2KecbSkWexe4oZLB+B+e87NAQ=,SIN_TEXTO_INTERNO,2
E14_PRE_01_088_099_00_01_001_5157_Mesa_1.pdf,I.E. VILLA DEL SOCORRO,GaaDT56nh5syYucOe/d3aN+5oKoKEOQpbBGSlmSpbnI=,SIN_TEXTO_INTERNO,2
E14_PRE_01_088_099_00_01_002_5157_Mesa_2.pdf,I.E. VILLA DEL SOCORRO,ix/OEWCIrR5ILVOyk1V7Cm3on/EDAiNCyiHDM0ehGZY=,SIN_TEXTO_INTERNO,2
E14_PRE_15_160_002_00_03_001_5795_Mesa_1.pdf,I.E.NUESTA SRA DEL LORETO,LZQL2yq9909Wqp9LZpui4fYIP5kELEgq1zfswnxzG3U=,SIN_TEXTO_INTERNO,2
E14_PRE_15_160_002_00_03_002_5795_Mesa_2.pdf,I.E.NUESTA SRA DEL LORETO,S6iVUJEjEuxUB33RaLyrkGf2vsClRXJw0PlOS4MsdJ8=,SIN_TEXTO_INTERNO,2
E14_PRE_15_160_002_00_03_003_5795_Mesa_3.pdf,I.E.NUESTA SRA DEL LORETO,vMxWKFvuMhkTgibQihYagYe2JxfFNmnJiGe4+46rm9w=,SIN_TEXTO_INTERNO,2
E14_PRE_15_160_002_00_03_004_5795_Mesa_4.pdf,I.E.NUESTA SRA DEL LORETO,kggd3JHr+h3S7m6e1nz6dOlv99vvmFfrOfqY9yEsbZo=,SIN_TEXTO_INTERNO,2
E14_PRE_15_160_002_00_03_005_5795_Mesa_5.pdf,I.E.NUESTA SRA DEL LORETO,A/LnuFTOc7JGfXF2h3lz0WjBmE73FQRAVEknHj+XlM0=,SIN_TEXTO_INTERNO,2
E14_PRE_15_160_002_00_03_006_5795_Mesa_6.pdf,I.E.NUESTA SRA DEL LORETO,+fXpTKlHtUYUrGHnIQ+Kgt7mHmzW4LGJ5Gw7E+2KIYo=,SIN_TEXTO_INTERNO,2
E14_PRE_15_160_002_00_03_007_5795_Mesa_7.pdf,I.E.NUESTA SRA DEL LORETO,uR1D+pWykeimPIuZTJnmRGxCFfJ6kMdLRrHlT2354gc=,SIN_TEXTO_INTERNO,2
E14_PRE_15_160_002_00_03_008_5795_Mesa_8.pdf,I.E.NUESTA SRA DEL LORETO,argJeHasJS4rQbojWKqgG+8rL/9sKbK5ukd2cbVJQzc=,SIN_TEXTO_INTERNO,2
E14_PRE_15_160_002_00_03_009_5795_Mesa_9.pdf,I.E.NUESTA SRA DEL LORETO,iTsFJX9l0C5IoEaA708fyagvO4Dws86kR47E507UZb4=,SIN_TEXTO_INTERNO,2
E14_PRE_15_160_002_00_03_010_5795_Mesa_10.pdf,I.E.NUESTA SRA DEL LORETO,yVJiog0i5wtv1KnWlIOmEaBVlSZr+NChkh+iuOyqjpg= | 16972545,SIN_TEXTO_INTERNO,2
E14_PRE_15_160_002_00_03_011_5795_Mesa_11.pdf,I.E.NUESTA SRA DEL LORETO,3CUITqcSG0CGoHMTXHKCHFyDwPEPs5a55XzMgNLcdKI=,SIN_TEXTO_INTERNO,2
E14_PRE_01_088_099_00_17_001_5157_Mesa_1.pdf,I.E.R MARGENTO - SEDE MARGENTO,NO_DECODIFICADO,SIN_TEXTO_INTERNO,2
E14_PRE_01_088_099_00_17_002_5157_Mesa_2.pdf,I.E.R MARGENTO - SEDE MARGENTO,25LmDVb5vhL5Ugs71+nMp1GwfdfJn2ee7kYwwFT1QWE=,SIN_TEXTO_INTERNO,2
E14_PRE_01_088_099_00_17_003_5157_Mesa_3.pdf,I.E.R MARGENTO - SEDE MARGENTO,NO_DECODIFICADO,SIN_TEXTO_INTERNO,2
E14_PRE_01_220_099_00_05_001_2088_Mesa_1.pdf,I.E.R. ABELARDO OCHOA,GJfBgQ5E3i1uE9EnOKp0G21MRyQFCJU073isF4aFC2Q=,SIN_TEXTO_INTERNO,2
E14_PRE_01_220_099_00_05_002_2088_Mesa_2.pdf,I.E.R. ABELARDO OCHOA,q0Qa+T3Z6PoL1J7M0yOPhvFFgI2BBNmUFz/s5iJjqzg=,SIN_TEXTO_INTERNO,2
E14_PRE_01_220_099_00_05_003_2088_Mesa_3.pdf,I.E.R. ABELARDO OCHOA,hY/OJnKYx4qcowwEcl88T9JnINO4BFoQi529S6b+5Ks=,SIN_TEXTO_INTERNO,2
E14_PRE_01_088_099_00_05_001_5157_Mesa_1.pdf,I.E.R. CUTURU - SEDE CUTURU,xKgTFGshqhM/jt5MmpyqLVwUcW7Bz7myjeJpf/T8uoY=,SIN_TEXTO_INTERNO,2
E14_PRE_01_088_099_00_05_002_5157_Mesa_2.pdf,I.E.R. CUTURU - SEDE CUTURU,NO_DECODIFICADO,SIN_TEXTO_INTERNO,2
E14_PRE_01_088_099_00_05_003_5157_Mesa_3.pdf,I.E.R. CUTURU - SEDE CUTURU,C/m4fq1cq+0Mg7pVMidyqM3DO8K5zszBjlIYI8PlLso=,SIN_TEXTO_INTERNO,2
E14_PRE_01_088_099_00_05_004_5157_Mesa_4.pdf,I.E.R. CUTURU - SEDE CUTURU,z/KS8kniuAPgFcswZOqIX+dmizX8rdcKQ8UvcYigZHc=,SIN_TEXTO_INTERNO,2
E14_PRE_01_088_099_00_05_005_5157_Mesa_5.pdf,I.E.R. CUTURU - SEDE CUTURU,JGGzD4AOkLAVWFBub509j+1Rq/moiS5pI8+lMSSiDKs=,SIN_TEXTO_INTERNO,2
E14_PRE_27_001_001_01_03_001_6419_Mesa_1.pdf,IE CAFÉ MADRID,s/O3gznEMbLDG2lECqa5tRMEuz5C3hrFDbMyijIHlDo=,SIN_TEXTO_INTERNO,2
E14_PRE_27_001_001_01_03_002_6419_Mesa_2.pdf,IE CAFÉ MADRID,DU4R+G8J9/2ciAMW/LER8aUY2Pmh5x7ZF94qk65NY68=,SIN_TEXTO_INTERNO,2
E14_PRE_27_001_001_01_03_003_6419_Mesa_3.pdf,IE CAFÉ MADRID,m9Q0qPf6xvn3n0WnKp3NEB/CTJJqgpYjvWMA27cwLqo=,SIN_TEXTO_INTERNO,2
E14_PRE_27_001_001_01_03_004_6419_Mesa_4.pdf,IE CAFÉ MADRID,pd6qqTlJuFWoXfHZMy85KMKDEFIqNKspis77HICtTN0=,SIN_TEXTO_INTERNO,2
E14_PRE_27_001_001_01_03_005_6419_Mesa_5.pdf,IE CAFÉ MADRID,ChixJnLw4QiiJuT/jl864dW2yMLUHd/amKhqAC4q6/8=,SIN_TEXTO_INTERNO,2
E14_PRE_27_001_001_01_03_006_6419_Mesa_6.pdf,IE CAFÉ MADRID,3Hi6PWpsTdHEqaLrPZWtapdSpelAh7dRcq6JJ6/fGr0=,SIN_TEXTO_INTERNO,2
E14_PRE_27_001_001_01_03_007_6419_Mesa_7.pdf,IE CAFÉ MADRID,jzoQHyRTg4HlHwzawL8RZaIsu/YLa3dsUgk8jiga/Js=,SIN_TEXTO_INTERNO,2
E14_PRE_27_001_001_01_03_008_6419_Mesa_8.pdf,IE CAFÉ MADRID,/a43HgVZvCu1TB6dtqXUzq2wd1SSfSDYUbidV7WIUPg=,SIN_TEXTO_INTERNO,2
E14_PRE_27_001_001_01_03_009_6419_Mesa_9.pdf,IE CAFÉ MADRID,p2KLDhtQHiGcx4/VMzoBpYQKWLXz4DZTCYKsx39iFRg=,SIN_TEXTO_INTERNO,2
E14_PRE_27_001_001_01_03_010_6419_Mesa_10.pdf,IE CAFÉ MADRID,X4rqXiOoL6gv7r8BmcnNKlcxmrV1EHIubFGbmEvhWqI=,SIN_TEXTO_INTERNO,2
E14_PRE_27_001_001_01_03_011_6419_Mesa_11.pdf,IE CAFÉ MADRID,zjO0Eh5Ijgii17P7konPu4oBhWgd7RzBhPYILVSyXlQ=,SIN_TEXTO_INTERNO,2
E14_PRE_27_001_001_01_03_012_6419_Mesa_12.pdf,IE CAFÉ MADRID,FKqaCPq4Ybejy0GqgdJuxhAXaaCtTg7ECp0nZo8fTx8=,SIN_TEXTO_INTERNO,2
E14_PRE_27_001_001_01_03_013_6419_Mesa_13.pdf,IE CAFÉ MADRID,z19GR3BA8K3AFULEhd6r76rrndZPKgn8HPNwSv11XAE=,SIN_TEXTO_INTERNO,2
E14_PRE_27_001_001_01_03_014_6419_Mesa_14.pdf,IE CAFÉ MADRID,n6yHv5wLfYp7zoDy7REZJHU+c4OMcKVfb1fPPWJLXQw=,SIN_TEXTO_INTERNO,2
E14_PRE_27_001_001_01_03_015_6419_Mesa_15.pdf,IE CAFÉ MADRID,CbQgAV6dJyuWKBK5Ad4XcrbejvYXuJvZZ1BqKiDuQQU=,SIN_TEXTO_INTERNO,2
E14_PRE_27_001_001_01_03_016_6419_Mesa_16.pdf,IE CAFÉ MADRID,tVY9DMkU1tLRgu5uaIrw3/9phzG/4j6c4Y8NrKqpQug=,SIN_TEXTO_INTERNO,2
E14_PRE_27_001_001_01_03_017_6419_Mesa_17.pdf,IE CAFÉ MADRID,baBOE81GMhBWUcX4WQgW6a5ONl+YhV8GUzdX+ml6kzo=,SIN_TEXTO_INTERNO,2
E14_PRE_27_001_001_01_03_018_6419_Mesa_18.pdf,IE CAFÉ MADRID,FZMtCY0JPD2N8+i4mPHzBifNRQZmPKELg99MG654PdU=,SIN_TEXTO_INTERNO,2
E14_PRE_27_001_001_01_03_019_6419_Mesa_19.pdf,IE CAFÉ MADRID,sW4WF8eY8a88+vvSulS0RPCEH0nRKu7PgvZqHfre0B8=,SIN_TEXTO_INTERNO,2
E14_PRE_27_001_001_01_03_020_6419_Mesa_20.pdf,IE CAFÉ MADRID,FG29tEvQKBHqY1CnFG25T6y4Tf7IABA94hHmuzDH3yM=,SIN_TEXTO_INTERNO,2
E14_PRE_27_001_001_01_03_021_6419_Mesa_21.pdf,IE CAFÉ MADRID,09npWbMdtXYP7AycKa38yeSxLLVHoNPwQ3nXN9n5oIo=,SIN_TEXTO_INTERNO,2
E14_PRE_27_001_001_01_03_022_6419_Mesa_22.pdf,IE CAFÉ MADRID,w815EH1bfEAoDJuG3x9WkROASp5NrhK3M+ntss03AJ4=,SIN_TEXTO_INTERNO,2
E14_PRE_27_001_001_01_03_023_6419_Mesa_23.pdf,IE CAFÉ MADRID,hLcqSsVSLFTscNQotnIuk5AEe5aQWcbjE//W9vE2kC8=,SIN_TEXTO_INTERNO,2
E14_PRE_27_001_001_01_03_024_6419_Mesa_24.pdf,IE CAFÉ MADRID,4elVWJkb9h/VkdVWVJ2Z1MvtDtrYQJ7WNpQ85WIWtpE=,SIN_TEXTO_INTERNO,2
E14_PRE_27_001_001_01_03_025_6419_Mesa_25.pdf,IE CAFÉ MADRID,mmIhFE+BiYPANJN71wHBz0AhF1gx6jayscj/Yd5Z994=,SIN_TEXTO_INTERNO,2
E14_PRE_27_001_001_01_03_026_6419_Mesa_26.pdf,IE CAFÉ MADRID,HT/Wsu/umSYXLWEbMhUnvNhkJzDXJyPqD+AxESi5McA=,SIN_TEXTO_INTERNO,2
E14_PRE_27_001_001_01_03_027_6419_Mesa_27.pdf,IE CAFÉ MADRID,RH5boKwbaX9oEbVzzF2aAAkxkFlhGsZOmHSghi0baD4=,SIN_TEXTO_INTERNO,2
E14_PRE_27_001_001_01_03_028_6419_Mesa_28.pdf,IE CAFÉ MADRID,WPMXTvDKJVY7g5plSL3Nehglx3vrMWsa4Lk8CIU468A=,SIN_TEXTO_INTERNO,2
E14_PRE_27_001_001_01_03_029_6419_Mesa_29.pdf,IE CAFÉ MADRID,BT528W3/xXJ60c/cepUewAjZEbEQP4ic5aISQNTGZlA=,SIN_TEXTO_INTERNO,2
E14_PRE_27_001_001_01_03_030_6419_Mesa_30.pdf,IE CAFÉ MADRID,fBhOA1soJGA9E08nXknVzWqLyp5QBIfjrCzDoxuqGaQ=,SIN_TEXTO_INTERNO,2
E14_PRE_27_001_001_01_03_031_6419_Mesa_31.pdf,IE CAFÉ MADRID,5eyBwz7HiAxFdJlk69INB1L7d2p/Y4dGM8x+bCOIABk=,SIN_TEXTO_INTERNO,2
E14_PRE_11_088_099_00_05_001_5611_Mesa_1.pdf,IE CINCO DIAS,lkE5hyai1RNnJoNs43VOImbIG1nThdCsQhOlTn/zjfQ=,SIN_TEXTO_INTERNO,2
E14_PRE_11_088_099_00_05_002_5611_Mesa_2.pdf,IE CINCO DIAS,G5qV8BUmtgZ/uUq/vgOge4dt4ii/BGigrTtjoB7pZlU=,SIN_TEXTO_INTERNO,2
E14_PRE_11_088_099_00_05_003_5611_Mesa_3.pdf,IE CINCO DIAS,87HDA5nQrliUHChlOb8+ywpHhNAsrt7X59ZwkmONZDQ=,SIN_TEXTO_INTERNO,2
E14_PRE_11_088_099_00_05_004_5611_Mesa_4.pdf,IE CINCO DIAS,l4dCKslKN4T2VunGhMCkJjjTJC11tnC7IcEhZxoJctI=,SIN_TEXTO_INTERNO,2
E14_PRE_11_088_002_00_02_001_5612_Mesa_1.pdf,IE COLEGIO CAMILO TORRES,1efTTrjZQcBER4VJUqT4lzq3SDlyx7O6YZUMCreFanM=,SIN_TEXTO_INTERNO,2
E14_PRE_11_088_002_00_02_002_5612_Mesa_2.pdf,IE COLEGIO CAMILO TORRES,MohqcOQ4z5D73CxnA67XJ1VyM0Ns0FynQs79QjbJmjg=,SIN_TEXTO_INTERNO,2
E14_PRE_11_088_002_00_02_003_5612_Mesa_3.pdf,IE COLEGIO CAMILO TORRES,hbAFRdHihagY5+d1B3zNf9KxN64fV8OEgcsOKzTvw00=,SIN_TEXTO_INTERNO,2
E14_PRE_11_088_002_00_02_004_5612_Mesa_4.pdf,IE COLEGIO CAMILO TORRES,sBs8HS0B5UUpTNAXOqYr/+s3zD6BmsS9mk19JH2IYrM=,SIN_TEXTO_INTERNO,2
E14_PRE_11_088_002_00_02_005_5612_Mesa_5.pdf,IE COLEGIO CAMILO TORRES,eEerJm/+s3yt7nllTRGYY3pDxnszgHZUk5hTFklPIt8=,SIN_TEXTO_INTERNO,2
E14_PRE_11_088_002_00_02_006_5612_Mesa_6.pdf,IE COLEGIO CAMILO TORRES,Aeaz5YgZY0XwG0/MBs92qA03yQwA0lc1m+VRD6tYb90=,SIN_TEXTO_INTERNO,2
E14_PRE_11_088_002_00_02_007_5612_Mesa_7.pdf,IE COLEGIO CAMILO TORRES,QHKqVBq635d3QVJtMN2gLpgwSJ51fayO0TyVz9c39yc=,SIN_TEXTO_INTERNO,2
E14_PRE_15_088_001_00_09_001_5776_Mesa_1.pdf,IE DEPARTAMENTAL DE FUNZA,V9NFQbG2xZmb4OEs3pK/t0KXMTPCZLQLlZsShLXhkbE=,SIN_TEXTO_INTERNO,2
E14_PRE_15_088_001_00_09_002_5776_Mesa_2.pdf,IE DEPARTAMENTAL DE FUNZA,xLKGsMRQdprAEm6yGtrv1iK9QxXQnLmfEUlu74orGYQ=,SIN_TEXTO_INTERNO,2
E14_PRE_15_088_001_00_09_003_5776_Mesa_3.pdf,IE DEPARTAMENTAL DE FUNZA,PJG1RgJt0jgHn52ReEg1G2e/EFABrRppxyqkJuv2qJc=,SIN_TEXTO_INTERNO,2
E14_PRE_15_160_099_00_01_001_5798_Mesa_1.pdf,IE DEPTAL SAN PATRICIO PUENTE DE  PIEDRA,Spc76XQR3/sFcjooX87FZkpk8zM7Dm0VDX6DQNlVM5M=,SIN_TEXTO_INTERNO,2
E14_PRE_15_160_099_00_01_002_5798_Mesa_2.pdf,IE DEPTAL SAN PATRICIO PUENTE DE  PIEDRA,hKtNHd1R9U2FooYhpvBPW+qYIx4zi1dOFiRZb84lI9M=,SIN_TEXTO_INTERNO,2
E14_PRE_15_160_099_00_01_003_5798_Mesa_3.pdf,IE DEPTAL SAN PATRICIO PUENTE DE  PIEDRA,vJKfEIgh/9X3YSmNSCxpaFNfuO+UspRpSkHStvq9AN0=,SIN_TEXTO_INTERNO,2
E14_PRE_15_160_099_00_01_004_5798_Mesa_4.pdf,IE DEPTAL SAN PATRICIO PUENTE DE  PIEDRA,jS4e6zww3THxEONKK09Ia2b4YYJ81FNh7x/mOPSRXHo=,SIN_TEXTO_INTERNO,2
E14_PRE_15_160_099_00_01_005_5798_Mesa_5.pdf,IE DEPTAL SAN PATRICIO PUENTE DE  PIEDRA,zWtQ3QFEOlVz2KuhseBA/B+/+95PcGRMy+BC/21TmhI=,SIN_TEXTO_INTERNO,2
E14_PRE_15_160_099_00_01_006_5798_Mesa_6.pdf,IE DEPTAL SAN PATRICIO PUENTE DE  PIEDRA,AoLA25yJ2wjKUc+zukYlKq/ANpi8EcAtMoVTdmob3WM=,SIN_TEXTO_INTERNO,2
E14_PRE_15_160_099_00_01_007_5798_Mesa_7.pdf,IE DEPTAL SAN PATRICIO PUENTE DE  PIEDRA,OWVuy95EZOjyXcPiCNQ3Ch7boCtYfqcAXZ812L0IofQ=,SIN_TEXTO_INTERNO,2
E14_PRE_15_160_099_00_01_008_5798_Mesa_8.pdf,IE DEPTAL SAN PATRICIO PUENTE DE  PIEDRA,uQAxPh1+KgGqxf4CUooGQb4WxHYUEl6VKER2q0p4dXM=,SIN_TEXTO_INTERNO,2
E14_PRE_15_160_099_00_01_009_5798_Mesa_9.pdf,IE DEPTAL SAN PATRICIO PUENTE DE  PIEDRA,h986LVM3AiLMhzLIE63Z6fhYyIENoeZ8JHYn+2YY35k=,SIN_TEXTO_INTERNO,2
E14_PRE_15_160_099_00_01_010_5798_Mesa_10.pdf,IE DEPTAL SAN PATRICIO PUENTE DE  PIEDRA,6t97ylNkmHKz+5u57VfAdr2DIHBN40KQwEkWmdS4ljY=,SIN_TEXTO_INTERNO,2
E14_PRE_31_064_003_00_02_001_6761_Mesa_1.pdf,IE ESPAÑA,zBQ38XSh1QrLsL1qXsyaykM2jv0mhGHUucwUD7Rl8OU=,SIN_TEXTO_INTERNO,2
E14_PRE_31_064_003_00_02_002_6761_Mesa_2.pdf,IE ESPAÑA,YWZjhZh2di5D0lkbXDl4k85Sn1rO2d5YupokryKkyJQ=,SIN_TEXTO_INTERNO,2
E14_PRE_31_064_003_00_02_003_6761_Mesa_3.pdf,IE ESPAÑA,svc9kmwRZAIwJhtCBreqW83sePugjywV2ssDfer3rNI=,SIN_TEXTO_INTERNO,2
E14_PRE_31_064_003_00_02_004_6761_Mesa_4.pdf,IE ESPAÑA,lnHBf8c/FkBYNqnKFJ8bGcpvBZMLfir+FaX2lNvq97M=,SIN_TEXTO_INTERNO,2
E14_PRE_31_064_003_00_02_005_6761_Mesa_5.pdf,IE ESPAÑA,QSjPS1oH9bYXWMGehajiHJFw/N5+i3IlyQKuT/eepa8=,SIN_TEXTO_INTERNO,2
E14_PRE_31_064_003_00_02_006_6761_Mesa_6.pdf,IE ESPAÑA,1QVMxMmoxXxbxGEjTkAescPmkxWmu+DAbSvMUoanImI=,SIN_TEXTO_INTERNO,2
E14_PRE_31_064_003_00_02_007_6761_Mesa_7.pdf,IE ESPAÑA,VU0G4Jn95V4uvsHFK56AF5knp9/+0V/IeTw0UUfqo5s=,SIN_TEXTO_INTERNO,2
E14_PRE_31_064_003_00_02_008_6761_Mesa_8.pdf,IE ESPAÑA,r4Ctt2RnDsYKl9QubzMukeHvKQSCB/UC2mJijzbIIWk=,SIN_TEXTO_INTERNO,2
E14_PRE_31_064_003_00_02_009_6761_Mesa_9.pdf,IE ESPAÑA,nsB7itGOzm+Adks4XEabvmX0IUHqO1mRgV3EyzlyONQ=,SIN_TEXTO_INTERNO,2
E14_PRE_31_064_003_00_02_010_6761_Mesa_10.pdf,IE ESPAÑA,21Cpur6GbDX0Xc6BeDfKeG3X+lNkcwD/VYSlO29N64s=,SIN_TEXTO_INTERNO,2
E14_PRE_31_064_003_00_02_011_6761_Mesa_11.pdf,IE ESPAÑA,2fWz0+F3UHDoe2mfvEv6sV8tkpEmI2yRzTXkELEJevc=,SIN_TEXTO_INTERNO,2
E14_PRE_31_064_003_00_02_012_6761_Mesa_12.pdf,IE ESPAÑA,Xyxdk2RVvvx4/+JcfIwbojoNJgnIJBprfVWegcz7hAo=,SIN_TEXTO_INTERNO,2
E14_PRE_31_064_003_00_02_013_6761_Mesa_13.pdf,IE ESPAÑA,7AfTNFo/vmbYvAwu17HA/6YP1xSK8cCZ/nwJXLoLNwY=,SIN_TEXTO_INTERNO,2
E14_PRE_31_064_003_00_02_014_6761_Mesa_14.pdf,IE ESPAÑA,aKyrAvwJeVSuslgCXtiewHqx/8KzO09rriOyLmlGV8k=,SIN_TEXTO_INTERNO,2
E14_PRE_31_064_003_00_02_015_6761_Mesa_15.pdf,IE ESPAÑA,UlXXAyouaqu9t3v3dH2DemfSUy1mugysVcWhi5D6USQ=,SIN_TEXTO_INTERNO,2
E14_PRE_31_064_003_00_02_016_6761_Mesa_16.pdf,IE ESPAÑA,JjH8H/6LZXJGws0bdD1zV9hMA5CResB4frWWLB+ND9I=,SIN_TEXTO_INTERNO,2
E14_PRE_31_064_003_00_02_017_6761_Mesa_17.pdf,IE ESPAÑA,CKmZ7nGb/S9Vem5Rinp92b1pMhtIjz5sezvsaW5d7KE=,SIN_TEXTO_INTERNO,2
E14_PRE_31_064_003_00_02_018_6761_Mesa_18.pdf,IE ESPAÑA,XCrEPUN3mEmresBKfclFcnpZzKGGgsbhgfkkH2WwS1Y=,SIN_TEXTO_INTERNO,2
E14_PRE_31_064_003_00_02_019_6761_Mesa_19.pdf,IE ESPAÑA,4W4nW8R4WBor4UK6Jm4hf6bw8NBvNgtl+JHFluH67W4=,SIN_TEXTO_INTERNO,2
E14_PRE_31_064_003_00_02_020_6761_Mesa_20.pdf,IE ESPAÑA,UVv26R/7DQeDtOy/Wp8MPnuBnuJw0DmRKPR5rvNUJGU=,SIN_TEXTO_INTERNO,2
E14_PRE_31_064_003_00_02_021_6761_Mesa_21.pdf,IE ESPAÑA,PK0oh4ZxdKgY+ZEiCIku9f+rQ6xao/im+qnv3mgm5Gc=,SIN_TEXTO_INTERNO,2
E14_PRE_31_064_003_00_02_022_6761_Mesa_22.pdf,IE ESPAÑA,9jh1qgogiO5/9jC8M4wXQYE6hW0W/1QIrvZJ46LOr+Q=,SIN_TEXTO_INTERNO,2
E14_PRE_31_064_003_00_02_023_6761_Mesa_23.pdf,IE ESPAÑA,jymtElwQ17Y/S6ZMdF2ANsbt0//fynxQ4EOxihyDcys=,SIN_TEXTO_INTERNO,2
E14_PRE_31_064_003_00_02_024_6761_Mesa_24.pdf,IE ESPAÑA,F0tQGlfDDvq+ErZgR5ScEk/zsa5w+XOwoT21nJY96kQ=,SIN_TEXTO_INTERNO,2
E14_PRE_31_064_003_00_02_025_6761_Mesa_25.pdf,IE ESPAÑA,Aqu6j/coBcoXTnnI7QCtu8S1F/yo7qloQmdyW/01eZk=,SIN_TEXTO_INTERNO,2
E14_PRE_01_001_018_09_02_001_5088_Mesa_1.pdf,IE FEDERICO OZANAM,8dYH81An7lWBDlSK5MjTjqDUsczT1Qz087K+GUdnb2Q=,SIN_TEXTO_INTERNO,2
E14_PRE_01_001_018_09_02_002_5088_Mesa_2.pdf,IE FEDERICO OZANAM,B1JxeWo4Hu5SYYXtjtUPVpUfWZlArp/pnOzewd1ZHa8=,SIN_TEXTO_INTERNO,2
E14_PRE_01_001_018_09_02_003_5088_Mesa_3.pdf,IE FEDERICO OZANAM,80oO5OT2dld9vHnlu9bwfOHZQMIgI2NrpaS+PX2cNoE=,SIN_TEXTO_INTERNO,2
E14_PRE_01_001_018_09_02_004_5088_Mesa_4.pdf,IE FEDERICO OZANAM,pZHFeCcmxYPBt5UN/r38n/q6aUGLnyHOX8dl7cXI73M=,SIN_TEXTO_INTERNO,2
E14_PRE_01_001_018_09_02_005_5088_Mesa_5.pdf,IE FEDERICO OZANAM,2vnzDcwEeXny5UU9wnamkcp9tTHC0Si8tIw6tSYVDYc=,SIN_TEXTO_INTERNO,2
E14_PRE_01_001_018_09_02_006_5088_Mesa_6.pdf,IE FEDERICO OZANAM,LYTijyeDYY1lsX5OPRAhFbkQk0Bvn4dXmN/zN87FAeg=,SIN_TEXTO_INTERNO,2
E14_PRE_01_001_018_09_02_007_5088_Mesa_7.pdf,IE FEDERICO OZANAM,TRSGkBDC+87/IZHRXHlynEdpaBEBDaq4cw8VmMJ8sbU=,SIN_TEXTO_INTERNO,2
E14_PRE_01_001_018_09_02_008_5088_Mesa_8.pdf,IE FEDERICO OZANAM,JAvUf7TCOa0O71b4vAA/nxBySmmHFvUfTISX9Z27iq8=,SIN_TEXTO_INTERNO,2
E14_PRE_01_001_018_09_02_009_5088_Mesa_9.pdf,IE FEDERICO OZANAM,gPbkSVhGM1MsQyCMGMmaF0YNOVQvK4MJ/6bOo1+hH0o=,SIN_TEXTO_INTERNO,2
E14_PRE_01_001_018_09_02_010_5088_Mesa_10.pdf,IE FEDERICO OZANAM,Yc+ajg/HL2DalXmbDdAFOquKvfrJGWbw/EgFAgHL8R4=,SIN_TEXTO_INTERNO,2
E14_PRE_01_001_018_09_02_011_5088_Mesa_11.pdf,IE FEDERICO OZANAM,IBV9d1YB7vQiSuHMCr56EdjkxeJFUkZpmOd/8cq1n2w=,SIN_TEXTO_INTERNO,2
E14_PRE_01_001_018_09_02_012_5088_Mesa_12.pdf,IE FEDERICO OZANAM,jtl6DtL1MijSaj5NIop6/FGba/MrWSGi/2NpVu2jr+U=,SIN_TEXTO_INTERNO,2
E14_PRE_01_001_018_09_02_013_5088_Mesa_13.pdf,IE FEDERICO OZANAM,KW+cp0tIjma5bM99C54gAdximOGi5ALcjdzSUo8x+Po=,SIN_TEXTO_INTERNO,2
E14_PRE_01_001_018_09_02_014_5088_Mesa_14.pdf,IE FEDERICO OZANAM,SS/631F/4B6fYbZuBwOJpyFsBuJ3h7/58+/VyF66ml8=,SIN_TEXTO_INTERNO,2
E14_PRE_01_001_018_09_02_015_5088_Mesa_15.pdf,IE FEDERICO OZANAM,fWFmMcngev9NjyI+M6jcRrS4uTqccyCF9LVAtoGyOWs=,SIN_TEXTO_INTERNO,2
E14_PRE_01_001_018_09_02_016_5088_Mesa_16.pdf,IE FEDERICO OZANAM,goWFl3pjMBL9qRYoXazGGn+RCjQ/3XC+S1RW2nm+C9k=,SIN_TEXTO_INTERNO,2
E14_PRE_01_001_018_09_02_017_5088_Mesa_17.pdf,IE FEDERICO OZANAM,hyIMROx7zaqVK5Tu0HeIZoVRVjV8/CH8584Ky2g615c=,SIN_TEXTO_INTERNO,2
E14_PRE_01_001_018_09_02_018_5088_Mesa_18.pdf,IE FEDERICO OZANAM,bECJCn9RKB5MX0kH6bCvFpzNpUom4KDlWodj47QAmlE=,SIN_TEXTO_INTERNO,2
E14_PRE_01_001_018_09_02_019_5088_Mesa_19.pdf,IE FEDERICO OZANAM,cll/kJX14k2C4uEpICIPrRgJwwouhTdRdHPwcb5Un2w=,SIN_TEXTO_INTERNO,2
E14_PRE_01_001_018_09_02_020_5088_Mesa_20.pdf,IE FEDERICO OZANAM,hArNvHh3OAuJ6ypFzlAFh5Mw8+hu6NePmslYKZmANS4=,SIN_TEXTO_INTERNO,2
E14_PRE_01_001_018_09_02_021_5088_Mesa_21.pdf,IE FEDERICO OZANAM,YtEz5aYZ2b10e4B4AMi716UgtdMrxXCXglpF0FdHt4c=,SIN_TEXTO_INTERNO,2
E14_PRE_01_001_018_09_02_022_5088_Mesa_22.pdf,IE FEDERICO OZANAM,HCApwX508e1TDKWdyQ8vER9sXnsnU9SSLS8XSRSStPo=,SIN_TEXTO_INTERNO,2
E14_PRE_01_001_018_09_02_023_5088_Mesa_23.pdf,IE FEDERICO OZANAM,N+w3C7temY0p+HVUuiWXhQKFHgInWW3UGTxJ6Xwl0mE=,SIN_TEXTO_INTERNO,2
E14_PRE_01_001_018_09_02_024_5088_Mesa_24.pdf,IE FEDERICO OZANAM,TNmhd6FhFjWlp2gXrg5clE/HfSXcyZ2VQlXiKocKHcc=,SIN_TEXTO_INTERNO,2
E14_PRE_01_001_018_09_02_025_5088_Mesa_25.pdf,IE FEDERICO OZANAM,iRHsD/wnkYnGDsUnq3YtEauWmN5XfrFzy5N/a3iczx0=,SIN_TEXTO_INTERNO,2
E14_PRE_01_001_018_09_02_026_5088_Mesa_26.pdf,IE FEDERICO OZANAM,rnL1WLBna/hkxIqgikmxKp5KNd44Y831GTbzqoGWSL4=,SIN_TEXTO_INTERNO,2
E14_PRE_01_001_018_09_02_027_5088_Mesa_27.pdf,IE FEDERICO OZANAM,20qB0Bp2FsL/WZ4V00iflei/9GQj3q4+3a85/AWLXU8=,SIN_TEXTO_INTERNO,2
E14_PRE_01_001_018_09_02_028_5088_Mesa_28.pdf,IE FEDERICO OZANAM,J1S0oylb1nMpwC9Yjmxt1xxKZLOd4Zc2jcJWk/khkbY=,SIN_TEXTO_INTERNO,2
E14_PRE_01_001_018_09_02_029_5088_Mesa_29.pdf,IE FEDERICO OZANAM,3owlxrp1Mac34XpQT5p3pfGPLay/ujajkM6R4Bc/JPQ=,SIN_TEXTO_INTERNO,2
E14_PRE_01_001_018_09_02_030_5088_Mesa_30.pdf,IE FEDERICO OZANAM,tqNF6XSr8la/pqwap2Orv3CRBZkQ5rQOUQorqzlJjuU=,SIN_TEXTO_INTERNO,2
E14_PRE_01_001_018_09_02_031_5088_Mesa_31.pdf,IE FEDERICO OZANAM,hUQ2hzZWcB23oQLaHCNRmW1ErXxWJuaHqv4bG+CnBK8=,SIN_TEXTO_INTERNO,2
E14_PRE_01_001_018_09_02_032_5088_Mesa_32.pdf,IE FEDERICO OZANAM,KqxfHKr4YZqrWWLleMK1KI7WRxoGGP89NDklmZxjk30=,SIN_TEXTO_INTERNO,2
E14_PRE_01_001_018_09_02_033_5088_Mesa_33.pdf,IE FEDERICO OZANAM,bwlBLKzvYQac7aFu1iBErOY1en7j9KEIYwWSiDGjFZE=,SIN_TEXTO_INTERNO,2
E14_PRE_01_001_018_09_02_034_5088_Mesa_34.pdf,IE FEDERICO OZANAM,Wfys90gyDDX+C9bTAZ6Et0m5nXRptzeVYmTgzz5r7HM=,SIN_TEXTO_INTERNO,2
E14_PRE_11_088_002_00_01_001_5612_Mesa_1.pdf,IE GUILLERMO VALENCIA,dXdFvJ5uvk9UJ8DfccVrSk2RckR7f0mjXWqkRYDjl90=,SIN_TEXTO_INTERNO,2
E14_PRE_11_088_002_00_01_002_5612_Mesa_2.pdf,IE GUILLERMO VALENCIA,aDd0rPsIPieVhmR8dNEDvVe1Qi7sI1kgBzS4sQcvvmY=,SIN_TEXTO_INTERNO,2
E14_PRE_11_088_002_00_01_003_5612_Mesa_3.pdf,IE GUILLERMO VALENCIA,n1Od0dQtDTahuoWJAf4VEOgu3eHOPhd5MrdeYUKwCxg=,SIN_TEXTO_INTERNO,2
E14_PRE_11_088_002_00_01_004_5612_Mesa_4.pdf,IE GUILLERMO VALENCIA,SGH/lmdBYw5BsRrpX7X2064BHMB2z0c0sA+YoYA7bLU=,SIN_TEXTO_INTERNO,2
E14_PRE_11_088_002_00_01_005_5612_Mesa_5.pdf,IE GUILLERMO VALENCIA,AYbaCf4YKirMN8ntbbRl+zNN3tnoLStzE7We7XiOxKQ=,SIN_TEXTO_INTERNO,2
E14_PRE_11_088_002_00_01_006_5612_Mesa_6.pdf,IE GUILLERMO VALENCIA,cTsdLddhath6b6S0IJI6xwDscsIEBmPfEQBDhSBFEFM=,SIN_TEXTO_INTERNO,2
E14_PRE_11_088_002_00_01_007_5612_Mesa_7.pdf,IE GUILLERMO VALENCIA,SxBT2NezQ5jHoR9NthIlHqDKR6OzS3MfgG8jfUNi0bo=,SIN_TEXTO_INTERNO,2
E14_PRE_11_088_002_00_01_008_5612_Mesa_8.pdf,IE GUILLERMO VALENCIA,zonHZy6CmbMoWmtQtHhABsiBjw9EK3dALg5lnA81sl0=,SIN_TEXTO_INTERNO,2
E14_PRE_11_088_002_00_01_009_5612_Mesa_9.pdf,IE GUILLERMO VALENCIA,O1vCPjgcQzFKFvFC/3FxZi+L8XY1EuviiY5OJmKT3HI=,SIN_TEXTO_INTERNO,2
E14_PRE_11_088_002_00_01_010_5612_Mesa_10.pdf,IE GUILLERMO VALENCIA,Qwgt7IfUYBwtTAwHVsGCFvpPpPodBt2AB51L1MGSFIg=,SIN_TEXTO_INTERNO,2
E14_PRE_11_088_002_00_01_011_5612_Mesa_11.pdf,IE GUILLERMO VALENCIA,h91MkCstHLoEExTDVWuzZssdxpPv1bqVO4VyprPCm8U=,SIN_TEXTO_INTERNO,2
E14_PRE_11_088_002_00_01_012_5612_Mesa_12.pdf,IE GUILLERMO VALENCIA,BI3qi+XYuzLxUMIhvHzrZnoyQco5HD2HgXu4fCPm42E=,SIN_TEXTO_INTERNO,2
E14_PRE_11_088_002_00_01_013_5612_Mesa_13.pdf,IE GUILLERMO VALENCIA,5KsCD53MDbnzgqSudP0qql1NrRQwppPbNydrBItQf0M=,SIN_TEXTO_INTERNO,2
E14_PRE_11_088_002_00_01_014_5612_Mesa_14.pdf,IE GUILLERMO VALENCIA,rg0cPLc8bE0VaVV2+C1qrR0oBIB0QYW9DD1X6ei0Kac=,SIN_TEXTO_INTERNO,2
E14_PRE_11_088_002_00_01_015_5612_Mesa_15.pdf,IE GUILLERMO VALENCIA,8kkivSeNoaEE1dMpqMG0joFXtbZ43XjpHy4O4BJCd60=,SIN_TEXTO_INTERNO,2
E14_PRE_11_088_002_00_01_016_5612_Mesa_16.pdf,IE GUILLERMO VALENCIA,LMNydGrSvEUqLDXXX+Wkcdugnjq6Kkf2J/c2ikpkayA=,SIN_TEXTO_INTERNO,2
E14_PRE_11_088_002_00_01_017_5612_Mesa_17.pdf,IE GUILLERMO VALENCIA,g8U5fVNc1QVtwGADm4jV568nXNhoTkVub3cv2v/G8nk=,SIN_TEXTO_INTERNO,2
E14_PRE_11_088_002_00_01_018_5612_Mesa_18.pdf,IE GUILLERMO VALENCIA,SvAWP0Vrkxwql7ozRzX9AaQngOFhU8OdFYOLi2jnksQ=,SIN_TEXTO_INTERNO,2
E14_PRE_11_088_002_00_01_019_5612_Mesa_19.pdf,IE GUILLERMO VALENCIA,Skl0neqnuKr+FggvypvHwYjxwtI1DMurrRlaZrVJocE=,SIN_TEXTO_INTERNO,2
E14_PRE_11_088_002_00_01_020_5612_Mesa_20.pdf,IE GUILLERMO VALENCIA,XbOaYuaBwtEW/HMwoYgzIsnQY6GZOmcjI9jQQ0uYn3M=,SIN_TEXTO_INTERNO,2
E14_PRE_13_001_005_06_07_001_5675_Mesa_1.pdf,IE JOSE MARIA CORDOBA SD CAMILO LAMADRID,ygmi6KcYIBymFSSmEDrrZeDL+VRBtkp4QtdFAZ7HYUc=,SIN_TEXTO_INTERNO,2
E14_PRE_13_001_005_06_07_002_5675_Mesa_2.pdf,IE JOSE MARIA CORDOBA SD CAMILO LAMADRID,A8T9YEWSfkGdvIz8b3MGBvRX2RH+zOGwq1JG9tIKOzI=,SIN_TEXTO_INTERNO,2
E14_PRE_01_220_000_00_00_001_2088_Mesa_1.pdf,IE JULIO RESTREPO,ux3QZ9E2QuqvL6dkGX43uCpMqoo6AImyuOL5CY3qDRk=,SIN_TEXTO_INTERNO,2
E14_PRE_01_220_000_00_00_002_2088_Mesa_2.pdf,IE JULIO RESTREPO,K0rujer49yfQnFSyYsL2NQqp20hj7GG7HEwhJ5u/z6Y=,SIN_TEXTO_INTERNO,2
E14_PRE_01_220_000_00_00_003_2088_Mesa_3.pdf,IE JULIO RESTREPO,2PC+jxQ9diATzwmhEQ6JahQ/1ocOjzHgRV9XFSASiHU=,SIN_TEXTO_INTERNO,2
E14_PRE_01_220_000_00_00_004_2088_Mesa_4.pdf,IE JULIO RESTREPO,d5X1mvgub4pP79Fv0c7gd+jwu51nF244Oc6pNlTyKw0=,SIN_TEXTO_INTERNO,2
E14_PRE_01_220_000_00_00_005_2088_Mesa_5.pdf,IE JULIO RESTREPO,wGo8lXljOA9JSu0anQfDljCQTE/+9kDEw69NzKr/QcU=,SIN_TEXTO_INTERNO,2
E14_PRE_01_220_000_00_00_006_2088_Mesa_6.pdf,IE JULIO RESTREPO,HtuW6LpNDbRv8/nAPsuQHFm5/rCUhbvlq3J2QMLUQR0=,SIN_TEXTO_INTERNO,2
E14_PRE_01_220_000_00_00_007_2088_Mesa_7.pdf,IE JULIO RESTREPO,xoNQQfnQD8qTzK7+wvVi3NNqzyLyAoV0Q1oMM7Hi1WM=,SIN_TEXTO_INTERNO,2
E14_PRE_01_220_000_00_00_008_2088_Mesa_8.pdf,IE JULIO RESTREPO,91k+S5U+SXVjvKRjb90kq2IBntFKXoDiSgRFlaiXG5E=,SIN_TEXTO_INTERNO,2
E14_PRE_01_220_000_00_00_009_2088_Mesa_9.pdf,IE JULIO RESTREPO,WEd3Rr5/O6XgQZyrS+2TQGTbz8XbtTNIbzKkQBsufPw=,SIN_TEXTO_INTERNO,2
E14_PRE_01_220_000_00_00_010_2088_Mesa_10.pdf,IE JULIO RESTREPO,ChGfk0F3QT7yhr7n0Zoid3TC85ZZostBGmRrAkWE11U=,SIN_TEXTO_INTERNO,2
E14_PRE_01_220_000_00_00_011_2088_Mesa_11.pdf,IE JULIO RESTREPO,pgB3NL5Tf/Fz/Yk2xGWmGnQYmacLffS9EXKKGpnz86Q=,SIN_TEXTO_INTERNO,2
E14_PRE_01_220_000_00_00_012_2088_Mesa_12.pdf,IE JULIO RESTREPO,CLmGisWod/Jf1zRIShpWgnr2bwfSawUL7ccFICVCdvE=,SIN_TEXTO_INTERNO,2
E14_PRE_01_220_000_00_00_013_2088_Mesa_13.pdf,IE JULIO RESTREPO,NGURTrL4Du0cbpTuqGQev89xEwse0A3wZ/SB3RLJhMk=,SIN_TEXTO_INTERNO,2
E14_PRE_01_220_000_00_00_014_2088_Mesa_14.pdf,IE JULIO RESTREPO,GS/PUMxdnV+azvp7diYaxz6hAWjXMC3MVQtxGvOBDGM=,SIN_TEXTO_INTERNO,2
E14_PRE_01_220_000_00_00_015_2088_Mesa_15.pdf,IE JULIO RESTREPO,d7UqZ15wvKB1mBUyPiCjFZBDKaumi3OHHtqi2xMFH+M=,SIN_TEXTO_INTERNO,2
E14_PRE_01_220_000_00_00_016_2088_Mesa_16.pdf,IE JULIO RESTREPO,NO_DECODIFICADO,SIN_TEXTO_INTERNO,2
E14_PRE_01_220_000_00_00_017_2088_Mesa_17.pdf,IE JULIO RESTREPO,9ezRM3/2mCUC2oj6UP0MBjUkd+v45TpAaMloDPIkBLA=,SIN_TEXTO_INTERNO,2
E14_PRE_01_220_000_00_00_018_2088_Mesa_18.pdf,IE JULIO RESTREPO,93n/UN1IvOSRwwEyKndugMAmcqIf0X7nYxk/jF5Etl8=,SIN_TEXTO_INTERNO,2
E14_PRE_01_220_000_00_00_019_2088_Mesa_19.pdf,IE JULIO RESTREPO,FIlh8GlBW/qPV2q7fweTp70yThYj+LxI86Vv7LeNNGo=,SIN_TEXTO_INTERNO,2
E14_PRE_01_220_000_00_00_020_2088_Mesa_20.pdf,IE JULIO RESTREPO,iqAcJMq0l5Qfuvc31E3amGH9gyExFeX9k7TcYcVlKoQ=,SIN_TEXTO_INTERNO,2
E14_PRE_01_220_000_00_00_021_2088_Mesa_21.pdf,IE JULIO RESTREPO,V6FvTb+Dg/U6E3dfJtQ3foPr57jNh2Tr4p66SvsfMu0=,SIN_TEXTO_INTERNO,2
E14_PRE_01_220_000_00_00_022_2088_Mesa_22.pdf,IE JULIO RESTREPO,v1ptjgEwo638lRm5BxwB5r1P2Om7M7uJnXoQLgAvesw=,SIN_TEXTO_INTERNO,2
E14_PRE_01_220_000_00_00_023_2088_Mesa_23.pdf,IE JULIO RESTREPO,dWNVTgmkwneMmxy7a3eD/6CDlG64wZbb02QerCcGAfA=,SIN_TEXTO_INTERNO,2
E14_PRE_01_220_000_00_00_024_2088_Mesa_24.pdf,IE JULIO RESTREPO,OY9eauBd8QlmanZGBCBEllzICms54f0A6PaSyo274pc=,SIN_TEXTO_INTERNO,2
E14_PRE_01_220_000_00_00_025_2088_Mesa_25.pdf,IE JULIO RESTREPO,712G/bB7X4hDHaEjenRWCWtlXnq7jmfJhZcgBV1KuBs=,SIN_TEXTO_INTERNO,2
E14_PRE_01_220_000_00_00_026_2088_Mesa_26.pdf,IE JULIO RESTREPO,vFkpo2rrzO7N/1tW7NQDzNPXHmnx6dN7iFudT791I3s=,SIN_TEXTO_INTERNO,2
E14_PRE_01_220_000_00_00_027_2088_Mesa_27.pdf,IE JULIO RESTREPO,Pvd1MIy6JA8R5UG//P6PohulF1ru1PAVMB3Uutq4Igc=,SIN_TEXTO_INTERNO,2
E14_PRE_01_220_000_00_00_028_2088_Mesa_28.pdf,IE JULIO RESTREPO,UG8oqShxzhWdFK+f346zILHteLpfPl304yupc0ZsMAY=,SIN_TEXTO_INTERNO,2
E14_PRE_01_220_000_00_00_029_2088_Mesa_29.pdf,IE JULIO RESTREPO,DAFrq2/Wyyt9yRGTf9mNSC3MNWRRGED51MYQPw5UO0g=,SIN_TEXTO_INTERNO,2
E14_PRE_01_220_000_00_00_030_2088_Mesa_30.pdf,IE JULIO RESTREPO,CwtIIR4atZ5rSrhw+JzBp8pqQW4lqzB0GoSozwD8XVc=,SIN_TEXTO_INTERNO,2
E14_PRE_01_220_000_00_00_031_2088_Mesa_31.pdf,IE JULIO RESTREPO,kO+d0GreMWNfNtaDZ+It5hUC4CPrKvHl1c7zi8eEea0=,SIN_TEXTO_INTERNO,2
E14_PRE_01_220_000_00_00_032_2088_Mesa_32.pdf,IE JULIO RESTREPO,/Xk/zcHAWy0mXFMvM3N7mtbanQhf6BJLusa5SpNfht4=,SIN_TEXTO_INTERNO,2
E14_PRE_52_001_017_09_03_001_6920_Mesa_1.pdf,IE LA MADRID,T1BJIVPnHgDCCGoImP1tZQQfsGEUKtBGSukI7X2HH+k=,SIN_TEXTO_INTERNO,2
E14_PRE_52_001_017_09_03_002_6920_Mesa_2.pdf,IE LA MADRID,sDfsP8uzOKEVvTDBxMjIeB4No0b9F41gWMZVUriKCyo=,SIN_TEXTO_INTERNO,2
E14_PRE_52_001_017_09_03_003_6920_Mesa_3.pdf,IE LA MADRID,+1tqMgJgq2yl1oCn2I2UjPVZGornjKoHYDSzFRBOsgQ=,SIN_TEXTO_INTERNO,2
E14_PRE_52_001_017_09_03_004_6920_Mesa_4.pdf,IE LA MADRID,KC26IaOALASpOZvcQzAUTYwQH5P2xlgbuKvVdsZNbPo=,SIN_TEXTO_INTERNO,2
E14_PRE_52_001_017_09_03_005_6920_Mesa_5.pdf,IE LA MADRID,DIxyWH1gjuH4MRlKUxMz6LOjxMyBY2B4qcXPyuNTcQE=,SIN_TEXTO_INTERNO,2
E14_PRE_52_001_017_09_03_006_6920_Mesa_6.pdf,IE LA MADRID,IurKd4ybTbQ6LlOrLS/JMAOlI0UVKpMJxLL3i5SL6nY=,SIN_TEXTO_INTERNO,2
E14_PRE_52_001_017_09_03_007_6920_Mesa_7.pdf,IE LA MADRID,5GxWoMgfeSs9kcqndsC0G8SxozXC/UCvER8UfwQ5rlw=,SIN_TEXTO_INTERNO,2
E14_PRE_52_001_017_09_03_008_6920_Mesa_8.pdf,IE LA MADRID,fNosmxtpbNv2fM48DH/yyT0oESeF2t9+YbeX8DDH2EE= | 16972545,SIN_TEXTO_INTERNO,2
E14_PRE_52_001_017_09_03_009_6920_Mesa_9.pdf,IE LA MADRID,DCZh5IXptTFKNPYOhB/lcD/Pej+baEWoH3uxZjpvZEo=,SIN_TEXTO_INTERNO,2
E14_PRE_52_001_017_09_03_010_6920_Mesa_10.pdf,IE LA MADRID,oU4dFlQtnuyyNxkZAYYhE5k2HVBaWZyFg2XUsLWwCCU=,SIN_TEXTO_INTERNO,2
E14_PRE_52_001_017_09_03_011_6920_Mesa_11.pdf,IE LA MADRID,FSKSTRDwhgTcePptpjRL3ArTddGeT4qEKwmNEBMFKZQ=,SIN_TEXTO_INTERNO,2
E14_PRE_52_001_017_09_03_012_6920_Mesa_12.pdf,IE LA MADRID,1V/C7PNJ7tbg+EfBODvCOg3yOoNTPaGw7z/A47xcwi4=,SIN_TEXTO_INTERNO,2
E14_PRE_52_001_017_09_03_013_6920_Mesa_13.pdf,IE LA MADRID,L0SHJ+5KKNIh9YVDQyAc7VFS+D9Kdaag+VjRjRH1xOg=,SIN_TEXTO_INTERNO,2
E14_PRE_52_001_017_09_03_014_6920_Mesa_14.pdf,IE LA MADRID,R/tSn3Cyt5PpmQzgRLfrcCtedd4xEB/Pbm5V+Z7uaZM=,SIN_TEXTO_INTERNO,2
E14_PRE_52_001_017_09_03_015_6920_Mesa_15.pdf,IE LA MADRID,D2VAsLyOh4aHZdZVM9A7wfSTCDyY1dOI+j357RnuM1o=,SIN_TEXTO_INTERNO,2
E14_PRE_52_001_017_09_03_016_6920_Mesa_16.pdf,IE LA MADRID,QV1yyP8m2W7O5w5oHCnFpc4b/yfiZ5MkIvyZK5JtLyU=,SIN_TEXTO_INTERNO,2
E14_PRE_01_001_001_01_03_001_5003_Mesa_1.pdf,IE MARIA DE LOS ANGELES CANO MARQUEZ,5MNfto6LYjQPnutr1/+aOLFmvcvVAEYMUo716aFHTKY=,SIN_TEXTO_INTERNO,2
E14_PRE_01_001_001_01_03_002_5003_Mesa_2.pdf,IE MARIA DE LOS ANGELES CANO MARQUEZ,auxjMeAOV45VJBHTKYmDK89Xlj594ytwQW9+YwRckrg=,SIN_TEXTO_INTERNO,2
E14_PRE_01_001_001_01_03_003_5003_Mesa_3.pdf,IE MARIA DE LOS ANGELES CANO MARQUEZ,ZibSls4hKmD3iI2cUyv9APx1HNpzEhmA3QIpgfb2Lxo=,SIN_TEXTO_INTERNO,2
E14_PRE_01_001_001_01_03_004_5003_Mesa_4.pdf,IE MARIA DE LOS ANGELES CANO MARQUEZ,vfadUEcKN3lN14TaRqaPewJbgXx3/SycdadCGfuFlVA=,SIN_TEXTO_INTERNO,2
E14_PRE_01_001_001_01_03_005_5003_Mesa_5.pdf,IE MARIA DE LOS ANGELES CANO MARQUEZ,/1leaeWQeslbZr6oqBFKs0k5cujQIhH1GU6MFN9LlrI=,SIN_TEXTO_INTERNO,2
E14_PRE_01_001_001_01_03_006_5003_Mesa_6.pdf,IE MARIA DE LOS ANGELES CANO MARQUEZ,f8kPWHIE3apC3c2gAE/PYYHLX8MubnN9Mmzq7YS3c0c=,SIN_TEXTO_INTERNO,2
E14_PRE_01_001_001_01_03_007_5003_Mesa_7.pdf,IE MARIA DE LOS ANGELES CANO MARQUEZ,NduHzEsD63fdfIE2FH0nRmNKv2yOmZEYuOSx3ze3X68=,SIN_TEXTO_INTERNO,2
E14_PRE_01_001_001_01_03_008_5003_Mesa_8.pdf,IE MARIA DE LOS ANGELES CANO MARQUEZ,vEEh45/jum8dcw3jSXgklqn0PPteJLTnIaDg+pd06o4=,SIN_TEXTO_INTERNO,2
E14_PRE_01_001_001_01_03_009_5003_Mesa_9.pdf,IE MARIA DE LOS ANGELES CANO MARQUEZ,CdhNPUYCS+quMJVjl1pVVUG2Wer3sy63SVjX1S6bN3g=,SIN_TEXTO_INTERNO,2
E14_PRE_01_001_001_01_03_010_5003_Mesa_10.pdf,IE MARIA DE LOS ANGELES CANO MARQUEZ,LMoWlL1FUrKCHbDPEQ4ZSZdKfMkM9hXbrfTD6nFYF58=,SIN_TEXTO_INTERNO,2
E14_PRE_01_001_001_01_03_011_5003_Mesa_11.pdf,IE MARIA DE LOS ANGELES CANO MARQUEZ,A9e9wcAdWrBSMFv28FV3RYQ9F1E8utGoHAiWFkxpJI4=,SIN_TEXTO_INTERNO,2
E14_PRE_01_001_001_01_03_012_5003_Mesa_12.pdf,IE MARIA DE LOS ANGELES CANO MARQUEZ,igSINeUXTCIzIdmDm9Vm23Eh1L7WR+51bJIirfFNckM=,SIN_TEXTO_INTERNO,2
E14_PRE_01_001_001_01_03_013_5003_Mesa_13.pdf,IE MARIA DE LOS ANGELES CANO MARQUEZ,rU5/UZsAzo8zRfA0sgxHlhQeXgb2FEFxcnxY6v10qVs=,SIN_TEXTO_INTERNO,2
E14_PRE_01_001_001_01_03_014_5003_Mesa_14.pdf,IE MARIA DE LOS ANGELES CANO MARQUEZ,3taLC2Biad4CNC5ksc8l2vGjbM9UXiE77eDg5rSYAuI=,SIN_TEXTO_INTERNO,2
E14_PRE_01_001_001_01_03_015_5003_Mesa_15.pdf,IE MARIA DE LOS ANGELES CANO MARQUEZ,lfcz+Z/bgRbMaTJDmGHPW/FSY1c0encHJCnz+rF/YZ4=,SIN_TEXTO_INTERNO,2
E14_PRE_01_001_001_01_03_016_5003_Mesa_16.pdf,IE MARIA DE LOS ANGELES CANO MARQUEZ,rn4s1A5FswdW3HJsEQ+OoaK22CrtcysUSaF0JXiStKY=,SIN_TEXTO_INTERNO,2
E14_PRE_01_001_001_01_03_017_5003_Mesa_17.pdf,IE MARIA DE LOS ANGELES CANO MARQUEZ,g84QR2qEx2FxzAni+VSudtjI8HtwOmJ94XvhqPtaYGg=,SIN_TEXTO_INTERNO,2
E14_PRE_01_001_001_01_03_018_5003_Mesa_18.pdf,IE MARIA DE LOS ANGELES CANO MARQUEZ,Hv74ZPwfXQJwyKR6GnB+otFJQtodRZkVe1YFzCYU33M=,SIN_TEXTO_INTERNO,2
E14_PRE_01_001_001_01_03_019_5003_Mesa_19.pdf,IE MARIA DE LOS ANGELES CANO MARQUEZ,yFNyO3iemePttS8N//vbKBQdvp5eKLUdauuxQNb4xUQ=,SIN_TEXTO_INTERNO,2
E14_PRE_01_001_001_01_03_020_5003_Mesa_20.pdf,IE MARIA DE LOS ANGELES CANO MARQUEZ,5S0hbDF75eSB/sQCLbfj8ilVVgdE5fgoo0wR929H3VM=,SIN_TEXTO_INTERNO,2
E14_PRE_01_001_001_01_03_021_5003_Mesa_21.pdf,IE MARIA DE LOS ANGELES CANO MARQUEZ,7BqhExGSdX1k7FPn/pnK6fm9NwRcHkGrWTT/z24mkTQ=,SIN_TEXTO_INTERNO,2
E14_PRE_01_001_001_01_03_022_5003_Mesa_22.pdf,IE MARIA DE LOS ANGELES CANO MARQUEZ,xNOq3HTqgH3yaxeA3aU8PUNk6ISE63NLlKuL0dOHjo4=,SIN_TEXTO_INTERNO,2
E14_PRE_01_001_001_01_03_023_5003_Mesa_23.pdf,IE MARIA DE LOS ANGELES CANO MARQUEZ,TMCc3tTtZhDFUDn/LmjZaFiRmB7HwGyHJgmkmdO/Y4o=,SIN_TEXTO_INTERNO,2
E14_PRE_01_001_001_01_03_024_5003_Mesa_24.pdf,IE MARIA DE LOS ANGELES CANO MARQUEZ,42+yvQgYtZj01tpmrR17rdMFxnJT/e/oiIUX4sZk+QA=,SIN_TEXTO_INTERNO,2
E14_PRE_01_001_001_01_03_025_5003_Mesa_25.pdf,IE MARIA DE LOS ANGELES CANO MARQUEZ,Mq1L21nnoXtyO5Pyx1YjSgAbBdAx7DttT/A0RB9psWI=,SIN_TEXTO_INTERNO,2
E14_PRE_15_088_002_00_13_001_5772_Mesa_1.pdf,IE MARIA INMACULADA,BojMfGhYbGHW0sxMCPtal2GD6e+JImMxvTlbEigzLgo=,SIN_TEXTO_INTERNO,2
E14_PRE_15_088_002_00_13_002_5772_Mesa_2.pdf,IE MARIA INMACULADA,ApZgjj9/YqMuluLRPfHxWBK5UAPYCOq+N1X5vuih/J4=,SIN_TEXTO_INTERNO,2
E14_PRE_15_088_002_00_13_003_5772_Mesa_3.pdf,IE MARIA INMACULADA,yDlzR1t+tnrYru9ChXBRLJx8Z0pR+sjb0aApU0neTFs=,SIN_TEXTO_INTERNO,2
E14_PRE_15_088_002_00_13_004_5772_Mesa_4.pdf,IE MARIA INMACULADA,IsgFycs1oMkREJnDZwsoJaaBnURJ393Qc2udwNXIERE=,SIN_TEXTO_INTERNO,2
E14_PRE_15_088_002_00_13_005_5772_Mesa_5.pdf,IE MARIA INMACULADA,Bp76oIDneykftM+TbJizTT/fc3G9pPuzPq/RzsehINo=,SIN_TEXTO_INTERNO,2
E14_PRE_15_088_002_00_13_006_5772_Mesa_6.pdf,IE MARIA INMACULADA,6vmxbd9fxIexQjw6Lg+nVyda3zCoZz1yz3bYQ/YYlqs=,SIN_TEXTO_INTERNO,2
E14_PRE_15_088_002_00_13_007_5772_Mesa_7.pdf,IE MARIA INMACULADA,REn1j2zL3wNVhOdvaZPDse+zqvAFuBMqSUpe+iIvdMM=,SIN_TEXTO_INTERNO,2
E14_PRE_15_088_002_00_13_008_5772_Mesa_8.pdf,IE MARIA INMACULADA,5dmNNj9qaaQU6+YtNH2q/VMrVU4+bGIFdeloQOcdO6g=,SIN_TEXTO_INTERNO,2
E14_PRE_15_088_002_00_13_009_5772_Mesa_9.pdf,IE MARIA INMACULADA,AGRZwKmbc4YxPXrYyQAk93FABR3++CGwRVlGiIUeJls=,SIN_TEXTO_INTERNO,2
E14_PRE_15_088_002_00_13_010_5772_Mesa_10.pdf,IE MARIA INMACULADA,BaUi/UGvluSxUZrC+uIUD/KjbnLbOOy1pqowaTlJXTM=,SIN_TEXTO_INTERNO,2
E14_PRE_01_292_099_00_05_001_2120_Mesa_1.pdf,IE ORLANDO VELASQUEZ - ESCUELA PRIMARIA,qGxGg9hImdqgkMbp3/dPdqNT17vmjXubALEggorxyX4=,SIN_TEXTO_INTERNO,2
E14_PRE_01_292_099_00_05_002_2120_Mesa_2.pdf,IE ORLANDO VELASQUEZ - ESCUELA PRIMARIA,kgbRn4L0DOrBP+pF9IgDq4k2lW+uuqnDHUfUsllN1RQ=,SIN_TEXTO_INTERNO,2
E14_PRE_01_292_099_00_05_003_2120_Mesa_3.pdf,IE ORLANDO VELASQUEZ - ESCUELA PRIMARIA,Y8BbwK2RIMFXWZuNeYM7byrZ0uK5MCBJRVjfAevG18Q=,SIN_TEXTO_INTERNO,2
E14_PRE_01_292_099_00_05_004_2120_Mesa_4.pdf,IE ORLANDO VELASQUEZ - ESCUELA PRIMARIA,QETxgGyrKJ/W2L+czqs6IgFfb0v/HLhWXWbIQjKUrp0=,SIN_TEXTO_INTERNO,2
E14_PRE_01_292_099_00_05_005_2120_Mesa_5.pdf,IE ORLANDO VELASQUEZ - ESCUELA PRIMARIA,9jWxqRhaokgp5Rd7c33xg3heqRFashFcBYwc5JeBYNU=,SIN_TEXTO_INTERNO,2
E14_PRE_01_292_099_00_05_006_2120_Mesa_6.pdf,IE ORLANDO VELASQUEZ - ESCUELA PRIMARIA,P+FDiab06JPYooiTR3o9KpiRx9o/RC/9WZR01G/vpvk=,SIN_TEXTO_INTERNO,2
E14_PRE_15_247_006_06_11_001_5818_Mesa_1.pdf,IE RICAURTE SEDE ESPAÑA,eK8w5/pkZNW2gx56GUGRDtgLhiCx0eNRHRA9dcum8eo=,SIN_TEXTO_INTERNO,2
E14_PRE_15_247_006_06_11_002_5818_Mesa_2.pdf,IE RICAURTE SEDE ESPAÑA,L2a/I7mAsO1f0N9kz9cR0fPKEh86gc+Z4SZWLv9oWaE=,SIN_TEXTO_INTERNO,2
E14_PRE_15_247_006_06_11_003_5818_Mesa_3.pdf,IE RICAURTE SEDE ESPAÑA,MoiX0+H36BbDzsatSv3xm2e/9NdsCgO1ZD/5xjQ3ItY=,SIN_TEXTO_INTERNO,2
E14_PRE_15_247_006_06_11_004_5818_Mesa_4.pdf,IE RICAURTE SEDE ESPAÑA,PBmMAAsolubTD1iTh1SPMRwCQVcfsKnpwBwPx3le6Ns=,SIN_TEXTO_INTERNO,2
E14_PRE_15_247_006_06_11_005_5818_Mesa_5.pdf,IE RICAURTE SEDE ESPAÑA,ecT776ZQ9m3HAA1Va+w+6A+FFVfwOx1aUhzO0wgREMA=,SIN_TEXTO_INTERNO,2
E14_PRE_15_247_006_06_11_006_5818_Mesa_6.pdf,IE RICAURTE SEDE ESPAÑA,2eeQKRE2+HxsDP/z3zT/42aKBFtQ0q6ieO1VJ2y69Mo=,SIN_TEXTO_INTERNO,2
E14_PRE_15_247_006_06_11_007_5818_Mesa_7.pdf,IE RICAURTE SEDE ESPAÑA,JEjLOelQXSzRpefxyuxXBaPU0KgrHThVriOYI5RlTe8=,SIN_TEXTO_INTERNO,2
E14_PRE_15_247_006_06_11_008_5818_Mesa_8.pdf,IE RICAURTE SEDE ESPAÑA,bt0dKXlLGL2v8D6+0pm7Qm5XVxw7zce7hmxQHSa1ya0=,SIN_TEXTO_INTERNO,2
E14_PRE_15_247_006_06_11_009_5818_Mesa_9.pdf,IE RICAURTE SEDE ESPAÑA,qkAiHza7s/m52eIfHHgurB8H9akjyy7g75zmWgnSmyQ=,SIN_TEXTO_INTERNO,2
E14_PRE_15_247_006_06_11_010_5818_Mesa_10.pdf,IE RICAURTE SEDE ESPAÑA,DN2DVUD9sNPLybdTru4+0bm2aIpyEmnJfVFCL4CUcsE=,SIN_TEXTO_INTERNO,2
E14_PRE_15_247_006_06_11_011_5818_Mesa_11.pdf,IE RICAURTE SEDE ESPAÑA,mYeVvRw9wOD7DvfOiVsKf5aPCHM32sMYm4g9dm5C9cE=,SIN_TEXTO_INTERNO,2
E14_PRE_13_052_099_00_21_001_2437_Mesa_1.pdf,IE SAGRADO CORAZON DE JESUS - SEDE MIAMI,D4WMk5L7SnZkBFbtgFk//QyNQ60P/FxYPyrOz6KkjW0=,SIN_TEXTO_INTERNO,2
E14_PRE_11_088_001_00_01_001_5611_Mesa_1.pdf,IE SAN ANTONIO DE PADUA,gtGWTwUTLISLS3lSVO50zcaECqNHFZv6eSNUDsCqrSA=,SIN_TEXTO_INTERNO,2
E14_PRE_11_088_001_00_01_002_5611_Mesa_2.pdf,IE SAN ANTONIO DE PADUA,I9FpGREG9WBVn6o+J2oUR8n04oaWMSZBY+iM0JsbAaw=,SIN_TEXTO_INTERNO,2
E14_PRE_11_088_001_00_01_003_5611_Mesa_3.pdf,IE SAN ANTONIO DE PADUA,l1lnUgQdLbk3XWxutR/6UiKQqHyvFbXcmtAIoHmbxEw=,SIN_TEXTO_INTERNO,2
E14_PRE_11_088_001_00_01_004_5611_Mesa_4.pdf,IE SAN ANTONIO DE PADUA,KaMgDspvOqobdU9dNVvq44ZqCLUxp9xZ8C//4c/nVQ8=,SIN_TEXTO_INTERNO,2
E14_PRE_11_088_001_00_01_005_5611_Mesa_5.pdf,IE SAN ANTONIO DE PADUA,MqjLubVZ+51yaSsdLX70Uo7UOoSiFQsP5WLuBcFPl+I=,SIN_TEXTO_INTERNO,2
E14_PRE_11_088_001_00_01_006_5611_Mesa_6.pdf,IE SAN ANTONIO DE PADUA,hPPPB+zH1OxODqrCCqKZdjmExAXEyVkfQ7TU6Xn0rkM=,SIN_TEXTO_INTERNO,2
E14_PRE_11_088_001_00_01_007_5611_Mesa_7.pdf,IE SAN ANTONIO DE PADUA,/QbatYotPXFGUXh0JSxz9y29/Z3GzWx6FG8EXOS0lMM=,SIN_TEXTO_INTERNO,2
E14_PRE_11_088_001_00_01_008_5611_Mesa_8.pdf,IE SAN ANTONIO DE PADUA,u3dJdvAjxC16XvErtf7GmAhDkerizB4bQo5vBO91/bI=,SIN_TEXTO_INTERNO,2
E14_PRE_11_088_001_00_01_009_5611_Mesa_9.pdf,IE SAN ANTONIO DE PADUA,rAkfcONSf9TErSIIY5/0sznKqcJk1zET5rcC+QFPttw=,SIN_TEXTO_INTERNO,2
E14_PRE_11_088_001_00_01_010_5611_Mesa_10.pdf,IE SAN ANTONIO DE PADUA,ruzAn7EDHWRW+yJ3YoDzREx1aKV81+RC4+7AAh0VktE=,SIN_TEXTO_INTERNO,2
E14_PRE_11_088_001_00_01_011_5611_Mesa_11.pdf,IE SAN ANTONIO DE PADUA,l9W64QdUQNHlPnI2yMYYEMDbUaROq4OKusRtinlA5/k=,SIN_TEXTO_INTERNO,2
E14_PRE_11_088_001_00_01_012_5611_Mesa_12.pdf,IE SAN ANTONIO DE PADUA,1XJZqoKaXLLHjl3SUjOOy0YIwUEDxO/j4K4CSRWTC4w=,SIN_TEXTO_INTERNO,2
E14_PRE_11_088_001_00_01_013_5611_Mesa_13.pdf,IE SAN ANTONIO DE PADUA,OU1PbECSTUKia43vcS4TnPpvwELW2c8uxRKVWeTrGZM=,SIN_TEXTO_INTERNO,2
E14_PRE_11_088_001_00_01_014_5611_Mesa_14.pdf,IE SAN ANTONIO DE PADUA,EvCLsAoiZFJsXbuGaGnZbEl+AcTOsfKnWs2HuPOYVVA=,SIN_TEXTO_INTERNO,2
E14_PRE_11_088_001_00_01_015_5611_Mesa_15.pdf,IE SAN ANTONIO DE PADUA,9TeuBffxpstRX8h5VuaAQWkBYyI86v88ycsdAgU/YyQ=,SIN_TEXTO_INTERNO,2
E14_PRE_11_088_001_00_01_016_5611_Mesa_16.pdf,IE SAN ANTONIO DE PADUA,jqe+SerjMQgFu9q4S0vDhBI+eR9zx7Lcc4rtOjURd8Y=,SIN_TEXTO_INTERNO,2
E14_PRE_11_088_001_00_01_017_5611_Mesa_17.pdf,IE SAN ANTONIO DE PADUA,KmQ2dudW8Ass3RuZJYRy7ABM7VYm/ZTcI3MQE8LyE5k=,SIN_TEXTO_INTERNO,2
E14_PRE_11_088_001_00_01_018_5611_Mesa_18.pdf,IE SAN ANTONIO DE PADUA,rbPDugnJuvtHbzOs9wji0BFvr+aJFd65jixEmw/eoe0=,SIN_TEXTO_INTERNO,2
E14_PRE_11_088_001_00_01_019_5611_Mesa_19.pdf,IE SAN ANTONIO DE PADUA,afXJvrxwr5wz1tQ6ex7i95oy2KwGpCn7PAg0OkXdI/s=,SIN_TEXTO_INTERNO,2
E14_PRE_15_088_001_00_03_001_5772_Mesa_1.pdf,IED JARDIN SOCIAL SERREZUELITA,gIq7d88MIVfHhyPw3tsYPeLTvAxDQKpyoUm93AyAhIg=,SIN_TEXTO_INTERNO,2
E14_PRE_15_088_001_00_03_002_5772_Mesa_2.pdf,IED JARDIN SOCIAL SERREZUELITA,rbddKUDxNwxjhcqrDng5/H5C69gfBwGouLWalxPrc7k=,SIN_TEXTO_INTERNO,2
E14_PRE_15_088_001_00_03_003_5772_Mesa_3.pdf,IED JARDIN SOCIAL SERREZUELITA,DV8aM0W8Z7Zr2gvtGJdSQaoT+pQHGA/3DCeDFvAWOFY=,SIN_TEXTO_INTERNO,2
E14_PRE_15_088_001_00_03_004_5772_Mesa_4.pdf,IED JARDIN SOCIAL SERREZUELITA,YH81c3+amRw4rKyNnpvtgop+D+fMfvXqrmBBx/Hg2MM=,SIN_TEXTO_INTERNO,2
E14_PRE_15_088_001_00_03_005_5772_Mesa_5.pdf,IED JARDIN SOCIAL SERREZUELITA,i56eWxcN0yFygI1SRrvWt/fgvqtmpqpGAlmLxw56Ujk=,SIN_TEXTO_INTERNO,2
E14_PRE_15_088_001_00_03_006_5772_Mesa_6.pdf,IED JARDIN SOCIAL SERREZUELITA,Z/aX9saCoehWpgDXkEV/ymJl5XKk7CR+/UqFERz7gOY=,SIN_TEXTO_INTERNO,2
E14_PRE_15_088_001_00_03_007_5772_Mesa_7.pdf,IED JARDIN SOCIAL SERREZUELITA,sSXs7U1I67d7lPtoLP4zHfZgjzWnhcD1GjB3dRoQGtU=,SIN_TEXTO_INTERNO,2
E14_PRE_15_088_001_00_03_008_5772_Mesa_8.pdf,IED JARDIN SOCIAL SERREZUELITA,lfpaQme5M+wisQy4TG+jgyNLFqg7kfNdz2GSsYprLi0=,SIN_TEXTO_INTERNO,2
E14_PRE_16_001_018_18_61_001_6088_Mesa_1.pdf,INSTITUTO SAN ANTONIO DE PADUA,bgHk5MZ0oSlMWx4/edrTV9ZnIvt1qhfwSUTl1FbJFDU=,SIN_TEXTO_INTERNO,2
E14_PRE_15_160_001_00_08_001_5796_Mesa_1.pdf,JARDIN INFANTIL CAMPO DE ILUSIONES,XjmlBXwWRT5/f90NzuKYNBJWNt01xywJRWDgzkjbYtc=,SIN_TEXTO_INTERNO,2
E14_PRE_15_160_001_00_08_002_5796_Mesa_2.pdf,JARDIN INFANTIL CAMPO DE ILUSIONES,6oAzc6OvkMWRewFYbZqslEeYyHX4M8GNeI9c7XMu+Zw=,SIN_TEXTO_INTERNO,2
E14_PRE_15_160_001_00_08_003_5796_Mesa_3.pdf,JARDIN INFANTIL CAMPO DE ILUSIONES,ep8i3tGS/VYHOvX0e0BHmibd26fqqFaw18EgbuYrJNU=,SIN_TEXTO_INTERNO,2
E14_PRE_15_160_001_00_08_004_5796_Mesa_4.pdf,JARDIN INFANTIL CAMPO DE ILUSIONES,CkuGWdwneZcaLJRmgvfHspUTfmCUA4s35exjMpfQ9VY=,SIN_TEXTO_INTERNO,2
E14_PRE_15_160_001_00_08_005_5796_Mesa_5.pdf,JARDIN INFANTIL CAMPO DE ILUSIONES,P7M5U4hOvnE8CxmH7A5nwWN57cKl2N5xj2981Yc/4Fg=,SIN_TEXTO_INTERNO,2
E14_PRE_15_160_001_00_08_006_5796_Mesa_6.pdf,JARDIN INFANTIL CAMPO DE ILUSIONES,m7/ha+rZJhN8i0yvUqD5Pe59S61ioSud/w/aLOufPH8=,SIN_TEXTO_INTERNO,2
E14_PRE_15_088_002_00_12_001_5776_Mesa_1.pdf,JARDIN INFANTIL LA AURORA,n6N64BtsMk7xpgJkXpfgSOlk90rqEd+CJc2q688kylU=,SIN_TEXTO_INTERNO,2
E14_PRE_15_088_002_00_12_002_5776_Mesa_2.pdf,JARDIN INFANTIL LA AURORA,5CvSONIdkaH8fopfsd4IOdAkg86y0CMozpXsXt1vwJs=,SIN_TEXTO_INTERNO,2
E14_PRE_15_088_002_00_12_003_5776_Mesa_3.pdf,JARDIN INFANTIL LA AURORA,jEpKWGKXy5KvQY/WvNpFRR+nSTOAm8u2eZ4vqAKYFJc=,SIN_TEXTO_INTERNO,2
E14_PRE_15_088_002_00_11_001_5776_Mesa_1.pdf,JARDIN INFANTIL VILLA PAUL,VbzP+6ulZ9VM2v5YwEqpYAV3vPt5i4feGIiEvPp2zu8=,SIN_TEXTO_INTERNO,2
E14_PRE_15_088_002_00_11_002_5776_Mesa_2.pdf,JARDIN INFANTIL VILLA PAUL,E5jiywZjKJIj9+4TmnIt4AM0ZQfWdKMar3i00wap160=,SIN_TEXTO_INTERNO,2
E14_PRE_15_088_002_00_11_003_5776_Mesa_3.pdf,JARDIN INFANTIL VILLA PAUL,Gg7PQSI0EeEKKFxM/2OdIP4Q/WDs2tkM3230NV3UWwY=,SIN_TEXTO_INTERNO,2
E14_PRE_15_088_002_00_11_004_5776_Mesa_4.pdf,JARDIN INFANTIL VILLA PAUL,UYmkt19cpXXag2oy0Oq3FneeBeKuYptx3WmFWk4dFBk=,SIN_TEXTO_INTERNO,2
E14_PRE_15_088_002_00_11_005_5776_Mesa_5.pdf,JARDIN INFANTIL VILLA PAUL,aZzz+AF3r998a14uC14G66Fb9Y+jvY2DHrcSk7uogZU=,SIN_TEXTO_INTERNO,2
E14_PRE_11_088_099_00_09_001_5611_Mesa_1.pdf,LA CABAÑA,rGrtzE19dTrDbl1HTbQ97SGq/ry1EWQ8V6HjZoq+Vos=,SIN_TEXTO_INTERNO,2
E14_PRE_11_088_099_00_09_002_5611_Mesa_2.pdf,LA CABAÑA,EvmU6esCfOv13v4Bsmc80IAU+FgW9eTNxEAjZmpNldU=,SIN_TEXTO_INTERNO,2
E14_PRE_11_088_099_00_09_003_5611_Mesa_3.pdf,LA CABAÑA,S03+F7/7QWFp2TXXkhy5BkNdfyrAsXQZr7zL9y4lPMU=,SIN_TEXTO_INTERNO,2
E14_PRE_11_088_099_00_21_001_5612_Mesa_1.pdf,LA CHORRERA (LAS PIEDRAS),XhB2PfAt6KxYtk44oQ7DLE2NlVy2UglGurxGR8fUVII=,SIN_TEXTO_INTERNO,2
E14_PRE_11_088_099_00_21_002_5612_Mesa_2.pdf,LA CHORRERA (LAS PIEDRAS),67BbK7xjFLp0sopVQVI7wAtTuKuDG5fv8sG6JubtqVk=,SIN_TEXTO_INTERNO,2
E14_PRE_11_088_099_00_21_003_5612_Mesa_3.pdf,LA CHORRERA (LAS PIEDRAS),sSsW51EyIoe43KMKahx4J7t40KGPZtIdU5xBFkzhC6Q=,SIN_TEXTO_INTERNO,2
E14_PRE_31_088_099_00_06_001_2976_Mesa_1.pdf,LA CUCHILLA,MI+SZBEiN7mrAXioSM1bXrEttcFGRNR3WXBF3jyn/xQ=,SIN_TEXTO_INTERNO,2
E14_PRE_31_088_099_00_06_002_2976_Mesa_2.pdf,LA CUCHILLA,lIRA3QVkQe3jkVdn41CGlT4w/6VeWiV9TMW9i1WK2Qs=,SIN_TEXTO_INTERNO,2
E14_PRE_25_088_099_00_20_001_2769_Mesa_1.pdf,LA LAGUNA,dfC1yPXBmHgN+6oFpt4cqQGxcrx9YIQMLjFV5TnKhHs=,SIN_TEXTO_INTERNO,2
E14_PRE_25_088_099_00_20_002_2769_Mesa_2.pdf,LA LAGUNA,ioKHm/7cvI1/bJRT+1vJPEjRtDVR+wRUvduMJGzaj34=,SIN_TEXTO_INTERNO,2
E14_PRE_23_088_099_00_60_001_2694_Mesa_1.pdf,LA LOMA,ZinFk9CBWFGp1CwYjoNvYaprEcFazuHmVaJbILdWwAw=,SIN_TEXTO_INTERNO,2
E14_PRE_31_088_099_00_08_001_2976_Mesa_1.pdf,LA ZULIA,l38DH+liUq+q2kTGMzEenD7ZtBjUO65G1fY3OLp5PIU=,SIN_TEXTO_INTERNO,2
E14_PRE_31_088_099_00_08_002_2976_Mesa_2.pdf,LA ZULIA,XSucReV9RgmYl6FyDDPq9Q1NSzGjDYutHdff8j54Z0Y=,SIN_TEXTO_INTERNO,2
E14_PRE_11_088_099_00_17_001_5612_Mesa_1.pdf,LAS CRUCES,ue/SjXDha0xNY44Pvvi/hBz9mgokMVsWL580unt8lTQ=,SIN_TEXTO_INTERNO,2
E14_PRE_11_088_099_00_17_002_5612_Mesa_2.pdf,LAS CRUCES,+IKHlMUrYRp9j2gwJLB/tDrH+zGZVzQV0uWEWwgGSXo=,SIN_TEXTO_INTERNO,2
E14_PRE_11_088_099_00_17_003_5612_Mesa_3.pdf,LAS CRUCES,3Pk9PKRE7G6l6rlxdQz89BjbalAXM5+JolmcMBos8fc=,SIN_TEXTO_INTERNO,2
E14_PRE_23_088_099_00_07_001_2694_Mesa_1.pdf,LAS LAJAS,w5r7p7Z/UZVxGzPHFC0XXNGuokkVa8p8n+GCvxinUws=,SIN_TEXTO_INTERNO,2
E14_PRE_23_088_099_00_07_002_2694_Mesa_2.pdf,LAS LAJAS,/mTCRkMJ0IWda+ht4dh5Nszh2taneLq7HI/T6naODLg=,SIN_TEXTO_INTERNO,2
E14_PRE_11_088_099_00_18_001_5612_Mesa_1.pdf,LAS PIEDRAS,h8CoEvYNuVeh1zLyl4B7kKifti68YkXE277N3GqgNgM=,SIN_TEXTO_INTERNO,2
E14_PRE_11_088_099_00_18_002_5612_Mesa_2.pdf,LAS PIEDRAS,+IDQRwVt7AKyELAPmc3ILCig+4Q4w54MOcnHe62B1Gk=,SIN_TEXTO_INTERNO,2
E14_PRE_15_160_001_00_05_001_5796_Mesa_1.pdf,LICEO HACIENDA CASABLANCA,VrjKB0ZQAMR2yKG/Qlvixuh4Q/ZJRgaoMRzBWVZ28KI=,SIN_TEXTO_INTERNO,2
E14_PRE_15_160_001_00_05_002_5796_Mesa_2.pdf,LICEO HACIENDA CASABLANCA,+QhbNQOlIoXI4NqcEjGgTT5kQQQG/Mu/xvSN9T9yBj0=,SIN_TEXTO_INTERNO,2
E14_PRE_15_160_001_00_05_003_5796_Mesa_3.pdf,LICEO HACIENDA CASABLANCA,sPWYWKmycBm2UBQhcgqa8ZfOByMfjEpiEEhZsbF/Brk=,SIN_TEXTO_INTERNO,2
E14_PRE_15_160_001_00_05_004_5796_Mesa_4.pdf,LICEO HACIENDA CASABLANCA,RN/ePH0H86BJpMRi33NJ6ls65NZ1tmH0n72EtFs0YPw=,SIN_TEXTO_INTERNO,2
E14_PRE_15_160_001_00_05_005_5796_Mesa_5.pdf,LICEO HACIENDA CASABLANCA,etpdRh3nxKWA3gk9ChuIVrJuivgXcRPmA1seiCgffMo=,SIN_TEXTO_INTERNO,2
E14_PRE_15_160_001_00_05_006_5796_Mesa_6.pdf,LICEO HACIENDA CASABLANCA,rwP95MlHymmGV71alStuRomu4dqo9x/MZMfGaA34TQU=,SIN_TEXTO_INTERNO,2
E14_PRE_15_160_001_00_05_007_5796_Mesa_7.pdf,LICEO HACIENDA CASABLANCA,UpscQ3a4ey9h1IDMRuFw0T6okUn2uTO6HpNun65Aa3w=,SIN_TEXTO_INTERNO,2
E14_PRE_15_160_001_00_05_008_5796_Mesa_8.pdf,LICEO HACIENDA CASABLANCA,ncJ/MJ6NMDsRjr+kHxcJRazDWb29YI5y20suLAwx1qg=,SIN_TEXTO_INTERNO,2
E14_PRE_15_160_001_00_05_009_5796_Mesa_9.pdf,LICEO HACIENDA CASABLANCA,NGDbS4JwN5AyzWog0CW7XFzMWqAb1YDrGqaXJ+klF98=,SIN_TEXTO_INTERNO,2
E14_PRE_15_160_001_00_05_010_5796_Mesa_10.pdf,LICEO HACIENDA CASABLANCA,Tyzapo4vrKcLtQUdA00aFf9GKLskeAsajaWzbQhrww0=,SIN_TEXTO_INTERNO,2
E14_PRE_15_160_001_00_05_011_5796_Mesa_11.pdf,LICEO HACIENDA CASABLANCA,pEeIM8uSWSNFWv0x0jjRsADJaq/iEpyMkotsKXAuDbg=,SIN_TEXTO_INTERNO,2
E14_PRE_15_160_001_00_05_012_5796_Mesa_12.pdf,LICEO HACIENDA CASABLANCA,x0/xf9KiceTyYbL+JAYbFpNwZibzvI2EIv1r08KW1nY=,SIN_TEXTO_INTERNO,2
E14_PRE_15_160_001_00_05_013_5796_Mesa_13.pdf,LICEO HACIENDA CASABLANCA,hDcm3Zvb5zQzf8ae5ZqK5Nh26EX7gtCZbSoE7dCvtRc=,SIN_TEXTO_INTERNO,2
E14_PRE_15_160_001_00_05_014_5796_Mesa_14.pdf,LICEO HACIENDA CASABLANCA,xBHmLhSro6dI8YtUls1G8J89UHwSP4rwoRrxHgaaOpY=,SIN_TEXTO_INTERNO,2
E14_PRE_15_160_001_00_05_015_5796_Mesa_15.pdf,LICEO HACIENDA CASABLANCA,t7vkNs7x/WFUD7E4TPDCDScweWHg7I7UQ7GWQ4Q05/8=,SIN_TEXTO_INTERNO,2
E14_PRE_15_160_001_00_05_016_5796_Mesa_16.pdf,LICEO HACIENDA CASABLANCA,PkpGRjEK6VV0balH3lj7IHygdErNo2/QyAk8N9ilb24=,SIN_TEXTO_INTERNO,2
E14_PRE_15_160_001_00_05_017_5796_Mesa_17.pdf,LICEO HACIENDA CASABLANCA,47byy9qDdtoPJ3FPYCSapH+2Ow7G9A5Bo838POua2ww=,SIN_TEXTO_INTERNO,2
E14_PRE_21_001_005_02_01_001_6180_Mesa_1.pdf,LICEO SAMARIO SD.2 BAV.BOSTON,jkL+eA4ifwsr8DDCkvJX/Tw2nzDmyIq3noavbGpa6Ck=,SIN_TEXTO_INTERNO,2
E14_PRE_21_001_005_02_01_002_6180_Mesa_2.pdf,LICEO SAMARIO SD.2 BAV.BOSTON,iB+sX0fvRU9qe8CiOA1cCv6kTA52xUYvr2A1QXO1pdY= | 16972545,SIN_TEXTO_INTERNO,2
E14_PRE_21_001_005_02_01_003_6180_Mesa_3.pdf,LICEO SAMARIO SD.2 BAV.BOSTON,juMXkLhGPupBIdUdftlpKZ3UPLe8TbTYCVClmBVIVA8=,SIN_TEXTO_INTERNO,2
E14_PRE_21_001_005_02_01_004_6180_Mesa_4.pdf,LICEO SAMARIO SD.2 BAV.BOSTON,BzyqBtDpPU6Wz0WRcu+7Wk1IclyztSdNhpJH34hq1jU=,SIN_TEXTO_INTERNO,2
E14_PRE_21_001_005_02_01_005_6180_Mesa_5.pdf,LICEO SAMARIO SD.2 BAV.BOSTON,P00OoYLjyU369ssOW5wnl+5+WZ/Djw2Ip9XPrP7IzYg=,SIN_TEXTO_INTERNO,2
E14_PRE_21_001_005_02_01_006_6180_Mesa_6.pdf,LICEO SAMARIO SD.2 BAV.BOSTON,pQnCZ3vAMI4A88pdnlOy6A+jsIrv2reZ9ekFcVNEU4I=,SIN_TEXTO_INTERNO,2
E14_PRE_21_001_005_02_01_007_6180_Mesa_7.pdf,LICEO SAMARIO SD.2 BAV.BOSTON,ShvPwUpNjLa4/XiKvKvgl7KjMBdJkHggoYLn4aUjhEs=,SIN_TEXTO_INTERNO,2
E14_PRE_21_001_005_02_01_008_6180_Mesa_8.pdf,LICEO SAMARIO SD.2 BAV.BOSTON,Y/FRBR7oM5KjiFGZ0RxVeVMN6xXIjFQAB4JbCcPXk2s=,SIN_TEXTO_INTERNO,2
E14_PRE_21_001_005_02_01_009_6180_Mesa_9.pdf,LICEO SAMARIO SD.2 BAV.BOSTON,3NjoBNzCp2JCst9xHnCT5R2KzNxjTK5R37X66hYPQR8=,SIN_TEXTO_INTERNO,2
E14_PRE_21_001_005_02_01_010_6180_Mesa_10.pdf,LICEO SAMARIO SD.2 BAV.BOSTON,J3T8z+hOGrUAapqZH88k2u9siqrZVK+0Ol17Asto484=,SIN_TEXTO_INTERNO,2
E14_PRE_21_001_005_02_01_011_6180_Mesa_11.pdf,LICEO SAMARIO SD.2 BAV.BOSTON,sxAKaDJUPygKNN2SL+FIWaqE+SWTtFMmtO1PO1Giuzg=,SIN_TEXTO_INTERNO,2
E14_PRE_21_001_005_02_01_012_6180_Mesa_12.pdf,LICEO SAMARIO SD.2 BAV.BOSTON,vh2De2vwAhfvnFZOesZqVe4RxWvjDLm3U3Uhp/AUY9k=,SIN_TEXTO_INTERNO,2
E14_PRE_21_001_005_02_01_013_6180_Mesa_13.pdf,LICEO SAMARIO SD.2 BAV.BOSTON,PUW4SNZyG1X0eRfTWBt0PW+GrE/rNI6BuTsH+QOVu0M=,SIN_TEXTO_INTERNO,2
E14_PRE_21_001_005_02_01_014_6180_Mesa_14.pdf,LICEO SAMARIO SD.2 BAV.BOSTON,0iyoT67qCEOnoVXOulnbCSvmGO97IBXHqG9gkwBsEuU=,SIN_TEXTO_INTERNO,2
E14_PRE_21_001_005_02_01_015_6180_Mesa_15.pdf,LICEO SAMARIO SD.2 BAV.BOSTON,e9+YcyYS3DisdaDdxzyVq7tpwCDCYG8Li5gs5pg6DFc=,SIN_TEXTO_INTERNO,2
E14_PRE_21_001_005_02_01_016_6180_Mesa_16.pdf,LICEO SAMARIO SD.2 BAV.BOSTON,4truMf/me1KWNLOyRYbb8F/fFEVqmApyIGtNWRKfHdk=,SIN_TEXTO_INTERNO,2
E14_PRE_11_025_099_00_44_001_5582_Mesa_1.pdf,LOS ANGELES,VTaxEBnDW43U1Pv3tY/0UCc6QT4UFGlXrFcpmyIgQ0M=,SIN_TEXTO_INTERNO,2
E14_PRE_11_025_099_00_44_002_5582_Mesa_2.pdf,LOS ANGELES,dwafEji2P37nd4Qi5NvL+/56b/KNzv9+L9uHlZkkXR8=,SIN_TEXTO_INTERNO,2
E14_PRE_11_025_099_00_44_003_5582_Mesa_3.pdf,LOS ANGELES,4iFWxMUc7IIOPXuYU0CQIXLBs8FFZFHM/d4b9pRJmUc=,SIN_TEXTO_INTERNO,2
E14_PRE_13_019_099_00_19_001_5702_Mesa_1.pdf,LOS ANGELES,8GEgudrYWunu1L4B36evg9dBbgJ11im+iuQ4HDy3HY0=,SIN_TEXTO_INTERNO,2
E14_PRE_13_019_099_00_19_002_5702_Mesa_2.pdf,LOS ANGELES,JSa2io5uaSVColRvjL9nMWgnY+j4ntpo+r4SjxUSAo0=,SIN_TEXTO_INTERNO,2
E14_PRE_16_001_016_16_39_001_6079_Mesa_1.pdf,LOS ANGELES,tGUNlDTEHcaWi3pfcK8xADnA4rkiSFDJ2vZBN3oBWxc=,SIN_TEXTO_INTERNO,2
E14_PRE_16_001_016_16_39_002_6079_Mesa_2.pdf,LOS ANGELES,+hGPTZ1lkQywlKUglM/Dt4ZqaQj3Wdu5CYNzZ97rMlY=,SIN_TEXTO_INTERNO,2
E14_PRE_16_001_016_16_39_003_6079_Mesa_3.pdf,LOS ANGELES,v8CSiebYRbU0ku9jbjUkT/NfOa1i9mKZ7A1/yYsGXis=,SIN_TEXTO_INTERNO,2
E14_PRE_16_001_016_16_39_004_6079_Mesa_4.pdf,LOS ANGELES,M/QzAmpH11wqiqpauuMg8dv230ftcejVLrit7hNx7WI=,SIN_TEXTO_INTERNO,2
E14_PRE_16_001_016_16_39_005_6079_Mesa_5.pdf,LOS ANGELES,5Hd0U4Koll+FpJlxIh2z7HrWDQnYcsCao3vAoCDpHkw=,SIN_TEXTO_INTERNO,2
E14_PRE_23_001_099_18_16_001_6244_Mesa_1.pdf,LOS ANGELES,RaYtpmf07WVeVwvKzVYQkwVmXPk7bjj4QZ3ZQ3sVfzc=,SIN_TEXTO_INTERNO,2
E14_PRE_23_001_099_18_16_002_6244_Mesa_2.pdf,LOS ANGELES,27l+bGFw94TH7qu0CVJmh+sB/QPDUDf2NIuQXjE79Hw=,SIN_TEXTO_INTERNO,2
E14_PRE_28_180_099_00_48_001_6532_Mesa_1.pdf,LOS ANGELES (CORRAL VIEJO),HLnO+7CEEs3klh8JyOuB89qFNHFdQF7Wn3gsR4AOLcY=,SIN_TEXTO_INTERNO,2
E14_PRE_28_180_099_00_48_002_6532_Mesa_2.pdf,LOS ANGELES (CORRAL VIEJO),kF5SVo7/vZDZcEa/W9Rjw3i1uwRdtV3cIbd2DHGgrA0=,SIN_TEXTO_INTERNO,2
E14_PRE_25_088_099_00_25_001_2769_Mesa_1.pdf,LOS RINCON,9hYvu90mPTZe86xXzdnkxOlIptrloKjA1pxJJUM9sZo=,SIN_TEXTO_INTERNO,2
E14_PRE_25_088_099_00_25_002_2769_Mesa_2.pdf,LOS RINCON,sj+NoDe/wjhRhWubXiQof2WUIi+jrJ5zrejd3Lrrtlk=,SIN_TEXTO_INTERNO,2
E14_PRE_05_028_099_21_41_001_5461_Mesa_1.pdf,MADRID,TZfKyFMY798lpTgxkM4JrR8/is1/F+42xBEqHOZUkOc=,SIN_TEXTO_INTERNO,2
E14_PRE_05_028_099_21_41_002_5461_Mesa_2.pdf,MADRID,9rWuR4AJQ+VAfEVqvotf/elPdo5cQzFLBOw9mkMBIUA=,SIN_TEXTO_INTERNO,2
E14_PRE_05_028_099_21_41_003_5461_Mesa_3.pdf,MADRID,nP4ijo6mrFgTjWBp+h6H5UnkZ+fDOEu5pmmExv5JGvE=,SIN_TEXTO_INTERNO,2
E14_PRE_05_028_099_21_41_004_5461_Mesa_4.pdf,MADRID,TT/LcXKFOXD3WNjaptJI0kex2VPEiL/B+Hi3+iH9ZJ0=,SIN_TEXTO_INTERNO,2
E14_PRE_31_088_099_00_09_001_2976_Mesa_1.pdf,MADRIGAL,Zvp912uAQjtbghnDHyWzMkYOAsqbmIzzJVsWVPr2Cds=,SIN_TEXTO_INTERNO,2
E14_PRE_23_088_099_00_05_001_2694_Mesa_1.pdf,NANSALVI,arZxvgsuxF//4bmg8uwtakgNCaE4ZJqR+zSaVC6B0Q0=,SIN_TEXTO_INTERNO,2
E14_PRE_23_088_099_00_05_002_2694_Mesa_2.pdf,NANSALVI,ZkdwdpDCKQcATUok7j1Vh5gFnZhWVmodkHXoyJaKspM=,SIN_TEXTO_INTERNO,2
E14_PRE_19_088_099_00_50_001_2624_Mesa_1.pdf,NARANJAL,3cUZsN5wKvVNWMbYeMAKNApQ9gBrIqULOhlBP6I2LQ8=,SIN_TEXTO_INTERNO,2
E14_PRE_19_088_099_00_50_002_2624_Mesa_2.pdf,NARANJAL,Zs/J/LjAVucuyypULrCnF01yOyPV1aer8nllLnBwsCA=,SIN_TEXTO_INTERNO,2
E14_PRE_19_088_099_00_50_003_2624_Mesa_3.pdf,NARANJAL,fQsVhNCJ3hlLzusm0M03w4NEPSUzyU4cLnCA3cAVY1U=,SIN_TEXTO_INTERNO,2
E14_PRE_19_088_099_00_50_004_2624_Mesa_4.pdf,NARANJAL,Weu7oq4KNPar2zvNab/u7wKbW9mYDIc9Ked3n1NOllI=,SIN_TEXTO_INTERNO,2
E14_PRE_19_088_099_00_50_005_2624_Mesa_5.pdf,NARANJAL,eQluJ+14Hbe7/tS1vpj0GruY6suEcQ5ZkyEio1BJQZI=,SIN_TEXTO_INTERNO,2
E14_PRE_16_001_007_07_11_001_5924_Mesa_1.pdf,ORLANDO HIGUITA,rh/svCUK2EznczQY6fsqP9FlJ1GW2jc1LfzTmWEiZEI=,SIN_TEXTO_INTERNO,2
E14_PRE_16_001_007_07_11_002_5924_Mesa_2.pdf,ORLANDO HIGUITA,V5lds6I+5ktGJutGXyMZE2lKlL8dFnLrBPzDTIYTi8M=,SIN_TEXTO_INTERNO,2
E14_PRE_16_001_007_07_11_003_5924_Mesa_3.pdf,ORLANDO HIGUITA,PJq4Hpmsfk/fveVCI/PkobOBKlnKjHRgz5WqS5BNz7U=,SIN_TEXTO_INTERNO,2
E14_PRE_16_001_007_07_11_004_5924_Mesa_4.pdf,ORLANDO HIGUITA,nsl+Pjv9GKG/yFNZdimN8xhbWdY9t2jY403R9uAQOi0=,SIN_TEXTO_INTERNO,2
E14_PRE_16_001_007_07_11_005_5924_Mesa_5.pdf,ORLANDO HIGUITA,OSJdGV/7AGLdekPkXxq77DkTjOnBBAlNuIqjwUPBgqQ=,SIN_TEXTO_INTERNO,2
E14_PRE_16_001_007_07_11_006_5924_Mesa_6.pdf,ORLANDO HIGUITA,G40ZrH4jpUjh0Z0KABnZLnw385WhaZB5mM/UDfjZgv8=,SIN_TEXTO_INTERNO,2
E14_PRE_16_001_007_07_11_007_5924_Mesa_7.pdf,ORLANDO HIGUITA,FpLFrP9/Y29z8ba1wP9DXWsDfZvtAXvZgXIki7aTeXQ=,SIN_TEXTO_INTERNO,2
E14_PRE_16_001_007_07_11_008_5924_Mesa_8.pdf,ORLANDO HIGUITA,Gk9V+g3FXyNrIeNEOWbDebqaI3J4WEHysyldCFQ8H/4=,SIN_TEXTO_INTERNO,2
E14_PRE_16_001_007_07_11_009_5924_Mesa_9.pdf,ORLANDO HIGUITA,OyKKsBkfo/z2aWtvSCc1VDAmpeK371iJFOCsppgYjTo=,SIN_TEXTO_INTERNO,2
E14_PRE_16_001_007_07_11_010_5924_Mesa_10.pdf,ORLANDO HIGUITA,ecV1x3NJBZEJf91hK2NRqfiuQv07LsMdEMBcWCaBTjo=,SIN_TEXTO_INTERNO,2
E14_PRE_16_001_007_07_11_011_5924_Mesa_11.pdf,ORLANDO HIGUITA,0HM1q2esdMUy47MFBxxShPInP9PkcStoN62Y7o71ks0=,SIN_TEXTO_INTERNO,2
E14_PRE_16_001_007_07_11_012_5924_Mesa_12.pdf,ORLANDO HIGUITA,DQsGm6VAV8AQ9rlveWHag1NXtkMnBGQtQslqxE5m8SQ=,SIN_TEXTO_INTERNO,2
E14_PRE_16_001_007_07_11_013_5924_Mesa_13.pdf,ORLANDO HIGUITA,AnJkGOrXIMVNa90NfntA+cx2Bxl9wA7bzo96I9aPXCU=,SIN_TEXTO_INTERNO,2
E14_PRE_16_001_007_07_11_014_5924_Mesa_14.pdf,ORLANDO HIGUITA,p/2GKo4JnfP6VjT47hUou1swOi31Q2cKF84ETuX9fyk=,SIN_TEXTO_INTERNO,2
E14_PRE_16_001_007_07_11_015_5924_Mesa_15.pdf,ORLANDO HIGUITA,cANuKVpTfamjhsIWkhAPGlIImQy89jACm2M0Z22EQ70=,SIN_TEXTO_INTERNO,2
E14_PRE_16_001_007_07_11_016_5924_Mesa_16.pdf,ORLANDO HIGUITA,mOw/FY6xf4NC81GRrutBIzlCD00bO21KW6+Ykh16qWQ=,SIN_TEXTO_INTERNO,2
E14_PRE_16_001_007_07_11_017_5924_Mesa_17.pdf,ORLANDO HIGUITA,gEc46dnwD6YO78UNtIdVggPGZw+Sw0BdLCLeGPp7Sh0=,SIN_TEXTO_INTERNO,2
E14_PRE_16_001_007_07_11_018_5924_Mesa_18.pdf,ORLANDO HIGUITA,Dy1O9Y0T1bTgXMzmXfBcQERUp7HCfb/luyAglmRfEBM=,SIN_TEXTO_INTERNO,2
E14_PRE_16_001_007_07_11_019_5924_Mesa_19.pdf,ORLANDO HIGUITA,nVWki8z72LoQGbhf6xkjSpouPTtTNFjl/TmDg5cE5E0=,SIN_TEXTO_INTERNO,2
E14_PRE_16_001_007_07_11_020_5924_Mesa_20.pdf,ORLANDO HIGUITA,2qAaOZrs3tT8GeC5nvMEsT92GIv7bae7SCSTsMXOYpI=,SIN_TEXTO_INTERNO,2
E14_PRE_16_001_007_07_11_021_5924_Mesa_21.pdf,ORLANDO HIGUITA,S6b7k3koms75rGeXLr+A7NRzDzIe64pFZlIUOOa4mRg=,SIN_TEXTO_INTERNO,2
E14_PRE_16_001_007_07_11_022_5924_Mesa_22.pdf,ORLANDO HIGUITA,zSyV0bwjOHQw60HjziM1QiRxATOMrsX4et9dTK605tU=,SIN_TEXTO_INTERNO,2
E14_PRE_16_001_007_07_11_023_5924_Mesa_23.pdf,ORLANDO HIGUITA,2Nl710eQSPqXby3Febvn+uZxgf0QgoUnmLheiaiVlxg=,SIN_TEXTO_INTERNO,2
E14_PRE_16_001_007_07_11_024_5924_Mesa_24.pdf,ORLANDO HIGUITA,OqyGhD0QxvQZDKbEn92I6GkA+tErLo0Bji5yNQhQZU4=,SIN_TEXTO_INTERNO,2
E14_PRE_16_001_007_07_11_025_5924_Mesa_25.pdf,ORLANDO HIGUITA,PdOXguqa2vaHrd3e2tZBUnVDEzgtYugi6M3cas9H5Xg=,SIN_TEXTO_INTERNO,2
E14_PRE_16_001_007_07_11_026_5924_Mesa_26.pdf,ORLANDO HIGUITA,5j6F/oAjgcIYG2vnpPRyWm3dWbZWpmxurR80VaKRQew=,SIN_TEXTO_INTERNO,2
E14_PRE_16_001_007_07_11_027_5924_Mesa_27.pdf,ORLANDO HIGUITA,FApEZu96hJvh9/xdIoQQ1B+V+R7sd3VaG6n+9jEk9PE=,SIN_TEXTO_INTERNO,2
E14_PRE_16_001_007_07_11_028_5924_Mesa_28.pdf,ORLANDO HIGUITA,Mg33Bm6pubOvHUX6qgmhS4phk0ufEKAxSaGdCxPr3+g=,SIN_TEXTO_INTERNO,2
E14_PRE_16_001_007_07_11_029_5924_Mesa_29.pdf,ORLANDO HIGUITA,EOiOwg6Mj2wXiyU4Th/2i/kfXUzpSfNjbpjYWsU+G9Y=,SIN_TEXTO_INTERNO,2
E14_PRE_16_001_007_07_11_030_5924_Mesa_30.pdf,ORLANDO HIGUITA,NhVtUbTo6KzAF48WMtwzuwV2vwwndddu/CXpHqS3S3A=,SIN_TEXTO_INTERNO,2
E14_PRE_16_001_007_07_11_031_5924_Mesa_31.pdf,ORLANDO HIGUITA,No/lSbQdiqfm8ayQjTXANdJ18/0n5nvnbeyne++fKRM=,SIN_TEXTO_INTERNO,2
E14_PRE_23_088_099_00_14_001_2694_Mesa_1.pdf,PAMPETA PIRAGUA,RFkGaEcrgjOkHEai9x0cgC6znug4EmgpVa69YJsWZy8=,SIN_TEXTO_INTERNO,2
E14_PRE_29_088_099_00_23_001_2931_Mesa_1.pdf,PARADERO CHIPALO,L2Abs4HZYCWv9GUddozcb2hgQ1a9NZspq0CRpLJJcDI=,SIN_TEXTO_INTERNO,2
E14_PRE_29_088_099_00_23_002_2931_Mesa_2.pdf,PARADERO CHIPALO,+VgNVXfD/Gu5zuO4Wy04y4EsR7P57XbTDb3VZr0EvPw=,SIN_TEXTO_INTERNO,2
E14_PRE_15_160_001_00_09_001_5795_Mesa_1.pdf,PARQUE DE LAS FLORES,dESbEjDodPel2YYweiGb6/tSREEIBA3FgaoH6cdBVEY=,SIN_TEXTO_INTERNO,2
E14_PRE_15_160_001_00_09_002_5795_Mesa_2.pdf,PARQUE DE LAS FLORES,86cWQUvwXmf2PazXKL5Q161nCUgULIE7PHByx6XXVbg=,SIN_TEXTO_INTERNO,2
E14_PRE_15_160_001_00_09_003_5795_Mesa_3.pdf,PARQUE DE LAS FLORES,JuwFN6WEVXUVgmb/xgpqPix0s1jniu/hcqnRVYZ8sj8=,SIN_TEXTO_INTERNO,2
E14_PRE_15_160_001_00_09_004_5795_Mesa_4.pdf,PARQUE DE LAS FLORES,7pDJjgNGYxr2Hj8LJEm97fONSfkZIW1BohndwAtwCqg=,SIN_TEXTO_INTERNO,2
E14_PRE_15_160_001_00_09_005_5795_Mesa_5.pdf,PARQUE DE LAS FLORES,TPUSAuGEkpSWaaisgXPOPtLmGfwi2t3JPE8Sgbj7d2s=,SIN_TEXTO_INTERNO,2
E14_PRE_15_160_001_00_09_006_5795_Mesa_6.pdf,PARQUE DE LAS FLORES,E1fT/HL7AZniSZuNj98mOvoiUwMIv/D/H50pNzdryJc=,SIN_TEXTO_INTERNO,2
E14_PRE_15_160_001_00_09_007_5795_Mesa_7.pdf,PARQUE DE LAS FLORES,qifq/36CcPWnkCrdQMllqkMhA/pP6gcik6GIM7mqQi0=,SIN_TEXTO_INTERNO,2
E14_PRE_15_160_001_00_09_008_5795_Mesa_8.pdf,PARQUE DE LAS FLORES,hmjDrwmi4pg+MrjdZDpE66PuOFAZ0zpOJJAjnUBy5bs=,SIN_TEXTO_INTERNO,2
E14_PRE_15_160_001_00_09_009_5795_Mesa_9.pdf,PARQUE DE LAS FLORES,+3iP/l8KiBHDxjfvarNDzwvGUAsNKXdjow7/7E0e6LE=,SIN_TEXTO_INTERNO,2
E14_PRE_31_088_099_00_13_001_2976_Mesa_1.pdf,PIEDRAS,nvANfuTifpVZaWhFvAtW2gyAkpJgIEpcHM2WkKGoB04=,SIN_TEXTO_INTERNO,2
E14_PRE_23_088_099_00_09_001_2694_Mesa_1.pdf,PIRAGUA,XChIJ9QmiaV/z5xTeVKjI54OGEHTwOGYYXf5EAu7edY=,SIN_TEXTO_INTERNO,2
E14_PRE_23_088_099_00_10_001_2694_Mesa_1.pdf,PLAYON,UgMzJJyyz6R7LIM5cMDDq88U2KaKCUUizQMft3nxnCQ=,SIN_TEXTO_INTERNO,2
E14_PRE_31_088_099_00_15_001_2976_Mesa_1.pdf,PORTUGAL,IAS8w06HeIi5m1s22puBWouuPwKkYQxD8Inb3DLM0o0=,SIN_TEXTO_INTERNO,2
E14_PRE_31_088_099_00_15_002_2976_Mesa_2.pdf,PORTUGAL,NeR/izHcXLd7okRxx5/BLJnyLdMLj2iBZ83lAlyRbZg=,SIN_TEXTO_INTERNO,2
E14_PRE_05_041_099_00_42_001_2169_Mesa_1.pdf,PUERTO ESPAÑA,x3yYuUeDTWPjz/zgdyz2mth8jFwksWDwFkcGLF57EZ4=,SIN_TEXTO_INTERNO,2
E14_PRE_31_019_099_15_13_001_6717_Mesa_1.pdf,PUERTO ESPAÑA,qrvCyUPN6U4EwIT71/3co1WhP7lIRVtmSmKWEpb3IIw=,SIN_TEXTO_INTERNO,2
E14_PRE_07_088_000_00_00_001_2229_Mesa_1.pdf,PUESTO CABECERA MUNICIPAL,TkRZ7rYb95CKKYdwKsaPIyVc+eI+0eF57RpuEyXcmfg=,SIN_TEXTO_INTERNO,2
E14_PRE_07_088_000_00_00_002_2229_Mesa_2.pdf,PUESTO CABECERA MUNICIPAL,fPe6s2ZkUwxSMgRjUA7M/jg5MCzKwORgW2BdO4TO/iA=,SIN_TEXTO_INTERNO,2
E14_PRE_07_088_000_00_00_003_2229_Mesa_3.pdf,PUESTO CABECERA MUNICIPAL,2jNtQmQgdIgfVuj+xlPPGic8hsZdXrlUA+aaO5YOJY8=,SIN_TEXTO_INTERNO,2
E14_PRE_07_088_000_00_00_004_2229_Mesa_4.pdf,PUESTO CABECERA MUNICIPAL,F7atZb9KJjE29VEh9zG9UMIiRk3RcIlml3CvH/7s6Qc=,SIN_TEXTO_INTERNO,2
E14_PRE_07_088_000_00_00_005_2229_Mesa_5.pdf,PUESTO CABECERA MUNICIPAL,e6MzLDlp75orI/r8mVb6Dt1bgevS4RoKq5roKKDef84=,SIN_TEXTO_INTERNO,2
E14_PRE_07_088_000_00_00_006_2229_Mesa_6.pdf,PUESTO CABECERA MUNICIPAL,L6Ic4UQs1nZWHZG5yHPqbVAIygfD31Msym6H1rPJ4Cw=,SIN_TEXTO_INTERNO,2
E14_PRE_07_088_000_00_00_007_2229_Mesa_7.pdf,PUESTO CABECERA MUNICIPAL,g/VJDo5teEkvroUZZQBx0EeXou4W9DH77kNUb/b2YJg=,SIN_TEXTO_INTERNO,2
E14_PRE_07_088_000_00_00_008_2229_Mesa_8.pdf,PUESTO CABECERA MUNICIPAL,Neu/Pmcu/EMyk+TGbegoSYvpRLkfFx4rXFvBkQqJk/k=,SIN_TEXTO_INTERNO,2
E14_PRE_07_088_000_00_00_009_2229_Mesa_9.pdf,PUESTO CABECERA MUNICIPAL,HRlMTvK1ksDdSaRFPFoqDmGcNDn2kmGfBFG0b9doGkw=,SIN_TEXTO_INTERNO,2
E14_PRE_07_088_000_00_00_010_2229_Mesa_10.pdf,PUESTO CABECERA MUNICIPAL,eCExLFSrh8UuXJ0QL2u1noNLELge+do6pi8hIxJeIac=,SIN_TEXTO_INTERNO,2
E14_PRE_07_088_000_00_00_011_2229_Mesa_11.pdf,PUESTO CABECERA MUNICIPAL,dQ2C9fPZ7nPYTcXL95jTl6SjDsn7WIn5Aj2sDwN54qo=,SIN_TEXTO_INTERNO,2
E14_PRE_07_088_000_00_00_012_2229_Mesa_12.pdf,PUESTO CABECERA MUNICIPAL,c1PW0kKdiTO8j92TFXKeNVThHviEmJhru7PTCpSrdo0=,SIN_TEXTO_INTERNO,2
E14_PRE_07_088_000_00_00_013_2229_Mesa_13.pdf,PUESTO CABECERA MUNICIPAL,qDCimsmzGIT7RihKijm4pJHWiXAR+R11anA4q+pYV/k=,SIN_TEXTO_INTERNO,2
E14_PRE_07_088_000_00_00_014_2229_Mesa_14.pdf,PUESTO CABECERA MUNICIPAL,ebbqKdep2w0jM5R0Dx4Nk0ihFHx1EDT5AJNfQukWkFA=,SIN_TEXTO_INTERNO,2
E14_PRE_07_088_000_00_00_016_2229_Mesa_16.pdf,PUESTO CABECERA MUNICIPAL,0wNJ7nnvNwl/KSAiQyWJKIro2k0eGFR4aPhJ3i7nY7A=,SIN_TEXTO_INTERNO,2
E14_PRE_07_088_000_00_00_017_2229_Mesa_17.pdf,PUESTO CABECERA MUNICIPAL,AaZiILXqs6H3dWhzFFLV/kHNBkjRyBBfnCwrncEU79w=,SIN_TEXTO_INTERNO,2
E14_PRE_19_088_000_00_00_001_2624_Mesa_1.pdf,PUESTO CABECERA MUNICIPAL,uW2XxQA4p+ZRg5yqqSOKpExXqMvarIUpxJa4paZWo2k=,SIN_TEXTO_INTERNO,2
E14_PRE_19_088_000_00_00_002_2624_Mesa_2.pdf,PUESTO CABECERA MUNICIPAL,38vUgSpoptpGPcwL/QKkmU9WBsVz3CTEmU+BJnAvPoU=,SIN_TEXTO_INTERNO,2
E14_PRE_19_088_000_00_00_003_2624_Mesa_3.pdf,PUESTO CABECERA MUNICIPAL,72H57g7+3N8AAD6quX27KQsYcpKOOlFvU2chJiesUNU=,SIN_TEXTO_INTERNO,2
E14_PRE_19_088_000_00_00_004_2624_Mesa_4.pdf,PUESTO CABECERA MUNICIPAL,8BWTrgNZNAhmXFC+vzcUjD5IdgLyGeGJxR3xHAtvhCk=,SIN_TEXTO_INTERNO,2
E14_PRE_19_088_000_00_00_005_2624_Mesa_5.pdf,PUESTO CABECERA MUNICIPAL,Qf2o5dww1xdzZjjj35PqnTDuUpSFgpYV9tcV6uT8PRk=,SIN_TEXTO_INTERNO,2
E14_PRE_19_088_000_00_00_006_2624_Mesa_6.pdf,PUESTO CABECERA MUNICIPAL,c67FUCMPdMpkHPhgIPhOLxILmVr7jIuBHIcarAaaQ9Q=,SIN_TEXTO_INTERNO,2
E14_PRE_19_088_000_00_00_007_2624_Mesa_7.pdf,PUESTO CABECERA MUNICIPAL,fsH00l8Vt1EI0z0G6eFnw5T0Tr27winc7v040Yd+5JI=,SIN_TEXTO_INTERNO,2
E14_PRE_19_088_000_00_00_008_2624_Mesa_8.pdf,PUESTO CABECERA MUNICIPAL,vMYjDxwVVZDq/l3o8Gx2ELDDwaaXGUN6jTBF6rqT1kk=,SIN_TEXTO_INTERNO,2
E14_PRE_19_088_000_00_00_009_2624_Mesa_9.pdf,PUESTO CABECERA MUNICIPAL,1W++e+gxWeyo7rL68psne3rp0cC5ksGDAhaqyURQsXo=,SIN_TEXTO_INTERNO,2
E14_PRE_19_088_000_00_00_010_2624_Mesa_10.pdf,PUESTO CABECERA MUNICIPAL,1/3FFOb66uQGjEPcgExoco9EqNDWuHda4E/HTkh43GI=,SIN_TEXTO_INTERNO,2
E14_PRE_19_088_000_00_00_011_2624_Mesa_11.pdf,PUESTO CABECERA MUNICIPAL,mEhoQ15H5fpzvnDriLlbMPkCEU+QqHfNY+IJ5/K7V0w=,SIN_TEXTO_INTERNO,2
E14_PRE_19_088_000_00_00_012_2624_Mesa_12.pdf,PUESTO CABECERA MUNICIPAL,zqk7BjVTjpu9Bndz3v8BZhZyVFX7w8Ylv6D32MOBpks=,SIN_TEXTO_INTERNO,2
E14_PRE_19_088_000_00_00_013_2624_Mesa_13.pdf,PUESTO CABECERA MUNICIPAL,xbNp4x4HCUYC2jRv7CtvZQcUDFPW1o+7l5mAa1iYWBM=,SIN_TEXTO_INTERNO,2
E14_PRE_19_088_000_00_00_014_2624_Mesa_14.pdf,PUESTO CABECERA MUNICIPAL,b8RW81hbn+2JMMxDjRrgGOlfzbaj9VMUGHQ7JGNO/cE=,SIN_TEXTO_INTERNO,2
E14_PRE_19_088_000_00_00_015_2624_Mesa_15.pdf,PUESTO CABECERA MUNICIPAL,QBfrVuf/ghFGXa9dHeWhaWyaMoYmJkoXITmnUmzdlSM=,SIN_TEXTO_INTERNO,2
E14_PRE_19_088_000_00_00_016_2624_Mesa_16.pdf,PUESTO CABECERA MUNICIPAL,h0yLljYGacHjMh5XeMouoGYuSO0U28D9+4eQPx6B0G4=,SIN_TEXTO_INTERNO,2
E14_PRE_19_088_000_00_00_017_2624_Mesa_17.pdf,PUESTO CABECERA MUNICIPAL,1ywlw+S5P8hsn8JNY/PNmHooMs2Dm2Ie3m9PRpsj+G8=,SIN_TEXTO_INTERNO,2
E14_PRE_19_088_000_00_00_018_2624_Mesa_18.pdf,PUESTO CABECERA MUNICIPAL,oe0qv0kQuLdlsuZy2ujOg45mPLmQ3FHauuOs7OTCKIU=,SIN_TEXTO_INTERNO,2
E14_PRE_19_088_000_00_00_019_2624_Mesa_19.pdf,PUESTO CABECERA MUNICIPAL,ZIOaIbJGtVXbw9cikvjZO0RibcUPC7hywPfFwzFk6mA=,SIN_TEXTO_INTERNO,2
E14_PRE_19_088_000_00_00_020_2624_Mesa_20.pdf,PUESTO CABECERA MUNICIPAL,yVdcHAiBOCpudRZ/njT3mvY8IvdVbCeAGP245310y7s=,SIN_TEXTO_INTERNO,2
E14_PRE_19_088_000_00_00_021_2624_Mesa_21.pdf,PUESTO CABECERA MUNICIPAL,pdjvrIjpbwn12VTTsu7KAPbKL6w2Vb7CigV3jwdJQdA=,SIN_TEXTO_INTERNO,2
E14_PRE_19_088_000_00_00_022_2624_Mesa_22.pdf,PUESTO CABECERA MUNICIPAL,w4Jnt1dhLrIYYW36KngerEY7LIo4/C2MC3EMYdOCLys=,SIN_TEXTO_INTERNO,2
E14_PRE_19_088_000_00_00_023_2624_Mesa_23.pdf,PUESTO CABECERA MUNICIPAL,ikQY+6VmRZLrna6MQHxr6hAyi5qXH18rNJSfFBx+NLo=,SIN_TEXTO_INTERNO,2
E14_PRE_19_088_000_00_00_024_2624_Mesa_24.pdf,PUESTO CABECERA MUNICIPAL,HByqaN9+C6Ftk69OCGnS4JHIoiDugFr+1GgsouBQOZk=,SIN_TEXTO_INTERNO,2
E14_PRE_19_088_000_00_00_025_2624_Mesa_25.pdf,PUESTO CABECERA MUNICIPAL,6zLsDMHnEzYMmGCjR4bSGBPvZxkGHYK54UZSEvyjJAQ=,SIN_TEXTO_INTERNO,2
E14_PRE_19_088_000_00_00_026_2624_Mesa_26.pdf,PUESTO CABECERA MUNICIPAL,IO8Q437gmqfQxSa8k6/pCoexGYLR3+ozlcBTFM6hT2w=,SIN_TEXTO_INTERNO,2
E14_PRE_19_088_000_00_00_027_2624_Mesa_27.pdf,PUESTO CABECERA MUNICIPAL,KH4eyDm1gRHeUh76tcQhCMUAEL7kdGqXQjDFjHFpE8U=,SIN_TEXTO_INTERNO,2
E14_PRE_19_088_000_00_00_028_2624_Mesa_28.pdf,PUESTO CABECERA MUNICIPAL,JrJp/VkEAi47vbCAImpc20EE1nvrgTFTZm3ktrMB5cA=,SIN_TEXTO_INTERNO,2
E14_PRE_19_088_000_00_00_029_2624_Mesa_29.pdf,PUESTO CABECERA MUNICIPAL,dOgU9d3jq3fq4564rMiIdBhFGBwygO3bBTbaakyGYaU=,SIN_TEXTO_INTERNO,2
E14_PRE_19_088_000_00_00_030_2624_Mesa_30.pdf,PUESTO CABECERA MUNICIPAL,VaAi/4YwDb7n/pBai/r1J0xglW3RNwDOU/9QWmgQt34=,SIN_TEXTO_INTERNO,2
E14_PRE_19_088_000_00_00_031_2624_Mesa_31.pdf,PUESTO CABECERA MUNICIPAL,hY//lP4TQi8FHVznIQjnozxE7Y44YMWeUkbYeI9qfVg=,SIN_TEXTO_INTERNO,2
E14_PRE_19_088_000_00_00_032_2624_Mesa_32.pdf,PUESTO CABECERA MUNICIPAL,XJEpmPDQB6eRx1qevcfg9BWhKn7vb09Y0PqvKFn6DzM=,SIN_TEXTO_INTERNO,2
E14_PRE_19_088_000_00_00_033_2624_Mesa_33.pdf,PUESTO CABECERA MUNICIPAL,+en+KItkKM3wk+GLP/xKiZY7ImPtUIo9TPXoV68dDCo=,SIN_TEXTO_INTERNO,2
E14_PRE_19_088_000_00_00_034_2624_Mesa_34.pdf,PUESTO CABECERA MUNICIPAL,88/p+8PHJDt9p79UY1TJt3WIA0p/5UZrv8wyR7Nv5N4=,SIN_TEXTO_INTERNO,2
E14_PRE_19_088_000_00_00_035_2624_Mesa_35.pdf,PUESTO CABECERA MUNICIPAL,0f6p12+350VZyb5FFbIGF4nCgnDML0HTyKp4uKWPdO4=,SIN_TEXTO_INTERNO,2
E14_PRE_19_088_000_00_00_036_2624_Mesa_36.pdf,PUESTO CABECERA MUNICIPAL,svN9QQKnJ+L8O2drfD6T6rTvm1d5+esP/7Ikmfp+WmI=,SIN_TEXTO_INTERNO,2
E14_PRE_19_088_000_00_00_037_2624_Mesa_37.pdf,PUESTO CABECERA MUNICIPAL,NdS7+NQothkNqRXDVvbco/TY/QjMNSrygK9ftYWXxGk=,SIN_TEXTO_INTERNO,2
E14_PRE_19_088_000_00_00_038_2624_Mesa_38.pdf,PUESTO CABECERA MUNICIPAL,aRApStnBlQ8WR3iY4jC7wEu2xQ4GTCxzQTLez9OG8J8=,SIN_TEXTO_INTERNO,2
E14_PRE_19_088_000_00_00_039_2624_Mesa_39.pdf,PUESTO CABECERA MUNICIPAL,U2UXkKUi7lUN226V2OAZO6l8PEO6oZ0z4USLHl7nskE=,SIN_TEXTO_INTERNO,2
E14_PRE_19_088_000_00_00_040_2624_Mesa_40.pdf,PUESTO CABECERA MUNICIPAL,Ik3T5luoLlFSM0Pyt3jwxZzhiS7TkchKWeuCD5oK448=,SIN_TEXTO_INTERNO,2
E14_PRE_19_088_000_00_00_041_2624_Mesa_41.pdf,PUESTO CABECERA MUNICIPAL,sFVX5e+3nBrK1M2P29nbPwLs1HiBzLKVVg5fouOMx20=,SIN_TEXTO_INTERNO,2
E14_PRE_19_088_000_00_00_042_2624_Mesa_42.pdf,PUESTO CABECERA MUNICIPAL,Fzy4PD8sg9oLEORI+nKEI2SkfQ0l2VLmiNRycDqwKT0=,SIN_TEXTO_INTERNO,2
E14_PRE_23_088_000_00_00_001_2694_Mesa_1.pdf,PUESTO CABECERA MUNICIPAL,7mashARUq9rs6oCdd7zJ7GEVhWPakwScY8k51ihx2hQ=,SIN_TEXTO_INTERNO,2
E14_PRE_23_088_000_00_00_002_2694_Mesa_2.pdf,PUESTO CABECERA MUNICIPAL,upEjHJn/O/142Kr66YqgvzJ7furapysD4LZtHT8CS6A=,SIN_TEXTO_INTERNO,2
E14_PRE_23_088_000_00_00_003_2694_Mesa_3.pdf,PUESTO CABECERA MUNICIPAL,ueL7S0BoP3FBar8M3FwuKGbgPelPhbE/T4D6lAUK3io=,SIN_TEXTO_INTERNO,2
E14_PRE_23_088_000_00_00_004_2694_Mesa_4.pdf,PUESTO CABECERA MUNICIPAL,4tKMH/rz8gx8A/1/+Y++POaypsME92N+T6bnotJZjZw=,SIN_TEXTO_INTERNO,2
E14_PRE_23_088_000_00_00_005_2694_Mesa_5.pdf,PUESTO CABECERA MUNICIPAL,w4jJcjFEEmklyRVeQytf/BSqe92lhxsO6daL2Y/5CPk=,SIN_TEXTO_INTERNO,2
E14_PRE_23_088_000_00_00_006_2694_Mesa_6.pdf,PUESTO CABECERA MUNICIPAL,+G0mmJDB1IGBDWM8pRZ8G8Rqanm9VyqPXBAbvPTzkqo=,SIN_TEXTO_INTERNO,2
E14_PRE_23_088_000_00_00_007_2694_Mesa_7.pdf,PUESTO CABECERA MUNICIPAL,Nw9xq1BAr7a6ouE5wsjbMXxMI+qkDY64V42MCyPH5pw=,SIN_TEXTO_INTERNO,2
E14_PRE_23_088_000_00_00_008_2694_Mesa_8.pdf,PUESTO CABECERA MUNICIPAL,6yIpXmUvp4gj+U/XgfpPhpk8GyFYGXBR0b2kbA3VviM=,SIN_TEXTO_INTERNO,2
E14_PRE_23_088_000_00_00_009_2694_Mesa_9.pdf,PUESTO CABECERA MUNICIPAL,EqIdHS6lURyVMRghxNS1Gmw7lxJL/msQXpSwFWGRtX4=,SIN_TEXTO_INTERNO,2
E14_PRE_23_088_000_00_00_010_2694_Mesa_10.pdf,PUESTO CABECERA MUNICIPAL,SMmi3hw/wnAHcOC7TpJACoU/rDnNxI7m9X85hdnpc3A=,SIN_TEXTO_INTERNO,2
E14_PRE_23_088_000_00_00_011_2694_Mesa_11.pdf,PUESTO CABECERA MUNICIPAL,ljSd7Wg2meSl75rWzfqz0TWfYPso8HXIeCMh1gVp5ek=,SIN_TEXTO_INTERNO,2
E14_PRE_25_088_000_00_00_001_2769_Mesa_1.pdf,PUESTO CABECERA MUNICIPAL,kkNalYAyouOD3HthItcCtoxjYFCInWnZfhGg7AL6XxU=,SIN_TEXTO_INTERNO,2
E14_PRE_25_088_000_00_00_002_2769_Mesa_2.pdf,PUESTO CABECERA MUNICIPAL,KvLt57ggqOClt3HDppLydL8IoP8r4CuIBD3r6pAVLRI=,SIN_TEXTO_INTERNO,2
E14_PRE_25_088_000_00_00_003_2769_Mesa_3.pdf,PUESTO CABECERA MUNICIPAL,oqHbWvo4fSTQTvAu85vsUIBaqVy3ylWp/sANhG3Nh4A=,SIN_TEXTO_INTERNO,2
E14_PRE_25_088_000_00_00_004_2769_Mesa_4.pdf,PUESTO CABECERA MUNICIPAL,sKNykGoCXublFwkgavsIqtz+7pAGhwgEiO7KnXeF0sk=,SIN_TEXTO_INTERNO,2
E14_PRE_25_088_000_00_00_005_2769_Mesa_5.pdf,PUESTO CABECERA MUNICIPAL,T9k0OH4sgMtXm1EzUY+GXfSSBM/ecS1sHay/ZOfa+lQ=,SIN_TEXTO_INTERNO,2
E14_PRE_25_088_000_00_00_006_2769_Mesa_6.pdf,PUESTO CABECERA MUNICIPAL,LokqSWC/z7tPzm23m4cV8D1AqOAqa+b0G47qxI1xk8w=,SIN_TEXTO_INTERNO,2
E14_PRE_25_088_000_00_00_007_2769_Mesa_7.pdf,PUESTO CABECERA MUNICIPAL,GaXmgcG5v4JlFX2pl1x/kRJQu9UZ6f9uTjxV7b6sXlc=,SIN_TEXTO_INTERNO,2
E14_PRE_25_088_000_00_00_008_2769_Mesa_8.pdf,PUESTO CABECERA MUNICIPAL,PdfqQsxSfWzRRun/BxxLhTGDSDK3O0d5DINZTKOqhpQ=,SIN_TEXTO_INTERNO,2
E14_PRE_27_088_000_00_00_001_2821_Mesa_1.pdf,PUESTO CABECERA MUNICIPAL,VYTyYj5HfeMSzbDy9pHo+UnKNa0gplTPsivRByShMUY=,SIN_TEXTO_INTERNO,2
E14_PRE_27_088_000_00_00_002_2821_Mesa_2.pdf,PUESTO CABECERA MUNICIPAL,BV2cBZ5JJwh1xZo79/2X6meQc7eTN4rrY7FrnwUY/Co=,SIN_TEXTO_INTERNO,2
E14_PRE_27_088_000_00_00_003_2821_Mesa_3.pdf,PUESTO CABECERA MUNICIPAL,pfmZ9ftLy4vC+QuZQ7kV0L0mef15ZbHW3ogk/J3N/ZQ=,SIN_TEXTO_INTERNO,2
E14_PRE_27_088_000_00_00_004_2821_Mesa_4.pdf,PUESTO CABECERA MUNICIPAL,LE/vXhqMDeJq812XVwlnpAfsAZcXPTCerY32/DEIPJg=,SIN_TEXTO_INTERNO,2
E14_PRE_27_088_000_00_00_005_2821_Mesa_5.pdf,PUESTO CABECERA MUNICIPAL,Za2DM27IyCeuXNGuDmbvvc5+1v3u7RDhpHgCaapUDmE=,SIN_TEXTO_INTERNO,2
E14_PRE_27_088_000_00_00_006_2821_Mesa_6.pdf,PUESTO CABECERA MUNICIPAL,YX7Rv9SsLzpJxirwTqPFfC0F++vhBoKRPVJgV+twPjQ=,SIN_TEXTO_INTERNO,2
E14_PRE_27_088_000_00_00_007_2821_Mesa_7.pdf,PUESTO CABECERA MUNICIPAL,8Lza7gSFEswRxVKIRPoC9MJziGoZux6j2V8QXWtW1BA=,SIN_TEXTO_INTERNO,2
E14_PRE_27_088_000_00_00_008_2821_Mesa_8.pdf,PUESTO CABECERA MUNICIPAL,5BKe1gKMNRCfHFyrJSkGP7cwndWL2CLq/2xnajDIGec=,SIN_TEXTO_INTERNO,2
E14_PRE_29_088_000_00_00_001_2931_Mesa_1.pdf,PUESTO CABECERA MUNICIPAL,RCjaCTiWWO0c1UvpmBB9DBJ2AOvdHvejeMD30NUGEsE=,SIN_TEXTO_INTERNO,2
E14_PRE_29_088_000_00_00_002_2931_Mesa_2.pdf,PUESTO CABECERA MUNICIPAL,Cme0FddCRzzxyUf+fuNNgdgz8NQtaUaODJThQWidwFw=,SIN_TEXTO_INTERNO,2
E14_PRE_29_088_000_00_00_003_2931_Mesa_3.pdf,PUESTO CABECERA MUNICIPAL,0fTgXQ6B4ZNpunvuTJE9bPvDOcvR8ScdJ0MnIg9x1ms=,SIN_TEXTO_INTERNO,2
E14_PRE_29_088_000_00_00_004_2931_Mesa_4.pdf,PUESTO CABECERA MUNICIPAL,7lVMgh8IYWCIU8Jfyf3Gzb55+nvP4fEUn00IQvsqxhY=,SIN_TEXTO_INTERNO,2
E14_PRE_29_088_000_00_00_005_2931_Mesa_5.pdf,PUESTO CABECERA MUNICIPAL,TTYcXpVcxB0qjaKVPmOyKmYmJGy5ZgTSX/de2UWWEcA=,SIN_TEXTO_INTERNO,2
E14_PRE_29_088_000_00_00_006_2931_Mesa_6.pdf,PUESTO CABECERA MUNICIPAL,TGPs4hRc422bmqc6lyLe2/sGiuMWGYU5ghQmvpDHIrk=,SIN_TEXTO_INTERNO,2
E14_PRE_29_088_000_00_00_007_2931_Mesa_7.pdf,PUESTO CABECERA MUNICIPAL,WNliskYriOCYgtkev/EbXk2iolVKBL909A1a/sInyZU=,SIN_TEXTO_INTERNO,2
E14_PRE_29_088_000_00_00_008_2931_Mesa_8.pdf,PUESTO CABECERA MUNICIPAL,fQyXQb/IewXl8hTlZUIat8vLXVd8dT7G5jLTyLoGQoc=,SIN_TEXTO_INTERNO,2
E14_PRE_29_088_000_00_00_009_2931_Mesa_9.pdf,PUESTO CABECERA MUNICIPAL,uAmiT6qrRTnUA34GNm/zL4p9ahq1noSddzIpfAmXp8Q=,SIN_TEXTO_INTERNO,2
E14_PRE_31_088_000_00_00_001_2976_Mesa_1.pdf,PUESTO CABECERA MUNICIPAL,uhmgJ6Y9lO5TDkXZc415OZwCU0zqR4waff/KBHf4UQM=,SIN_TEXTO_INTERNO,2
E14_PRE_31_088_000_00_00_002_2976_Mesa_2.pdf,PUESTO CABECERA MUNICIPAL,FP3S41hSOKmzUvo7aC8dsbrTU7vhw917nO3upyFSpiY=,SIN_TEXTO_INTERNO,2
E14_PRE_31_088_000_00_00_003_2976_Mesa_3.pdf,PUESTO CABECERA MUNICIPAL,cdM4g9xURKVGv0EVbH4AWw13rwN4XVQ7Ksp5YV5Iusg=,SIN_TEXTO_INTERNO,2
E14_PRE_31_088_000_00_00_004_2976_Mesa_4.pdf,PUESTO CABECERA MUNICIPAL,FdAA3Ifyfr0UMOcgafzRfITz7J30N/iTzi21ZoaJQYc=,SIN_TEXTO_INTERNO,2
E14_PRE_31_088_000_00_00_005_2976_Mesa_5.pdf,PUESTO CABECERA MUNICIPAL,H/v6rXTeNzdha5QPsmq0a0Y0kptlIeoJsGDtcwXlBI8=,SIN_TEXTO_INTERNO,2
E14_PRE_31_088_000_00_00_006_2976_Mesa_6.pdf,PUESTO CABECERA MUNICIPAL,JVvjKXH8WTpKxrdaRqFoz503+sN/2lyAczDLhrZJXYI=,SIN_TEXTO_INTERNO,2
E14_PRE_31_088_000_00_00_007_2976_Mesa_7.pdf,PUESTO CABECERA MUNICIPAL,7pQe7oILdaOCWw/+HKXHWBPLP+j/q3mXR5CLSsPZJEk=,SIN_TEXTO_INTERNO,2
E14_PRE_31_088_000_00_00_008_2976_Mesa_8.pdf,PUESTO CABECERA MUNICIPAL,ryVSa1FqDSSQ/jaDHQAAbvTlwPavRTq72Sug2VY4TBU=,SIN_TEXTO_INTERNO,2
E14_PRE_31_088_000_00_00_009_2976_Mesa_9.pdf,PUESTO CABECERA MUNICIPAL,lQiSgnQ+7p9zfkyU/RZb8yb7kPrdEYzu3v/WDRVVsDU=,SIN_TEXTO_INTERNO,2
E14_PRE_31_088_000_00_00_010_2976_Mesa_10.pdf,PUESTO CABECERA MUNICIPAL,Cj3g3oax2QEpQ9S87Af4uE2TIC+A/QgcOMDMjbkX3Ak=,SIN_TEXTO_INTERNO,2
E14_PRE_31_088_000_00_00_011_2976_Mesa_11.pdf,PUESTO CABECERA MUNICIPAL,moMPFMIkXmNfFtCi40FYvLiZ+SdHiQRXpKCpSyDi6oE=,SIN_TEXTO_INTERNO,2
E14_PRE_31_088_000_00_00_012_2976_Mesa_12.pdf,PUESTO CABECERA MUNICIPAL,T3eiun6ok3v+J3wQz5/JsNG+ZT/Jyj3saCAh+rdGVrQ=,SIN_TEXTO_INTERNO,2
E14_PRE_31_088_000_00_00_013_2976_Mesa_13.pdf,PUESTO CABECERA MUNICIPAL,PX65+sSZj5i8JIfljaLEceBK/lPval/cc4CNwztvIho=,SIN_TEXTO_INTERNO,2
E14_PRE_31_088_000_00_00_014_2976_Mesa_14.pdf,PUESTO CABECERA MUNICIPAL,SgnGS4xiQigb62QDqkHlE7thmV2JUASt3PC5Nv8SCPk=,SIN_TEXTO_INTERNO,2
E14_PRE_31_088_000_00_00_015_2976_Mesa_15.pdf,PUESTO CABECERA MUNICIPAL,OVkz/N1dUwOXkDgnhIs8EC6B+EIcr5durzxPuIlEB00=,SIN_TEXTO_INTERNO,2
E14_PRE_31_088_000_00_00_016_2976_Mesa_16.pdf,PUESTO CABECERA MUNICIPAL,WeLwOQPU70VY0rzzi3BRR6xDrBWBfEwqbi9LZL9wjow=,SIN_TEXTO_INTERNO,2
E14_PRE_31_088_000_00_00_017_2976_Mesa_17.pdf,PUESTO CABECERA MUNICIPAL,6WTPmsKi+uex+4zXxQFV6u+11DyKIVLJGnLzFXwL2Yo=,SIN_TEXTO_INTERNO,2
E14_PRE_31_088_000_00_00_018_2976_Mesa_18.pdf,PUESTO CABECERA MUNICIPAL,O/SSaezVZFuUtei4Udrpu8bcEB47ECex2WK/Cwy31+c=,SIN_TEXTO_INTERNO,2
E14_PRE_31_088_000_00_00_019_2976_Mesa_19.pdf,PUESTO CABECERA MUNICIPAL,jJ3yRO2KhpjUlH7WanLQ04Fklfb+RXeX1HylCyabZXE=,SIN_TEXTO_INTERNO,2
E14_PRE_31_088_000_00_00_020_2976_Mesa_20.pdf,PUESTO CABECERA MUNICIPAL,YATiUJQwpFppPSdRqQBW5gb6fvM/p6d71OhHUKIGGk4=,SIN_TEXTO_INTERNO,2
E14_PRE_31_088_000_00_00_021_2976_Mesa_21.pdf,PUESTO CABECERA MUNICIPAL,E73Cb44+TTILVZpK7tRombMQNsjLyU7D5aV4JK0vxp4=,SIN_TEXTO_INTERNO,2
E14_PRE_31_088_000_00_00_022_2976_Mesa_22.pdf,PUESTO CABECERA MUNICIPAL,61mQBpyvcQiG9x5rWY5GPoKlCDhmjXYjqtJtywZ8bRM=,SIN_TEXTO_INTERNO,2
E14_PRE_31_088_000_00_00_023_2976_Mesa_23.pdf,PUESTO CABECERA MUNICIPAL,Djvs2WG6ftVkjw9Ptcj9Kod7Dr0d4jgjiuaPWxRB5nE=,SIN_TEXTO_INTERNO,2
E14_PRE_56_004_000_00_00_001_3088_Mesa_1.pdf,PUESTO CABECERA MUNICIPAL,b5kTjBqgq4GkK1RUn6R7FAPttBzwbJJGuFi4+oCLu+M=,SIN_TEXTO_INTERNO,2
E14_PRE_56_004_000_00_00_002_3088_Mesa_2.pdf,PUESTO CABECERA MUNICIPAL,ujYfmeC9KvpQo7FIpIYRMTddRHdWNebL+ffub2vKgNc=,SIN_TEXTO_INTERNO,2
E14_PRE_56_004_000_00_00_003_3088_Mesa_3.pdf,PUESTO CABECERA MUNICIPAL,G+dk3arNam/87EAsq39zXDivrE0Gk3/aLBIQIRtaMO8=,SIN_TEXTO_INTERNO,2
E14_PRE_56_004_000_00_00_004_3088_Mesa_4.pdf,PUESTO CABECERA MUNICIPAL,pmZH8nyH7PM6HX7cIMlw3jBgd+2qtbRnXwHX09n5xEk=,SIN_TEXTO_INTERNO,2
E14_PRE_56_004_000_00_00_005_3088_Mesa_5.pdf,PUESTO CABECERA MUNICIPAL,Bjy4DyUAPgyluL11APiNltpG3+upN1bI9KcAea7li90=,SIN_TEXTO_INTERNO,2
E14_PRE_56_004_000_00_00_006_3088_Mesa_6.pdf,PUESTO CABECERA MUNICIPAL,pnu7UhVb2uFHF/8gVcy+eJp36IXnweJJB+XnET8VeJ8=,SIN_TEXTO_INTERNO,2
E14_PRE_56_004_000_00_00_007_3088_Mesa_7.pdf,PUESTO CABECERA MUNICIPAL,fL3Cpe7RiGXNdH9hvVH5R3noexxcxcR5RfRUH152v4k=,SIN_TEXTO_INTERNO,2
E14_PRE_56_004_000_00_00_008_3088_Mesa_8.pdf,PUESTO CABECERA MUNICIPAL,0PYpSCjbDr8zdHuA3Vax8kVXuu5Mp0+E1iTm9XTIWCU=,SIN_TEXTO_INTERNO,2
E14_PRE_56_004_000_00_00_009_3088_Mesa_9.pdf,PUESTO CABECERA MUNICIPAL,fNs15EGuXMSQihs0PQufyEfdDf/pX/G/TJv6x+IiVmU=,SIN_TEXTO_INTERNO,2
E14_PRE_56_004_000_00_00_010_3088_Mesa_10.pdf,PUESTO CABECERA MUNICIPAL,TI4HIBcoHuqD8qfYI+Hq5XqnkHiRqTVzqUgxgiIFPM0=,SIN_TEXTO_INTERNO,2
E14_PRE_56_004_000_00_00_011_3088_Mesa_11.pdf,PUESTO CABECERA MUNICIPAL,xb4Cf8Mu+b0oH6uPA5SDZVaNNZvhJG/HHls7JpSIOtk=,SIN_TEXTO_INTERNO,2
E14_PRE_56_004_000_00_00_012_3088_Mesa_12.pdf,PUESTO CABECERA MUNICIPAL,M6DSTcoE57z0B9YQ2BVGz2rueyfHmbPcg0K/3n9uDVo=,SIN_TEXTO_INTERNO,2
E14_PRE_56_004_000_00_00_013_3088_Mesa_13.pdf,PUESTO CABECERA MUNICIPAL,1nErN3CV8fKSmoXDSpyUdMKKr0pWhN03SbDd6/xYhRE=,SIN_TEXTO_INTERNO,2
E14_PRE_56_004_000_00_00_014_3088_Mesa_14.pdf,PUESTO CABECERA MUNICIPAL,rqp/Lco8O8v9VwkKlHfir475takfSE+rTC+YQx9PBMg=,SIN_TEXTO_INTERNO,2
E14_PRE_16_001_090_00_01_088_6118_Mesa_88.pdf,PUESTO CENSO(FERIA EXPOSICION),hxDsuIGZrYAhXMYxMy5mWgFTI/LAvmzYVvMM6wxXkrg=,SIN_TEXTO_INTERNO,2
E14_PRE_23_088_099_00_13_001_2694_Mesa_1.pdf,RICAURTE,c2dNz3116QkrUaa/hyYDMz1xt9ovuvr+5x6/C02r31U=,SIN_TEXTO_INTERNO,2
E14_PRE_15_160_001_00_03_001_5799_Mesa_1.pdf,SALON  COMUNAL  ALCAPARROS,ZV8AAW96k3441d6pqe9lZ7qHxSG0vfxl/hVyEw/hD1U=,SIN_TEXTO_INTERNO,2
E14_PRE_15_160_001_00_03_002_5799_Mesa_2.pdf,SALON  COMUNAL  ALCAPARROS,v+JOwe4714QQxQ4XEQ+BaswTkjGrq6brkWuH4AxEzmw=,SIN_TEXTO_INTERNO,2
E14_PRE_15_160_001_00_03_003_5799_Mesa_3.pdf,SALON  COMUNAL  ALCAPARROS,F8eYyRO57f4TDjNhhj2MRZXvD+gxyUAlixcaX8BezmE=,SIN_TEXTO_INTERNO,2
E14_PRE_15_160_001_00_03_004_5799_Mesa_4.pdf,SALON  COMUNAL  ALCAPARROS,YKeCOXGyP4lvlDKwyj1AUSWdVzgoNLMEC14VwTtI78Q=,SIN_TEXTO_INTERNO,2
E14_PRE_15_160_001_00_03_005_5799_Mesa_5.pdf,SALON  COMUNAL  ALCAPARROS,KdFBx5qhPCiW4Zdq8hWNFc6CaP5ussS3FLCv6GM1s5E=,SIN_TEXTO_INTERNO,2
E14_PRE_15_160_001_00_03_006_5799_Mesa_6.pdf,SALON  COMUNAL  ALCAPARROS,P5e+yl0cQIAU8RyRJJeQqvvu3geR6WmPeM6+0qi/9tg=,SIN_TEXTO_INTERNO,2
E14_PRE_15_160_001_00_03_007_5799_Mesa_7.pdf,SALON  COMUNAL  ALCAPARROS,64jFRU1acRhQzsxOmCRYbD5ldF4YqmLxsME55hUhn0A=,SIN_TEXTO_INTERNO,2
E14_PRE_15_160_001_00_03_008_5799_Mesa_8.pdf,SALON  COMUNAL  ALCAPARROS,XpCYath5li77q6a1bY+PeUNon1jcMlf302X2Xb4SLPc=,SIN_TEXTO_INTERNO,2
E14_PRE_31_088_099_00_17_001_2976_Mesa_1.pdf,SALONICA,pp4rXgBW7fAx2DH1gespVnlqqhw0r5vD5DD/tWVoUPc=,SIN_TEXTO_INTERNO,2
E14_PRE_31_088_099_00_17_002_2976_Mesa_2.pdf,SALONICA,2N7SAwLp0oqaehHJuucK+RRCK2RbOHD3vNT7eA7rACE=,SIN_TEXTO_INTERNO,2
E14_PRE_31_088_099_00_17_003_2976_Mesa_3.pdf,SALONICA,I/O97oI/MvpHa4eLkAh0atlpD09/vcCa5aqVuraf+68=,SIN_TEXTO_INTERNO,2
E14_PRE_31_088_099_00_17_004_2976_Mesa_4.pdf,SALONICA,i5RmrkUGyr6bU8xa6AowBMlG8gm/2GzWY3ODvI85zaQ=,SIN_TEXTO_INTERNO,2
E14_PRE_31_088_099_00_17_005_2976_Mesa_5.pdf,SALONICA,B6JaZMkrJuo2ebQV7zkDF5qqxu7dDVvLR/wH3i+9GrY=,SIN_TEXTO_INTERNO,2
E14_PRE_31_088_099_00_17_006_2976_Mesa_6.pdf,SALONICA,sKNeX0I9JwJH8+6JHTRFMPbjPVBId3YB9E9ouRxB9FI=,SIN_TEXTO_INTERNO,2
E14_PRE_31_088_099_00_17_007_2976_Mesa_7.pdf,SALONICA,mNEGSOq79jNB7Nf/BZpRye32k2HSivD8d/aUHIP6HGo=,SIN_TEXTO_INTERNO,2
E14_PRE_31_088_099_00_17_008_2976_Mesa_8.pdf,SALONICA,NZCf3m8w0cgoDKWAk0yRmxwr0vsoTeCpgluBfWHjlfg=,SIN_TEXTO_INTERNO,2
E14_PRE_31_088_099_00_17_009_2976_Mesa_9.pdf,SALONICA,3MgTx+pU33ptQ01wW3y6F2sH+f+4MiNF+x2MQrzVWRw=,SIN_TEXTO_INTERNO,2
E14_PRE_31_088_099_00_17_010_2976_Mesa_10.pdf,SALONICA,T7ingplCnkxM7ezJofjQ+PWtZ6DgHUKPTuWQ10KovG0=,SIN_TEXTO_INTERNO,2
E14_PRE_31_088_099_00_17_011_2976_Mesa_11.pdf,SALONICA,IPsd5wjfARxvnNZOEp71mmCSV7PRjT7sMm7dJAT+qzk=,SIN_TEXTO_INTERNO,2
E14_PRE_11_088_099_00_24_001_5612_Mesa_1.pdf,SAMBONI,sI+FgOjsVUfJHNBFI7AW1g59nEmlYFU8hiQbHtMuHvg=,SIN_TEXTO_INTERNO,2
E14_PRE_11_088_099_00_24_002_5612_Mesa_2.pdf,SAMBONI,uQpwHCNnWMIUfPc2hrfiCfRmeidYyDLyqbPiw37c4oI=,SIN_TEXTO_INTERNO,2
E14_PRE_11_088_099_00_24_003_5612_Mesa_3.pdf,SAMBONI,mUmQqgwpMRV4atxqlkHYSbG3X9NUHlZGJszsfZWIyaE=,SIN_TEXTO_INTERNO,2
E14_PRE_23_088_099_00_17_001_2694_Mesa_1.pdf,SAN LUIS,vuXc8htthTN9fF+QCxHIfHO5tmyNWxhiKx2ITEnIaRI=,SIN_TEXTO_INTERNO,2
E14_PRE_23_088_099_00_20_001_2694_Mesa_1.pdf,SAN VICENTE DE AURORA,xlmzXXHpSlPh92OwkOyhZqt/QuCROH7wmThzVYxdLIY=,SIN_TEXTO_INTERNO,2
E14_PRE_16_001_018_18_12_001_6088_Mesa_1.pdf,SANTA LUCIA,MlmIP0GyNNnKqTfnx27Zlsc3veKeeiqTz4oVtlhqzRo=,SIN_TEXTO_INTERNO,2
E14_PRE_16_001_018_18_12_002_6088_Mesa_2.pdf,SANTA LUCIA,SEJFKYopduMZFWdrh/rPKINoHEGosfbjopPl6bA+lGU=,SIN_TEXTO_INTERNO,2
E14_PRE_16_001_018_18_12_003_6088_Mesa_3.pdf,SANTA LUCIA,17nNbX2rY5TGwFdttYhfAF4ky25wbzheC8glhU9sKt8=,SIN_TEXTO_INTERNO,2
E14_PRE_16_001_018_18_12_004_6088_Mesa_4.pdf,SANTA LUCIA,JZM0e8NBJaRiHH3+JTCJJ/mj8MmEYlsaqqOO5T4RccQ=,SIN_TEXTO_INTERNO,2
E14_PRE_16_001_018_18_12_005_6088_Mesa_5.pdf,SANTA LUCIA,kOdU/qACGGDHqL8Kk4iGNovZwOA3URhjW5XlMYwaIbA=,SIN_TEXTO_INTERNO,2
E14_PRE_16_001_018_18_12_006_6088_Mesa_6.pdf,SANTA LUCIA,VfqVqtjt+hO1pRZwNoYRH0y0EZgkcpKzDu7g3NxbizM=,SIN_TEXTO_INTERNO,2
E14_PRE_16_001_018_18_12_007_6088_Mesa_7.pdf,SANTA LUCIA,mk/HEvHg67NqbOvjvVBpRE+3/3KZ7BwDNLRIqGo/xtY=,SIN_TEXTO_INTERNO,2
E14_PRE_16_001_018_18_12_008_6088_Mesa_8.pdf,SANTA LUCIA,Hf1cwqbW9GE/MdBgFgg1ealu10WZkmLks5NgESl9YoI=,SIN_TEXTO_INTERNO,2
E14_PRE_16_001_018_18_12_009_6088_Mesa_9.pdf,SANTA LUCIA,dPRW7P8HTcCXFkt1n7aPW6kuZVbhAJGN6V8s4AwoZ9M=,SIN_TEXTO_INTERNO,2
E14_PRE_16_001_018_18_12_010_6088_Mesa_10.pdf,SANTA LUCIA,/QHlWT6qwXK8snE36BW4Chc4pBEn616VrJvYKWwQdik=,SIN_TEXTO_INTERNO,2
E14_PRE_16_001_018_18_12_011_6088_Mesa_11.pdf,SANTA LUCIA,Ncu8HaIBnKuOgIUo+hMVcAYbnMYas4yFL36Dv2hlzx4=,SIN_TEXTO_INTERNO,2
E14_PRE_16_001_018_18_12_012_6088_Mesa_12.pdf,SANTA LUCIA,dn3kZCf9PxeRm85uE4PU38i16bkian48PPgBJkXuleU=,SIN_TEXTO_INTERNO,2
E14_PRE_16_001_018_18_12_013_6088_Mesa_13.pdf,SANTA LUCIA,6Cmqwg0C0Xu9C+77X0xDaDdieQjrRqzezIP7quXEVH0=,SIN_TEXTO_INTERNO,2
E14_PRE_16_001_018_18_12_014_6088_Mesa_14.pdf,SANTA LUCIA,EkCu8ZA8iG2ttJuCVweLlO2WJZKPUwCc0yJ7AYjYUZg=,SIN_TEXTO_INTERNO,2
E14_PRE_16_001_018_18_12_015_6088_Mesa_15.pdf,SANTA LUCIA,YFRsmKK8IndgtVB0fQzC0hGCJIxkx0xw6ZVrIoYiSVM=,SIN_TEXTO_INTERNO,2
E14_PRE_16_001_018_18_12_016_6088_Mesa_16.pdf,SANTA LUCIA,O/y5Ba/Lpv4cQV2GYFsvl2olSaldc2Q7GcrDoYYXi7M=,SIN_TEXTO_INTERNO,2
E14_PRE_16_001_018_18_12_017_6088_Mesa_17.pdf,SANTA LUCIA,vT6LLM96yLM7VL1u1TlbaRvGhMXLMdVUuEV3ja13jhw=,SIN_TEXTO_INTERNO,2
E14_PRE_16_001_018_18_12_018_6088_Mesa_18.pdf,SANTA LUCIA,v1ajaCvTBpx8LSyfRyby7DCxVR5HkLPeohHDJpvK7xw=,SIN_TEXTO_INTERNO,2
E14_PRE_16_001_018_18_12_019_6088_Mesa_19.pdf,SANTA LUCIA,TeTSoV+muxaVPGYBYJ4iHDr7Zegiu/m4MKxgO3XdrA0=,SIN_TEXTO_INTERNO,2
E14_PRE_16_001_018_18_12_020_6088_Mesa_20.pdf,SANTA LUCIA,2lM8S3sVM9WBzqpEyTkYzk0gPNaIMESsFPmdV09BsiY=,SIN_TEXTO_INTERNO,2
E14_PRE_16_001_018_18_12_021_6088_Mesa_21.pdf,SANTA LUCIA,ksin9IVB2XnLcvNtIoJGcObsk8UFb9A/nmG0yu8wigg=,SIN_TEXTO_INTERNO,2
E14_PRE_16_001_018_18_12_022_6088_Mesa_22.pdf,SANTA LUCIA,gcGrr/l94IOn8yt5753t/qQGvVka9Z1tUpURIL0dNEQ=,SIN_TEXTO_INTERNO,2
E14_PRE_16_001_018_18_12_023_6088_Mesa_23.pdf,SANTA LUCIA,+F02QyJ+DtmA4mpoFw8CtmwESRNpP7tLeIswEyJC+po=,SIN_TEXTO_INTERNO,2
E14_PRE_16_001_018_18_12_024_6088_Mesa_24.pdf,SANTA LUCIA,YpFnu97PyMSk6BN/3nFByWyWxqiVHP0/pPoJ3yZprb4=,SIN_TEXTO_INTERNO,2
E14_PRE_16_001_018_18_12_025_6088_Mesa_25.pdf,SANTA LUCIA,r4576O/cSDbgVvvqCM5sD+msfpHmdihYhaOIX+Mhif4=,SIN_TEXTO_INTERNO,2
E14_PRE_23_088_099_00_19_001_2694_Mesa_1.pdf,SANTANDER (EL ROSARIO),/NotMsumiLvFMA2G5SQWusTO56lugVsqMURE+Gb+9Io=,SIN_TEXTO_INTERNO,2
E14_PRE_01_088_099_00_60_001_5157_Mesa_1.pdf,SD ALTO CACERI I.E.R. CACERI,DYAJ2a5YqqWodGEEJs+P21SdNqQJbKC7WfU91rHNROo=,SIN_TEXTO_INTERNO,2
E14_PRE_01_088_099_00_60_002_5157_Mesa_2.pdf,SD ALTO CACERI I.E.R. CACERI,c1IIoxt2QuDS9w/KLR/le+l5rRoSUXUyGYTT/lPrarY=,SIN_TEXTO_INTERNO,2
E14_PRE_01_088_099_00_40_001_5157_Mesa_1.pdf,SD CACERI I.E.R. CACERI,IH4LUIsYu0fMtAUdjLF51Rr14yzJV1j4zYtzIYaKbpM=,SIN_TEXTO_INTERNO,2
E14_PRE_01_088_099_00_40_002_5157_Mesa_2.pdf,SD CACERI I.E.R. CACERI,7keYzvQ7eR9D2V2XC4wMJWZm9ycZxGCYU/6yNmtr53c=,SIN_TEXTO_INTERNO,2
E14_PRE_01_088_099_00_40_003_5157_Mesa_3.pdf,SD CACERI I.E.R. CACERI,OPUuO3t5gTuyGO/iB+vUAJJnbPv5lH7B2yci/O8wL4g=,SIN_TEXTO_INTERNO,2
E14_PRE_01_088_002_00_06_001_5156_Mesa_1.pdf,SD CARACOLI I.E. DIVINO NIÑO,bNSQKtu6c5RYm1srxcoJUunxMfnIjfXx41el8MY6GAo=,SIN_TEXTO_INTERNO,2
E14_PRE_01_088_002_00_06_002_5156_Mesa_2.pdf,SD CARACOLI I.E. DIVINO NIÑO,lDOkMsTTIMcFv71uTOu7Pkz0J9aUJt7NMKHCHaOTvRI=,SIN_TEXTO_INTERNO,2
E14_PRE_01_088_002_00_06_003_5156_Mesa_3.pdf,SD CARACOLI I.E. DIVINO NIÑO,NO_DECODIFICADO,SIN_TEXTO_INTERNO,2
E14_PRE_01_088_002_00_06_004_5156_Mesa_4.pdf,SD CARACOLI I.E. DIVINO NIÑO,FmkXYeljzEsMA9qdllSNgQsSi39vfFZE7SkpUZtOIDY=,SIN_TEXTO_INTERNO,2
E14_PRE_01_088_002_00_06_005_5156_Mesa_5.pdf,SD CARACOLI I.E. DIVINO NIÑO,cAxxl/QWrMcUE39PxN3eo5eq4kkQEvR2+bbwrw0aPxw=,SIN_TEXTO_INTERNO,2
E14_PRE_01_088_002_00_06_006_5156_Mesa_6.pdf,SD CARACOLI I.E. DIVINO NIÑO,WHHRDmXuEHb688fG31ANmwXKW2dLICPcmYdGGJ3JqPs=,SIN_TEXTO_INTERNO,2
E14_PRE_01_088_002_00_06_007_5156_Mesa_7.pdf,SD CARACOLI I.E. DIVINO NIÑO,NO_DECODIFICADO,SIN_TEXTO_INTERNO,2
E14_PRE_01_088_002_00_06_008_5156_Mesa_8.pdf,SD CARACOLI I.E. DIVINO NIÑO,ZW/1kFeJLzUL/VuaA4qP6+C48U9CLTm0FsX4tGHZO18=,SIN_TEXTO_INTERNO,2
E14_PRE_01_088_002_00_06_009_5156_Mesa_9.pdf,SD CARACOLI I.E. DIVINO NIÑO,ksXicaHPo3A8tfcn02+eVTWjtbc4CVVLNEudDXfXj3c=,SIN_TEXTO_INTERNO,2
E14_PRE_01_088_002_00_06_010_5156_Mesa_10.pdf,SD CARACOLI I.E. DIVINO NIÑO,1U1TG5sUmmE0JIar9bXU67i32z+YCSnpThQrEKcPG84=,SIN_TEXTO_INTERNO,2
E14_PRE_01_088_002_00_06_011_5156_Mesa_11.pdf,SD CARACOLI I.E. DIVINO NIÑO,NO_DECODIFICADO,SIN_TEXTO_INTERNO,2
E14_PRE_01_088_002_00_06_012_5156_Mesa_12.pdf,SD CARACOLI I.E. DIVINO NIÑO,MaJHCHIW6hbi8Wj2b+IztseDGfS90j/0XfPLnPNojf0=,SIN_TEXTO_INTERNO,2
E14_PRE_01_088_002_00_06_013_5156_Mesa_13.pdf,SD CARACOLI I.E. DIVINO NIÑO,Z9LgBWSxCf/QEl3Ee5aMXtccM2DN16bg9UpbN8/nms0=,SIN_TEXTO_INTERNO,2
E14_PRE_01_088_099_00_10_001_5157_Mesa_1.pdf,SD LA ILUSION C.E.R SANTA ELENA,4EJXmnGDjOOol7r79diXJ5K7ASffxUDp/5EhIqwVFU4=,SIN_TEXTO_INTERNO,2
E14_PRE_01_088_099_00_25_001_5157_Mesa_1.pdf,SD RIVERAS DEL CAUCA CER SANTA ELENA,F6Z7EUpeTnkdmA0I2ze8j5uUOg3JYDXF2iNqmoytZoo=,SIN_TEXTO_INTERNO,2
E14_PRE_01_088_002_00_07_001_5157_Mesa_1.pdf,SD SAN JOSE I.E. DIVINO NIÑO,NO_DECODIFICADO,SIN_TEXTO_INTERNO,2
E14_PRE_01_088_002_00_07_002_5157_Mesa_2.pdf,SD SAN JOSE I.E. DIVINO NIÑO,NO_DECODIFICADO,SIN_TEXTO_INTERNO,2
E14_PRE_01_088_002_00_07_003_5157_Mesa_3.pdf,SD SAN JOSE I.E. DIVINO NIÑO,NO_DECODIFICADO,SIN_TEXTO_INTERNO,2
E14_PRE_01_088_002_00_07_004_5157_Mesa_4.pdf,SD SAN JOSE I.E. DIVINO NIÑO,NO_DECODIFICADO,SIN_TEXTO_INTERNO,2
E14_PRE_27_088_099_00_70_001_2821_Mesa_1.pdf,SUPATA,2Q8ecakUOkxuWXCepEKIblK8xFgH+JzkbE3U8POrYDs=,SIN_TEXTO_INTERNO,2
E14_PRE_23_088_099_00_21_001_2694_Mesa_1.pdf,TABUJITO,1mt2y5I8n1+IQdWS37hgQdVd0PkRXA3D+nLHfEPrugQ=,SIN_TEXTO_INTERNO,2
E14_PRE_23_088_099_00_25_001_2694_Mesa_1.pdf,TORTUGO,4XOqMh6HUVtC1T8qjvfY+TZROpxgsHFkXPxv23m5SZk= | 16972545,SIN_TEXTO_INTERNO,2
E14_PRE_11_088_099_00_25_001_5612_Mesa_1.pdf,URUBAMBA,8fJrjlIdcHDpvOUeiXbDbB5Uc3KcC4g6jQyeJ+WK/zc=,SIN_TEXTO_INTERNO,2
E14_PRE_11_088_099_00_25_002_5612_Mesa_2.pdf,URUBAMBA,Qevi9u3GjUswVLitbijdV8xGw+w89tchNixFLefzWEM=,SIN_TEXTO_INTERNO,2
E14_PRE_11_088_099_00_25_003_5612_Mesa_3.pdf,URUBAMBA,QfxzggJU5CS2Po3cuErYKKk1n+VFbew5+Vw4tnyXe7A=,SIN_TEXTO_INTERNO,2
